fecha,X2_treasury_10a
2011-01-03,3.334
2011-01-04,3.331
2011-01-05,3.467
2011-01-06,3.395
2011-01-07,3.326
2011-01-10,3.285
2011-01-11,3.341
2011-01-12,3.367
2011-01-13,3.299
2011-01-14,3.325
2011-01-17,3.331
2011-01-18,3.368
2011-01-19,3.341
2011-01-20,3.451
2011-01-21,3.406
2011-01-24,3.406
2011-01-25,3.33
2011-01-26,3.417
2011-01-27,3.389
2011-01-28,3.323
2011-01-31,3.372
2011-02-01,3.441
2011-02-02,3.479
2011-02-03,3.551
2011-02-04,3.638
2011-02-07,3.632
2011-02-08,3.739
2011-02-09,3.648
2011-02-10,3.698
2011-02-11,3.631
2011-02-14,3.621
2011-02-15,3.606
2011-02-16,3.621
2011-02-17,3.574
2011-02-18,3.582
2011-02-21,3.589
2011-02-22,3.455
2011-02-23,3.487
2011-02-24,3.45
2011-02-25,3.414
2011-02-28,3.429
2011-03-01,3.394
2011-03-02,3.472
2011-03-03,3.557
2011-03-04,3.492
2011-03-07,3.514
2011-03-08,3.55
2011-03-09,3.469
2011-03-10,3.36
2011-03-11,3.404
2011-03-14,3.358
2011-03-15,3.305
2011-03-16,3.172
2011-03-17,3.257
2011-03-18,3.27
2011-03-21,3.33
2011-03-22,3.328
2011-03-23,3.352
2011-03-24,3.406
2011-03-25,3.441
2011-03-28,3.433
2011-03-29,3.489
2011-03-30,3.437
2011-03-31,3.472
2011-04-01,3.444
2011-04-04,3.42
2011-04-05,3.481
2011-04-06,3.547
2011-04-07,3.547
2011-04-08,3.579
2011-04-11,3.587
2011-04-12,3.492
2011-04-13,3.46
2011-04-14,3.5
2011-04-15,3.41
2011-04-18,3.376
2011-04-19,3.365
2011-04-20,3.41
2011-04-21,3.398
2011-04-22,3.393
2011-04-25,3.365
2011-04-26,3.309
2011-04-27,3.357
2011-04-28,3.312
2011-04-29,3.288
2011-05-02,3.281
2011-05-03,3.249
2011-05-04,3.218
2011-05-05,3.152
2011-05-06,3.148
2011-05-09,3.162
2011-05-10,3.214
2011-05-11,3.16
2011-05-12,3.223
2011-05-13,3.171
2011-05-16,3.148
2011-05-17,3.117
2011-05-18,3.181
2011-05-19,3.172
2011-05-20,3.146
2011-05-23,3.13
2011-05-24,3.115
2011-05-25,3.131
2011-05-26,3.058
2011-05-27,3.074
2011-05-30,3.074
2011-05-31,3.062
2011-06-01,2.942
2011-06-02,3.031
2011-06-03,2.987
2011-06-06,2.996
2011-06-07,2.996
2011-06-08,2.94
2011-06-09,2.998
2011-06-10,2.97
2011-06-13,2.985
2011-06-14,3.098
2011-06-15,2.97
2011-06-16,2.928
2011-06-17,2.945
2011-06-20,2.959
2011-06-21,2.984
2011-06-22,2.983
2011-06-23,2.913
2011-06-24,2.864
2011-06-27,2.931
2011-06-28,3.032
2011-06-29,3.113
2011-06-30,3.161
2011-07-01,3.183
2011-07-04,3.183
2011-07-05,3.122
2011-07-06,3.109
2011-07-07,3.139
2011-07-08,3.028
2011-07-11,2.92
2011-07-12,2.878
2011-07-13,2.883
2011-07-14,2.954
2011-07-15,2.907
2011-07-18,2.929
2011-07-19,2.881
2011-07-20,2.928
2011-07-21,3.015
2011-07-22,2.963
2011-07-25,3.002
2011-07-26,2.954
2011-07-27,2.981
2011-07-28,2.946
2011-07-29,2.797
2011-08-01,2.745
2011-08-02,2.612
2011-08-03,2.621
2011-08-04,2.404
2011-08-05,2.56
2011-08-08,2.319
2011-08-09,2.25
2011-08-10,2.107
2011-08-11,2.34
2011-08-12,2.256
2011-08-15,2.306
2011-08-16,2.22
2011-08-17,2.166
2011-08-18,2.063
2011-08-19,2.064
2011-08-22,2.107
2011-08-23,2.154
2011-08-24,2.3
2011-08-25,2.23
2011-08-26,2.191
2011-08-29,2.257
2011-08-30,2.178
2011-08-31,2.224
2011-09-01,2.131
2011-09-02,1.989
2011-09-05,1.989
2011-09-06,1.985
2011-09-07,2.044
2011-09-08,1.98
2011-09-09,1.92
2011-09-12,1.948
2011-09-13,1.992
2011-09-14,1.985
2011-09-15,2.083
2011-09-16,2.049
2011-09-19,1.951
2011-09-20,1.939
2011-09-21,1.858
2011-09-22,1.719
2011-09-23,1.834
2011-09-26,1.901
2011-09-27,1.972
2011-09-28,1.981
2011-09-29,1.997
2011-09-30,1.916
2011-10-03,1.757
2011-10-04,1.822
2011-10-05,1.889
2011-10-06,1.988
2011-10-07,2.078
2011-10-10,2.078
2011-10-11,2.151
2011-10-12,2.211
2011-10-13,2.184
2011-10-14,2.249
2011-10-17,2.156
2011-10-18,2.178
2011-10-19,2.161
2011-10-20,2.19
2011-10-21,2.22
2011-10-24,2.234
2011-10-25,2.11
2011-10-26,2.205
2011-10-27,2.398
2011-10-28,2.318
2011-10-31,2.114
2011-11-01,1.99
2011-11-02,1.986
2011-11-03,2.074
2011-11-04,2.034
2011-11-07,2.038
2011-11-08,2.078
2011-11-09,1.962
2011-11-10,2.058
2011-11-11,2.058
2011-11-14,2.057
2011-11-15,2.046
2011-11-16,2.001
2011-11-17,1.961
2011-11-18,2.011
2011-11-21,1.956
2011-11-22,1.918
2011-11-23,1.885
2011-11-24,1.885
2011-11-25,1.965
2011-11-28,1.975
2011-11-29,1.992
2011-11-30,2.069
2011-12-01,2.088
2011-12-02,2.034
2011-12-05,2.044
2011-12-06,2.09
2011-12-07,2.03
2011-12-08,1.971
2011-12-09,2.062
2011-12-12,2.014
2011-12-13,1.966
2011-12-14,1.904
2011-12-15,1.909
2011-12-16,1.848
2011-12-19,1.81
2011-12-20,1.924
2011-12-21,1.968
2011-12-22,1.948
2011-12-23,2.025
2011-12-26,2.025
2011-12-27,2.006
2011-12-28,1.918
2011-12-29,1.9
2011-12-30,1.877
2012-01-02,1.877
2012-01-03,1.948
2012-01-04,1.978
2012-01-05,1.996
2012-01-06,1.959
2012-01-09,1.959
2012-01-10,1.969
2012-01-11,1.905
2012-01-12,1.924
2012-01-13,1.864
2012-01-16,1.864
2012-01-17,1.857
2012-01-18,1.899
2012-01-19,1.978
2012-01-20,2.025
2012-01-23,2.052
2012-01-24,2.061
2012-01-25,1.995
2012-01-26,1.932
2012-01-27,1.892
2012-01-30,1.845
2012-01-31,1.798
2012-02-01,1.827
2012-02-02,1.822
2012-02-03,1.923
2012-02-06,1.907
2012-02-07,1.974
2012-02-08,1.983
2012-02-09,2.037
2012-02-10,1.987
2012-02-13,1.975
2012-02-14,1.937
2012-02-15,1.928
2012-02-16,1.984
2012-02-17,2.003
2012-02-20,2.003
2012-02-21,2.06
2012-02-22,2.004
2012-02-23,1.997
2012-02-24,1.977
2012-02-27,1.926
2012-02-28,1.944
2012-02-29,1.972
2012-03-01,2.027
2012-03-02,1.975
2012-03-05,2.011
2012-03-06,1.944
2012-03-07,1.976
2012-03-08,2.013
2012-03-09,2.029
2012-03-12,2.034
2012-03-13,2.127
2012-03-14,2.27
2012-03-15,2.28
2012-03-16,2.295
2012-03-19,2.378
2012-03-20,2.36
2012-03-21,2.297
2012-03-22,2.279
2012-03-23,2.233
2012-03-26,2.249
2012-03-27,2.184
2012-03-28,2.201
2012-03-29,2.16
2012-03-30,2.211
2012-04-02,2.183
2012-04-03,2.301
2012-04-04,2.224
2012-04-05,2.181
2012-04-06,2.055
2012-04-09,2.048
2012-04-10,1.983
2012-04-11,2.036
2012-04-12,2.052
2012-04-13,1.983
2012-04-16,1.981
2012-04-17,1.999
2012-04-18,1.976
2012-04-19,1.967
2012-04-20,1.964
2012-04-23,1.936
2012-04-24,1.974
2012-04-25,1.985
2012-04-26,1.939
2012-04-27,1.936
2012-04-30,1.915
2012-05-01,1.944
2012-05-02,1.929
2012-05-03,1.932
2012-05-04,1.879
2012-05-07,1.872
2012-05-08,1.841
2012-05-09,1.824
2012-05-10,1.868
2012-05-11,1.838
2012-05-14,1.765
2012-05-15,1.769
2012-05-16,1.761
2012-05-17,1.698
2012-05-18,1.723
2012-05-21,1.742
2012-05-22,1.77
2012-05-23,1.735
2012-05-24,1.778
2012-05-25,1.739
2012-05-28,1.739
2012-05-29,1.746
2012-05-30,1.623
2012-05-31,1.559
2012-06-01,1.453
2012-06-04,1.525
2012-06-05,1.575
2012-06-06,1.66
2012-06-07,1.64
2012-06-08,1.636
2012-06-11,1.587
2012-06-12,1.665
2012-06-13,1.594
2012-06-14,1.643
2012-06-15,1.578
2012-06-18,1.575
2012-06-19,1.621
2012-06-20,1.658
2012-06-21,1.617
2012-06-22,1.675
2012-06-25,1.603
2012-06-26,1.627
2012-06-27,1.619
2012-06-28,1.578
2012-06-29,1.646
2012-07-02,1.589
2012-07-03,1.63
2012-07-04,1.63
2012-07-05,1.598
2012-07-06,1.55
2012-07-09,1.513
2012-07-10,1.502
2012-07-11,1.518
2012-07-12,1.475
2012-07-13,1.488
2012-07-16,1.473
2012-07-17,1.509
2012-07-18,1.495
2012-07-19,1.509
2012-07-20,1.458
2012-07-23,1.427
2012-07-24,1.388
2012-07-25,1.398
2012-07-26,1.439
2012-07-27,1.547
2012-07-30,1.503
2012-07-31,1.469
2012-08-01,1.525
2012-08-02,1.479
2012-08-03,1.564
2012-08-06,1.567
2012-08-07,1.629
2012-08-08,1.65
2012-08-09,1.689
2012-08-10,1.658
2012-08-13,1.665
2012-08-14,1.739
2012-08-15,1.816
2012-08-16,1.835
2012-08-17,1.811
2012-08-20,1.806
2012-08-21,1.799
2012-08-22,1.692
2012-08-23,1.679
2012-08-24,1.687
2012-08-27,1.651
2012-08-28,1.634
2012-08-29,1.651
2012-08-30,1.624
2012-08-31,1.549
2012-09-03,1.549
2012-09-04,1.573
2012-09-05,1.597
2012-09-06,1.679
2012-09-07,1.669
2012-09-10,1.655
2012-09-11,1.701
2012-09-12,1.758
2012-09-13,1.724
2012-09-14,1.867
2012-09-17,1.842
2012-09-18,1.809
2012-09-19,1.773
2012-09-20,1.765
2012-09-21,1.754
2012-09-24,1.71
2012-09-25,1.667
2012-09-26,1.61
2012-09-27,1.655
2012-09-28,1.634
2012-10-01,1.626
2012-10-02,1.621
2012-10-03,1.615
2012-10-04,1.674
2012-10-05,1.744
2012-10-08,1.744
2012-10-09,1.714
2012-10-10,1.675
2012-10-11,1.671
2012-10-12,1.657
2012-10-15,1.664
2012-10-16,1.719
2012-10-17,1.819
2012-10-18,1.835
2012-10-19,1.764
2012-10-22,1.814
2012-10-23,1.758
2012-10-24,1.79
2012-10-25,1.824
2012-10-26,1.746
2012-10-29,1.719
2012-10-30,1.719
2012-10-31,1.719
2012-11-01,1.691
2012-11-02,1.725
2012-11-05,1.716
2012-11-06,1.685
2012-11-07,1.752
2012-11-08,1.648
2012-11-09,1.616
2012-11-12,1.607
2012-11-13,1.607
2012-11-14,1.595
2012-11-15,1.592
2012-11-16,1.594
2012-11-19,1.581
2012-11-20,1.614
2012-11-21,1.667
2012-11-22,1.68
2012-11-23,1.68
2012-11-26,1.691
2012-11-27,1.663
2012-11-28,1.638
2012-11-29,1.629
2012-11-30,1.616
2012-12-03,1.616
2012-12-04,1.622
2012-12-05,1.604
2012-12-06,1.588
2012-12-07,1.587
2012-12-10,1.622
2012-12-11,1.617
2012-12-12,1.655
2012-12-13,1.699
2012-12-14,1.731
2012-12-17,1.702
2012-12-18,1.773
2012-12-19,1.818
2012-12-20,1.802
2012-12-21,1.797
2012-12-24,1.764
2012-12-25,1.775
2012-12-26,1.775
2012-12-27,1.752
2012-12-28,1.737
2012-12-31,1.702
2013-01-01,
2013-01-02,1.758
2013-01-03,1.838
2013-01-04,1.913
2013-01-07,1.9
2013-01-08,1.898
2013-01-09,1.869
2013-01-10,1.858
2013-01-11,1.897
2013-01-14,1.869
2013-01-15,1.846
2013-01-16,1.837
2013-01-17,1.819
2013-01-18,1.88
2013-01-21,
2013-01-22,1.843
2013-01-23,1.843
2013-01-24,1.825
2013-01-25,1.851
2013-01-28,1.95
2013-01-29,1.962
2013-01-30,2.0
2013-01-31,1.993
2013-02-01,1.986
2013-02-04,2.016
2013-02-05,1.956
2013-02-06,1.999
2013-02-07,1.961
2013-02-08,1.958
2013-02-11,1.951
2013-02-12,1.964
2013-02-13,1.978
2013-02-14,2.029
2013-02-15,1.998
2013-02-18,
2013-02-19,2.003
2013-02-20,2.029
2013-02-21,2.01
2013-02-22,1.977
2013-02-25,1.963
2013-02-26,1.865
2013-02-27,1.882
2013-02-28,1.902
2013-03-01,1.876
2013-03-04,1.842
2013-03-05,1.876
2013-03-06,1.899
2013-03-07,1.938
2013-03-08,1.997
2013-03-11,2.044
2013-03-12,2.058
2013-03-13,2.017
2013-03-14,2.022
2013-03-15,2.03
2013-03-18,1.99
2013-03-19,1.956
2013-03-20,1.903
2013-03-21,1.959
2013-03-22,1.912
2013-03-25,1.926
2013-03-26,1.921
2013-03-27,1.91
2013-03-28,1.846
2013-03-29,
2013-04-01,1.85
2013-04-02,1.832
2013-04-03,1.86
2013-04-04,1.812
2013-04-05,1.763
2013-04-08,1.714
2013-04-09,1.747
2013-04-10,1.751
2013-04-11,1.804
2013-04-12,1.79
2013-04-15,1.722
2013-04-16,1.681
2013-04-17,1.723
2013-04-18,1.696
2013-04-19,1.686
2013-04-22,1.706
2013-04-23,1.694
2013-04-24,1.707
2013-04-25,1.706
2013-04-26,1.709
2013-04-29,1.664
2013-04-30,1.671
2013-05-01,1.673
2013-05-02,1.63
2013-05-03,1.626
2013-05-06,1.739
2013-05-07,1.76
2013-05-08,1.779
2013-05-09,1.767
2013-05-10,1.812
2013-05-13,1.898
2013-05-14,1.921
2013-05-15,1.975
2013-05-16,1.936
2013-05-17,1.882
2013-05-20,1.951
2013-05-21,1.966
2013-05-22,1.927
2013-05-23,2.04
2013-05-24,2.017
2013-05-27,2.009
2013-05-28,2.009
2013-05-29,2.166
2013-05-30,2.116
2013-05-31,2.112
2013-06-03,2.129
2013-06-04,2.12
2013-06-05,2.147
2013-06-06,2.09
2013-06-07,2.078
2013-06-10,2.173
2013-06-11,2.211
2013-06-12,2.186
2013-06-13,2.229
2013-06-14,2.15
2013-06-17,2.13
2013-06-18,2.183
2013-06-19,2.186
2013-06-20,2.354
2013-06-21,2.415
2013-06-24,2.532
2013-06-25,2.538
2013-06-26,2.609
2013-06-27,2.536
2013-06-28,2.473
2013-07-01,2.487
2013-07-02,2.477
2013-07-03,2.47
2013-07-04,2.504
2013-07-05,2.504
2013-07-08,2.74
2013-07-09,2.637
2013-07-10,2.635
2013-07-11,2.625
2013-07-12,2.573
2013-07-15,2.583
2013-07-16,2.538
2013-07-17,2.533
2013-07-18,2.49
2013-07-19,2.529
2013-07-22,2.485
2013-07-23,2.481
2013-07-24,2.506
2013-07-25,2.589
2013-07-26,2.572
2013-07-29,2.563
2013-07-30,2.603
2013-07-31,2.611
2013-08-01,2.577
2013-08-02,2.707
2013-08-05,2.597
2013-08-06,2.634
2013-08-07,2.643
2013-08-08,2.6
2013-08-09,2.59
2013-08-12,2.579
2013-08-13,2.621
2013-08-14,2.72
2013-08-15,2.714
2013-08-16,2.767
2013-08-19,2.826
2013-08-20,2.881
2013-08-21,2.815
2013-08-22,2.894
2013-08-23,2.885
2013-08-26,2.815
2013-08-27,2.786
2013-08-28,2.71
2013-08-29,2.766
2013-08-30,2.763
2013-09-02,2.785
2013-09-03,2.785
2013-09-04,2.859
2013-09-05,2.898
2013-09-06,2.995
2013-09-09,2.965
2013-09-10,2.913
2013-09-11,2.965
2013-09-12,2.913
2013-09-13,2.91
2013-09-16,2.886
2013-09-17,2.865
2013-09-18,2.848
2013-09-19,2.689
2013-09-20,2.753
2013-09-23,2.735
2013-09-24,2.701
2013-09-25,2.656
2013-09-26,2.629
2013-09-27,2.651
2013-09-30,2.625
2013-10-01,2.611
2013-10-02,2.651
2013-10-03,2.618
2013-10-04,2.605
2013-10-07,2.646
2013-10-08,2.627
2013-10-09,2.633
2013-10-10,2.664
2013-10-11,2.682
2013-10-14,2.688
2013-10-15,2.688
2013-10-16,2.729
2013-10-17,2.664
2013-10-18,2.59
2013-10-21,2.579
2013-10-22,2.602
2013-10-23,2.513
2013-10-24,2.502
2013-10-25,2.521
2013-10-28,2.51
2013-10-29,2.524
2013-10-30,2.504
2013-10-31,2.539
2013-11-01,2.555
2013-11-04,2.623
2013-11-05,2.604
2013-11-06,2.671
2013-11-07,2.643
2013-11-08,2.601
2013-11-11,2.749
2013-11-12,2.749
2013-11-13,2.774
2013-11-14,2.7
2013-11-15,2.691
2013-11-18,2.704
2013-11-19,2.667
2013-11-20,2.708
2013-11-21,2.8
2013-11-22,2.785
2013-11-25,2.744
2013-11-26,2.729
2013-11-27,2.709
2013-11-28,2.738
2013-11-29,2.738
2013-12-02,2.745
2013-12-03,2.796
2013-12-04,2.783
2013-12-05,2.835
2013-12-06,2.873
2013-12-09,2.856
2013-12-10,2.84
2013-12-11,2.802
2013-12-12,2.854
2013-12-13,2.878
2013-12-16,2.866
2013-12-17,2.879
2013-12-18,2.836
2013-12-19,2.894
2013-12-20,2.93
2013-12-23,2.89
2013-12-24,2.928
2013-12-25,2.979
2013-12-26,2.979
2013-12-27,2.991
2013-12-30,3.001
2013-12-31,2.971
2014-01-01,3.029
2014-01-02,3.029
2014-01-03,2.99
2014-01-06,2.996
2014-01-07,2.959
2014-01-08,2.94
2014-01-09,2.99
2014-01-10,2.966
2014-01-13,2.859
2014-01-14,2.827
2014-01-15,2.872
2014-01-16,2.892
2014-01-17,2.842
2014-01-20,2.82
2014-01-21,2.82
2014-01-22,2.83
2014-01-23,2.866
2014-01-24,2.778
2014-01-27,2.716
2014-01-28,2.749
2014-01-29,2.75
2014-01-30,2.678
2014-01-31,2.696
2014-02-03,2.645
2014-02-04,2.577
2014-02-05,2.63
2014-02-06,2.668
2014-02-07,2.701
2014-02-10,2.684
2014-02-11,2.668
2014-02-12,2.726
2014-02-13,2.762
2014-02-14,2.733
2014-02-17,2.744
2014-02-18,2.744
2014-02-19,2.708
2014-02-20,2.74
2014-02-21,2.752
2014-02-24,2.732
2014-02-25,2.739
2014-02-26,2.703
2014-02-27,2.666
2014-02-28,2.64
2014-03-03,2.648
2014-03-04,2.602
2014-03-05,2.699
2014-03-06,2.706
2014-03-07,2.738
2014-03-10,2.789
2014-03-11,2.778
2014-03-12,2.769
2014-03-13,2.731
2014-03-14,2.645
2014-03-17,2.655
2014-03-18,2.693
2014-03-19,2.673
2014-03-20,2.773
2014-03-21,2.773
2014-03-24,2.743
2014-03-25,2.729
2014-03-26,2.749
2014-03-27,2.693
2014-03-28,2.682
2014-03-31,2.722
2014-04-01,2.719
2014-04-02,2.753
2014-04-03,2.805
2014-04-04,2.798
2014-04-07,2.722
2014-04-08,2.701
2014-04-09,2.682
2014-04-10,2.691
2014-04-11,2.648
2014-04-14,2.626
2014-04-15,2.648
2014-04-16,2.629
2014-04-17,2.629
2014-04-18,2.722
2014-04-21,2.722
2014-04-22,2.716
2014-04-23,2.711
2014-04-24,2.7
2014-04-25,2.681
2014-04-28,2.663
2014-04-29,2.701
2014-04-30,2.692
2014-05-01,2.647
2014-05-02,2.614
2014-05-05,2.585
2014-05-06,2.608
2014-05-07,2.592
2014-05-08,2.589
2014-05-09,2.617
2014-05-12,2.624
2014-05-13,2.662
2014-05-14,2.61
2014-05-15,2.544
2014-05-16,2.49
2014-05-19,2.524
2014-05-20,2.545
2014-05-21,2.512
2014-05-22,2.533
2014-05-23,2.551
2014-05-26,2.533
2014-05-27,2.533
2014-05-28,2.515
2014-05-29,2.444
2014-05-30,2.465
2014-06-02,2.477
2014-06-03,2.528
2014-06-04,2.599
2014-06-05,2.603
2014-06-06,2.583
2014-06-09,2.588
2014-06-10,2.604
2014-06-11,2.645
2014-06-12,2.64
2014-06-13,2.596
2014-06-16,2.604
2014-06-17,2.598
2014-06-18,2.653
2014-06-19,2.585
2014-06-20,2.621
2014-06-23,2.606
2014-06-24,2.627
2014-06-25,2.579
2014-06-26,2.56
2014-06-27,2.529
2014-06-30,2.535
2014-07-01,2.531
2014-07-02,2.566
2014-07-03,2.627
2014-07-04,2.639
2014-07-07,2.639
2014-07-08,2.612
2014-07-09,2.557
2014-07-10,2.551
2014-07-11,2.537
2014-07-14,2.517
2014-07-15,2.548
2014-07-16,2.548
2014-07-17,2.527
2014-07-18,2.447
2014-07-21,2.482
2014-07-22,2.468
2014-07-23,2.461
2014-07-24,2.466
2014-07-25,2.503
2014-07-28,2.466
2014-07-29,2.486
2014-07-30,2.461
2014-07-31,2.558
2014-08-01,2.559
2014-08-04,2.493
2014-08-05,2.483
2014-08-06,2.485
2014-08-07,2.472
2014-08-08,2.412
2014-08-11,2.421
2014-08-12,2.428
2014-08-13,2.45
2014-08-14,2.418
2014-08-15,2.402
2014-08-18,2.341
2014-08-19,2.394
2014-08-20,2.401
2014-08-21,2.427
2014-08-22,2.408
2014-08-25,2.403
2014-08-26,2.383
2014-08-27,2.397
2014-08-28,2.358
2014-08-29,2.337
2014-09-01,2.344
2014-09-02,2.344
2014-09-03,2.422
2014-09-04,2.397
2014-09-05,2.451
2014-09-08,2.46
2014-09-09,2.472
2014-09-10,2.504
2014-09-11,2.542
2014-09-12,2.551
2014-09-15,2.611
2014-09-16,2.59
2014-09-17,2.593
2014-09-18,2.621
2014-09-19,2.615
2014-09-22,2.575
2014-09-23,2.565
2014-09-24,2.528
2014-09-25,2.565
2014-09-26,2.503
2014-09-29,2.529
2014-09-30,2.478
2014-10-01,2.49
2014-10-02,2.386
2014-10-03,2.426
2014-10-06,2.435
2014-10-07,2.421
2014-10-08,2.34
2014-10-09,2.322
2014-10-10,2.314
2014-10-13,2.281
2014-10-14,2.281
2014-10-15,2.198
2014-10-16,2.137
2014-10-17,2.157
2014-10-20,2.194
2014-10-21,2.192
2014-10-22,2.223
2014-10-23,2.217
2014-10-24,2.272
2014-10-27,2.269
2014-10-28,2.261
2014-10-29,2.297
2014-10-30,2.318
2014-10-31,2.306
2014-11-03,2.336
2014-11-04,2.343
2014-11-05,2.334
2014-11-06,2.343
2014-11-07,2.387
2014-11-10,2.298
2014-11-11,2.361
2014-11-12,2.361
2014-11-13,2.372
2014-11-14,2.341
2014-11-17,2.321
2014-11-18,2.341
2014-11-19,2.316
2014-11-20,2.36
2014-11-21,2.338
2014-11-24,2.311
2014-11-25,2.307
2014-11-26,2.258
2014-11-27,2.246
2014-11-28,2.246
2014-12-01,2.165
2014-12-02,2.236
2014-12-03,2.293
2014-12-04,2.281
2014-12-05,2.235
2014-12-08,2.307
2014-12-09,2.258
2014-12-10,2.214
2014-12-11,2.165
2014-12-12,2.163
2014-12-15,2.083
2014-12-16,2.119
2014-12-17,2.06
2014-12-18,2.137
2014-12-19,2.208
2014-12-22,2.163
2014-12-23,2.159
2014-12-24,2.262
2014-12-25,2.264
2014-12-26,2.264
2014-12-29,2.251
2014-12-30,2.203
2014-12-31,2.188
2015-01-01,
2015-01-02,2.172
2015-01-05,2.172
2015-01-06,2.033
2015-01-07,2.033
2015-01-08,1.969
2015-01-09,1.969
2015-01-12,1.946
2015-01-13,1.946
2015-01-14,1.901
2015-01-15,1.901
2015-01-16,1.716
2015-01-19,1.716
2015-01-20,1.838
2015-01-21,1.838
2015-01-22,1.873
2015-01-23,1.873
2015-01-26,1.798
2015-01-27,1.798
2015-01-28,1.824
2015-01-29,1.824
2015-01-30,1.752
2015-02-02,1.752
2015-02-03,1.665
2015-02-04,1.665
2015-02-05,1.752
2015-02-06,1.752
2015-02-09,1.958
2015-02-10,1.958
2015-02-11,1.998
2015-02-12,1.998
2015-02-13,2.018
2015-02-16,1.985
2015-02-17,2.051
2015-02-18,2.051
2015-02-19,2.139
2015-02-20,2.081
2015-02-23,2.115
2015-02-24,2.113
2015-02-25,2.058
2015-02-26,1.981
2015-02-27,1.97
2015-03-02,2.03
2015-03-03,1.994
2015-03-04,2.083
2015-03-05,2.12
2015-03-06,2.118
2015-03-09,2.116
2015-03-10,2.242
2015-03-11,2.192
2015-03-12,2.131
2015-03-13,2.109
2015-03-16,2.117
2015-03-17,2.115
2015-03-18,2.073
2015-03-19,2.051
2015-03-20,1.921
2015-03-23,1.969
2015-03-24,1.931
2015-03-25,1.912
2015-03-26,1.874
2015-03-27,1.926
2015-03-30,1.99
2015-03-31,1.962
2015-04-01,1.948
2015-04-02,1.924
2015-04-03,1.858
2015-04-06,1.912
2015-04-07,1.84
2015-04-08,1.896
2015-04-09,1.886
2015-04-10,1.906
2015-04-13,1.96
2015-04-14,1.948
2015-04-15,1.928
2015-04-16,1.899
2015-04-17,1.889
2015-04-20,1.891
2015-04-21,1.866
2015-04-22,1.89
2015-04-23,1.91
2015-04-24,1.98
2015-04-27,1.959
2015-04-28,1.909
2015-04-29,1.922
2015-04-30,2.004
2015-05-01,2.04
2015-05-04,2.033
2015-05-05,2.114
2015-05-06,2.145
2015-05-07,2.186
2015-05-08,2.244
2015-05-11,2.181
2015-05-12,2.149
2015-05-13,2.281
2015-05-14,2.25
2015-05-15,2.294
2015-05-18,2.235
2015-05-19,2.289
2015-05-20,2.249
2015-05-21,2.191
2015-05-22,2.21
2015-05-25,2.21
2015-05-26,2.14
2015-05-27,2.129
2015-05-28,2.136
2015-05-29,2.122
2015-06-01,2.18
2015-06-02,2.263
2015-06-03,2.365
2015-06-04,2.308
2015-06-05,2.408
2015-06-08,2.383
2015-06-09,2.439
2015-06-10,2.485
2015-06-11,2.378
2015-06-12,2.393
2015-06-15,2.357
2015-06-16,2.31
2015-06-17,2.317
2015-06-18,2.335
2015-06-19,2.259
2015-06-22,2.373
2015-06-23,2.41
2015-06-24,2.368
2015-06-25,2.41
2015-06-26,2.474
2015-06-29,2.325
2015-06-30,2.354
2015-07-01,2.423
2015-07-02,2.383
2015-07-03,2.383
2015-07-06,2.286
2015-07-07,2.259
2015-07-08,2.193
2015-07-09,2.322
2015-07-10,2.398
2015-07-13,2.435
2015-07-14,2.402
2015-07-15,2.353
2015-07-16,2.351
2015-07-17,2.348
2015-07-20,2.377
2015-07-21,2.326
2015-07-22,2.324
2015-07-23,2.269
2015-07-24,2.263
2015-07-27,2.218
2015-07-28,2.251
2015-07-29,2.287
2015-07-30,2.26
2015-07-31,2.181
2015-08-03,2.149
2015-08-04,2.222
2015-08-05,2.271
2015-08-06,2.222
2015-08-07,2.163
2015-08-10,2.228
2015-08-11,2.142
2015-08-12,2.149
2015-08-13,2.186
2015-08-14,2.199
2015-08-17,2.163
2015-08-18,2.193
2015-08-19,2.126
2015-08-20,2.069
2015-08-21,2.037
2015-08-24,2.004
2015-08-25,2.072
2015-08-26,2.176
2015-08-27,2.185
2015-08-28,2.182
2015-08-31,2.219
2015-09-01,2.153
2015-09-02,2.185
2015-09-03,2.16
2015-09-04,2.125
2015-09-07,2.125
2015-09-08,2.184
2015-09-09,2.202
2015-09-10,2.223
2015-09-11,2.189
2015-09-14,2.184
2015-09-15,2.288
2015-09-16,2.295
2015-09-17,2.284
2015-09-18,2.134
2015-09-21,2.202
2015-09-22,2.135
2015-09-23,2.151
2015-09-24,2.128
2015-09-25,2.163
2015-09-28,2.096
2015-09-29,2.052
2015-09-30,2.038
2015-10-01,2.038
2015-10-02,1.994
2015-10-05,2.057
2015-10-06,2.032
2015-10-07,2.068
2015-10-08,2.105
2015-10-09,2.089
2015-10-12,2.089
2015-10-13,2.045
2015-10-14,1.973
2015-10-15,2.022
2015-10-16,2.034
2015-10-19,2.024
2015-10-20,2.068
2015-10-21,2.024
2015-10-22,2.027
2015-10-23,2.088
2015-10-26,2.057
2015-10-27,2.038
2015-10-28,2.102
2015-10-29,2.173
2015-10-30,2.143
2015-11-02,2.172
2015-11-03,2.211
2015-11-04,2.226
2015-11-05,2.233
2015-11-06,2.326
2015-11-09,2.344
2015-11-10,2.343
2015-11-11,2.333
2015-11-12,2.312
2015-11-13,2.267
2015-11-16,2.268
2015-11-17,2.267
2015-11-18,2.274
2015-11-19,2.249
2015-11-20,2.263
2015-11-23,2.239
2015-11-24,2.239
2015-11-25,2.235
2015-11-26,2.235
2015-11-27,2.221
2015-11-30,2.207
2015-12-01,2.144
2015-12-02,2.181
2015-12-03,2.314
2015-12-04,2.27
2015-12-07,2.23
2015-12-08,2.219
2015-12-09,2.217
2015-12-10,2.231
2015-12-11,2.128
2015-12-14,2.223
2015-12-15,2.267
2015-12-16,2.297
2015-12-17,2.224
2015-12-18,2.205
2015-12-21,2.193
2015-12-22,2.237
2015-12-23,2.254
2015-12-24,2.242
2015-12-25,2.242
2015-12-28,2.231
2015-12-29,2.306
2015-12-30,2.295
2015-12-31,2.27
2016-01-01,
2016-01-04,2.244
2016-01-05,2.237
2016-01-06,2.171
2016-01-07,2.146
2016-01-08,2.116
2016-01-11,2.176
2016-01-12,2.104
2016-01-13,2.094
2016-01-14,2.088
2016-01-15,2.036
2016-01-18,2.036
2016-01-19,2.057
2016-01-20,1.983
2016-01-21,2.032
2016-01-22,2.053
2016-01-25,2.002
2016-01-26,1.995
2016-01-27,2.0
2016-01-28,1.979
2016-01-29,1.922
2016-02-01,1.949
2016-02-02,1.846
2016-02-03,1.887
2016-02-04,1.84
2016-02-05,1.837
2016-02-08,1.749
2016-02-09,1.727
2016-02-10,1.669
2016-02-11,1.66
2016-02-12,1.749
2016-02-15,1.749
2016-02-16,1.773
2016-02-17,1.82
2016-02-18,1.74
2016-02-19,1.746
2016-02-22,1.753
2016-02-23,1.723
2016-02-24,1.749
2016-02-25,1.717
2016-02-26,1.763
2016-02-29,1.736
2016-03-01,1.826
2016-03-02,1.841
2016-03-03,1.835
2016-03-04,1.875
2016-03-07,1.907
2016-03-08,1.83
2016-03-09,1.877
2016-03-10,1.933
2016-03-11,1.985
2016-03-14,1.96
2016-03-15,1.971
2016-03-16,1.909
2016-03-17,1.897
2016-03-18,1.874
2016-03-21,1.916
2016-03-22,1.941
2016-03-23,1.88
2016-03-24,1.901
2016-03-25,1.901
2016-03-28,1.887
2016-03-29,1.804
2016-03-30,1.824
2016-03-31,1.77
2016-04-01,1.771
2016-04-04,1.763
2016-04-05,1.721
2016-04-06,1.756
2016-04-07,1.69
2016-04-08,1.718
2016-04-11,1.726
2016-04-12,1.777
2016-04-13,1.765
2016-04-14,1.793
2016-04-15,1.753
2016-04-18,1.772
2016-04-19,1.786
2016-04-20,1.846
2016-04-21,1.862
2016-04-22,1.889
2016-04-25,1.914
2016-04-26,1.928
2016-04-27,1.852
2016-04-28,1.825
2016-04-29,1.834
2016-05-02,1.873
2016-05-03,1.797
2016-05-04,1.776
2016-05-05,1.746
2016-05-06,1.78
2016-05-09,1.752
2016-05-10,1.762
2016-05-11,1.738
2016-05-12,1.752
2016-05-13,1.701
2016-05-16,1.754
2016-05-17,1.773
2016-05-18,1.855
2016-05-19,1.85
2016-05-20,1.839
2016-05-23,1.836
2016-05-24,1.864
2016-05-25,1.867
2016-05-26,1.829
2016-05-27,1.852
2016-05-30,1.852
2016-05-31,1.847
2016-06-01,1.836
2016-06-02,1.8
2016-06-03,1.701
2016-06-06,1.738
2016-06-07,1.719
2016-06-08,1.703
2016-06-09,1.688
2016-06-10,1.641
2016-06-13,1.61
2016-06-14,1.614
2016-06-15,1.573
2016-06-16,1.58
2016-06-17,1.609
2016-06-20,1.689
2016-06-21,1.707
2016-06-22,1.686
2016-06-23,1.747
2016-06-24,1.561
2016-06-27,1.439
2016-06-28,1.467
2016-06-29,1.516
2016-06-30,1.471
2016-07-01,1.445
2016-07-04,1.445
2016-07-05,1.376
2016-07-06,1.369
2016-07-07,1.386
2016-07-08,1.359
2016-07-11,1.431
2016-07-12,1.511
2016-07-13,1.475
2016-07-14,1.536
2016-07-15,1.552
2016-07-18,1.583
2016-07-19,1.553
2016-07-20,1.581
2016-07-21,1.557
2016-07-22,1.567
2016-07-25,1.574
2016-07-26,1.562
2016-07-27,1.498
2016-07-28,1.505
2016-07-29,1.454
2016-08-01,1.522
2016-08-02,1.557
2016-08-03,1.543
2016-08-04,1.502
2016-08-05,1.589
2016-08-08,1.593
2016-08-09,1.548
2016-08-10,1.508
2016-08-11,1.56
2016-08-12,1.514
2016-08-15,1.558
2016-08-16,1.575
2016-08-17,1.55
2016-08-18,1.536
2016-08-19,1.579
2016-08-22,1.543
2016-08-23,1.547
2016-08-24,1.562
2016-08-25,1.574
2016-08-26,1.63
2016-08-29,1.56
2016-08-30,1.567
2016-08-31,1.581
2016-09-01,1.569
2016-09-02,1.603
2016-09-05,1.603
2016-09-06,1.535
2016-09-07,1.54
2016-09-08,1.6
2016-09-09,1.676
2016-09-12,1.664
2016-09-13,1.728
2016-09-14,1.698
2016-09-15,1.692
2016-09-16,1.693
2016-09-19,1.713
2016-09-20,1.69
2016-09-21,1.652
2016-09-22,1.619
2016-09-23,1.619
2016-09-26,1.585
2016-09-27,1.557
2016-09-28,1.573
2016-09-29,1.561
2016-09-30,1.595
2016-10-03,1.623
2016-10-04,1.687
2016-10-05,1.703
2016-10-06,1.738
2016-10-07,1.719
2016-10-10,1.719
2016-10-11,1.765
2016-10-12,1.77
2016-10-13,1.742
2016-10-14,1.799
2016-10-17,1.767
2016-10-18,1.739
2016-10-19,1.744
2016-10-20,1.757
2016-10-21,1.736
2016-10-24,1.766
2016-10-25,1.757
2016-10-26,1.794
2016-10-27,1.855
2016-10-28,1.848
2016-10-31,1.826
2016-11-01,1.828
2016-11-02,1.803
2016-11-03,1.812
2016-11-04,1.777
2016-11-07,1.827
2016-11-08,1.856
2016-11-09,2.058
2016-11-10,2.151
2016-11-11,2.151
2016-11-14,2.262
2016-11-15,2.22
2016-11-16,2.223
2016-11-17,2.304
2016-11-18,2.356
2016-11-21,2.316
2016-11-22,2.313
2016-11-23,2.351
2016-11-24,2.351
2016-11-25,2.358
2016-11-28,2.313
2016-11-29,2.292
2016-11-30,2.382
2016-12-01,2.449
2016-12-02,2.384
2016-12-05,2.395
2016-12-06,2.39
2016-12-07,2.341
2016-12-08,2.408
2016-12-09,2.468
2016-12-12,2.472
2016-12-13,2.472
2016-12-14,2.572
2016-12-15,2.598
2016-12-16,2.593
2016-12-19,2.539
2016-12-20,2.56
2016-12-21,2.536
2016-12-22,2.552
2016-12-23,2.538
2016-12-26,2.538
2016-12-27,2.561
2016-12-28,2.509
2016-12-29,2.476
2016-12-30,2.445
2017-01-02,2.445
2017-01-03,2.445
2017-01-04,2.44
2017-01-05,2.345
2017-01-06,2.42
2017-01-09,2.366
2017-01-10,2.377
2017-01-11,2.373
2017-01-12,2.364
2017-01-13,2.397
2017-01-16,2.397
2017-01-17,2.326
2017-01-18,2.43
2017-01-19,2.475
2017-01-20,2.468
2017-01-23,2.398
2017-01-24,2.466
2017-01-25,2.513
2017-01-26,2.505
2017-01-27,2.485
2017-01-30,2.489
2017-01-31,2.454
2017-02-01,2.471
2017-02-02,2.475
2017-02-03,2.466
2017-02-06,2.409
2017-02-07,2.394
2017-02-08,2.337
2017-02-09,2.396
2017-02-10,2.408
2017-02-13,2.437
2017-02-14,2.471
2017-02-15,2.494
2017-02-16,2.448
2017-02-17,2.416
2017-02-20,2.416
2017-02-21,2.43
2017-02-22,2.414
2017-02-23,2.373
2017-02-24,2.313
2017-02-27,2.366
2017-02-28,2.391
2017-03-01,2.454
2017-03-02,2.479
2017-03-03,2.479
2017-03-06,2.501
2017-03-07,2.519
2017-03-08,2.561
2017-03-09,2.606
2017-03-10,2.575
2017-03-13,2.627
2017-03-14,2.601
2017-03-15,2.494
2017-03-16,2.541
2017-03-17,2.501
2017-03-20,2.462
2017-03-21,2.418
2017-03-22,2.406
2017-03-23,2.42
2017-03-24,2.413
2017-03-27,2.379
2017-03-28,2.419
2017-03-29,2.377
2017-03-30,2.421
2017-03-31,2.388
2017-04-03,2.32
2017-04-04,2.361
2017-04-05,2.336
2017-04-06,2.342
2017-04-07,2.383
2017-04-10,2.367
2017-04-11,2.297
2017-04-12,2.24
2017-04-13,2.238
2017-04-14,2.238
2017-04-17,2.251
2017-04-18,2.169
2017-04-19,2.215
2017-04-20,2.233
2017-04-21,2.249
2017-04-24,2.274
2017-04-25,2.333
2017-04-26,2.304
2017-04-27,2.295
2017-04-28,2.281
2017-05-01,2.319
2017-05-02,2.281
2017-05-03,2.319
2017-05-04,2.355
2017-05-05,2.35
2017-05-08,2.388
2017-05-09,2.399
2017-05-10,2.415
2017-05-11,2.388
2017-05-12,2.327
2017-05-15,2.344
2017-05-16,2.327
2017-05-17,2.225
2017-05-18,2.23
2017-05-19,2.235
2017-05-22,2.255
2017-05-23,2.281
2017-05-24,2.251
2017-05-25,2.256
2017-05-26,2.247
2017-05-29,2.247
2017-05-30,2.211
2017-05-31,2.204
2017-06-01,2.212
2017-06-02,2.16
2017-06-05,2.183
2017-06-06,2.146
2017-06-07,2.174
2017-06-08,2.189
2017-06-09,2.201
2017-06-12,2.215
2017-06-13,2.212
2017-06-14,2.126
2017-06-15,2.165
2017-06-16,2.152
2017-06-19,2.19
2017-06-20,2.157
2017-06-21,2.164
2017-06-22,2.149
2017-06-23,2.143
2017-06-26,2.138
2017-06-27,2.206
2017-06-28,2.229
2017-06-29,2.267
2017-06-30,2.305
2017-07-03,2.351
2017-07-04,2.351
2017-07-05,2.324
2017-07-06,2.367
2017-07-07,2.386
2017-07-10,2.374
2017-07-11,2.361
2017-07-12,2.319
2017-07-13,2.345
2017-07-14,2.333
2017-07-17,2.315
2017-07-18,2.26
2017-07-19,2.27
2017-07-20,2.26
2017-07-21,2.238
2017-07-24,2.256
2017-07-25,2.336
2017-07-26,2.288
2017-07-27,2.311
2017-07-28,2.29
2017-07-31,2.295
2017-08-01,2.254
2017-08-02,2.272
2017-08-03,2.222
2017-08-04,2.263
2017-08-07,2.254
2017-08-08,2.263
2017-08-09,2.249
2017-08-10,2.198
2017-08-11,2.19
2017-08-14,2.219
2017-08-15,2.274
2017-08-16,2.223
2017-08-17,2.186
2017-08-18,2.195
2017-08-21,2.183
2017-08-22,2.214
2017-08-23,2.167
2017-08-24,2.195
2017-08-25,2.167
2017-08-28,2.159
2017-08-29,2.13
2017-08-30,2.132
2017-08-31,2.118
2017-09-01,2.167
2017-09-04,2.167
2017-09-05,2.06
2017-09-06,2.105
2017-09-07,2.04
2017-09-08,2.052
2017-09-11,2.131
2017-09-12,2.168
2017-09-13,2.189
2017-09-14,2.186
2017-09-15,2.203
2017-09-18,2.23
2017-09-19,2.245
2017-09-20,2.268
2017-09-21,2.277
2017-09-22,2.251
2017-09-25,2.221
2017-09-26,2.237
2017-09-27,2.311
2017-09-28,2.309
2017-09-29,2.334
2017-10-02,2.342
2017-10-03,2.324
2017-10-04,2.324
2017-10-05,2.349
2017-10-06,2.36
2017-10-09,2.36
2017-10-10,2.362
2017-10-11,2.349
2017-10-12,2.319
2017-10-13,2.274
2017-10-16,2.304
2017-10-17,2.301
2017-10-18,2.347
2017-10-19,2.319
2017-10-20,2.385
2017-10-23,2.367
2017-10-24,2.42
2017-10-25,2.433
2017-10-26,2.462
2017-10-27,2.407
2017-10-30,2.369
2017-10-31,2.38
2017-11-01,2.373
2017-11-02,2.346
2017-11-03,2.333
2017-11-06,2.317
2017-11-07,2.315
2017-11-08,2.335
2017-11-09,2.342
2017-11-10,2.399
2017-11-13,2.406
2017-11-14,2.373
2017-11-15,2.323
2017-11-16,2.376
2017-11-17,2.344
2017-11-20,2.367
2017-11-21,2.357
2017-11-22,2.32
2017-11-23,2.32
2017-11-24,2.343
2017-11-27,2.329
2017-11-28,2.329
2017-11-29,2.389
2017-11-30,2.411
2017-12-01,2.362
2017-12-04,2.373
2017-12-05,2.352
2017-12-06,2.339
2017-12-07,2.364
2017-12-08,2.377
2017-12-11,2.389
2017-12-12,2.402
2017-12-13,2.343
2017-12-14,2.35
2017-12-15,2.354
2017-12-18,2.395
2017-12-19,2.465
2017-12-20,2.498
2017-12-21,2.484
2017-12-22,2.482
2017-12-25,2.482
2017-12-26,2.477
2017-12-27,2.412
2017-12-28,2.431
2017-12-29,2.406
2018-01-01,2.406
2018-01-02,2.464
2018-01-03,2.448
2018-01-04,2.453
2018-01-05,2.477
2018-01-08,2.481
2018-01-09,2.554
2018-01-10,2.558
2018-01-11,2.538
2018-01-12,2.548
2018-01-15,2.548
2018-01-16,2.538
2018-01-17,2.591
2018-01-18,2.627
2018-01-19,2.66
2018-01-22,2.651
2018-01-23,2.614
2018-01-24,2.647
2018-01-25,2.618
2018-01-26,2.661
2018-01-29,2.695
2018-01-30,2.721
2018-01-31,2.706
2018-02-01,2.791
2018-02-02,2.842
2018-02-05,2.707
2018-02-06,2.803
2018-02-07,2.837
2018-02-08,2.825
2018-02-09,2.852
2018-02-12,2.859
2018-02-13,2.83
2018-02-14,2.903
2018-02-15,2.91
2018-02-16,2.876
2018-02-19,2.876
2018-02-20,2.89
2018-02-21,2.951
2018-02-22,2.922
2018-02-23,2.868
2018-02-26,2.863
2018-02-27,2.894
2018-02-28,2.862
2018-03-01,2.809
2018-03-02,2.865
2018-03-05,2.882
2018-03-06,2.887
2018-03-07,2.884
2018-03-08,2.858
2018-03-09,2.895
2018-03-12,2.869
2018-03-13,2.843
2018-03-14,2.818
2018-03-15,2.829
2018-03-16,2.845
2018-03-19,2.856
2018-03-20,2.897
2018-03-21,2.884
2018-03-22,2.825
2018-03-23,2.814
2018-03-26,2.853
2018-03-27,2.776
2018-03-28,2.782
2018-03-29,2.74
2018-03-30,2.74
2018-04-02,2.731
2018-04-03,2.776
2018-04-04,2.804
2018-04-05,2.833
2018-04-06,2.774
2018-04-09,2.78
2018-04-10,2.802
2018-04-11,2.782
2018-04-12,2.837
2018-04-13,2.828
2018-04-16,2.828
2018-04-17,2.829
2018-04-18,2.874
2018-04-19,2.911
2018-04-20,2.961
2018-04-23,2.976
2018-04-24,3.0
2018-04-25,3.027
2018-04-26,2.982
2018-04-27,2.958
2018-04-30,2.954
2018-05-01,2.965
2018-05-02,2.967
2018-05-03,2.947
2018-05-04,2.951
2018-05-07,2.951
2018-05-08,2.977
2018-05-09,3.005
2018-05-10,2.963
2018-05-11,2.971
2018-05-14,3.003
2018-05-15,3.073
2018-05-16,3.097
2018-05-17,3.112
2018-05-18,3.057
2018-05-21,3.061
2018-05-22,3.061
2018-05-23,2.994
2018-05-24,2.978
2018-05-25,2.932
2018-05-28,2.932
2018-05-29,2.782
2018-05-30,2.856
2018-05-31,2.859
2018-06-01,2.903
2018-06-04,2.943
2018-06-05,2.929
2018-06-06,2.973
2018-06-07,2.921
2018-06-08,2.947
2018-06-11,2.953
2018-06-12,2.962
2018-06-13,2.967
2018-06-14,2.936
2018-06-15,2.921
2018-06-18,2.918
2018-06-19,2.898
2018-06-20,2.94
2018-06-21,2.898
2018-06-22,2.896
2018-06-25,2.881
2018-06-26,2.878
2018-06-27,2.826
2018-06-28,2.837
2018-06-29,2.861
2018-07-02,2.872
2018-07-03,2.832
2018-07-04,2.832
2018-07-05,2.83
2018-07-06,2.823
2018-07-09,2.857
2018-07-10,2.851
2018-07-11,2.85
2018-07-12,2.847
2018-07-13,2.828
2018-07-16,2.859
2018-07-17,2.861
2018-07-18,2.87
2018-07-19,2.839
2018-07-20,2.894
2018-07-23,2.956
2018-07-24,2.949
2018-07-25,2.975
2018-07-26,2.977
2018-07-27,2.955
2018-07-30,2.974
2018-07-31,2.961
2018-08-01,3.007
2018-08-02,2.987
2018-08-03,2.95
2018-08-06,2.94
2018-08-07,2.974
2018-08-08,2.961
2018-08-09,2.927
2018-08-10,2.874
2018-08-13,2.88
2018-08-14,2.899
2018-08-15,2.863
2018-08-16,2.867
2018-08-17,2.861
2018-08-20,2.82
2018-08-21,2.831
2018-08-22,2.82
2018-08-23,2.827
2018-08-24,2.811
2018-08-27,2.847
2018-08-28,2.881
2018-08-29,2.885
2018-08-30,2.856
2018-08-31,2.861
2018-09-03,2.861
2018-09-04,2.899
2018-09-05,2.903
2018-09-06,2.874
2018-09-07,2.941
2018-09-10,2.932
2018-09-11,2.976
2018-09-12,2.964
2018-09-13,2.971
2018-09-14,2.997
2018-09-17,2.988
2018-09-18,3.056
2018-09-19,3.064
2018-09-20,3.064
2018-09-21,3.064
2018-09-24,3.09
2018-09-25,3.097
2018-09-26,3.049
2018-09-27,3.053
2018-09-28,3.062
2018-10-01,3.085
2018-10-02,3.064
2018-10-03,3.183
2018-10-04,3.188
2018-10-05,3.234
2018-10-08,3.234
2018-10-09,3.207
2018-10-10,3.164
2018-10-11,3.151
2018-10-12,3.162
2018-10-15,3.157
2018-10-16,3.164
2018-10-17,3.206
2018-10-18,3.18
2018-10-19,3.193
2018-10-22,3.199
2018-10-23,3.169
2018-10-24,3.104
2018-10-25,3.118
2018-10-26,3.076
2018-10-29,3.086
2018-10-30,3.124
2018-10-31,3.144
2018-11-01,3.131
2018-11-02,3.213
2018-11-05,3.202
2018-11-06,3.229
2018-11-07,3.236
2018-11-08,3.238
2018-11-09,3.183
2018-11-12,3.183
2018-11-13,3.141
2018-11-14,3.126
2018-11-15,3.111
2018-11-16,3.064
2018-11-19,3.064
2018-11-20,3.064
2018-11-21,3.064
2018-11-22,3.064
2018-11-23,3.041
2018-11-26,3.054
2018-11-27,3.058
2018-11-28,3.06
2018-11-29,3.032
2018-11-30,2.989
2018-12-03,2.971
2018-12-04,2.914
2018-12-05,2.914
2018-12-06,2.896
2018-12-07,2.847
2018-12-10,2.859
2018-12-11,2.88
2018-12-12,2.91
2018-12-13,2.914
2018-12-14,2.891
2018-12-17,2.858
2018-12-18,2.818
2018-12-19,2.756
2018-12-20,2.807
2018-12-21,2.792
2018-12-24,2.74
2018-12-25,2.74
2018-12-26,2.809
2018-12-27,2.768
2018-12-28,2.72
2018-12-31,2.685
2019-01-01,2.685
2019-01-02,2.621
2019-01-03,2.554
2019-01-04,2.669
2019-01-07,2.697
2019-01-08,2.729
2019-01-09,2.711
2019-01-10,2.743
2019-01-11,2.702
2019-01-14,2.703
2019-01-15,2.713
2019-01-16,2.723
2019-01-17,2.751
2019-01-18,2.785
2019-01-21,2.785
2019-01-22,2.74
2019-01-23,2.742
2019-01-24,2.717
2019-01-25,2.759
2019-01-28,2.746
2019-01-29,2.711
2019-01-30,2.678
2019-01-31,2.63
2019-02-01,2.685
2019-02-04,2.724
2019-02-05,2.699
2019-02-06,2.696
2019-02-07,2.658
2019-02-08,2.636
2019-02-11,2.655
2019-02-12,2.689
2019-02-13,2.703
2019-02-14,2.655
2019-02-15,2.664
2019-02-18,2.664
2019-02-19,2.635
2019-02-20,2.646
2019-02-21,2.693
2019-02-22,2.654
2019-02-25,2.664
2019-02-26,2.637
2019-02-27,2.683
2019-02-28,2.716
2019-03-01,2.755
2019-03-04,2.723
2019-03-05,2.719
2019-03-06,2.694
2019-03-07,2.64
2019-03-08,2.63
2019-03-11,2.64
2019-03-12,2.602
2019-03-13,2.622
2019-03-14,2.631
2019-03-15,2.589
2019-03-18,2.605
2019-03-19,2.613
2019-03-20,2.527
2019-03-21,2.539
2019-03-22,2.441
2019-03-25,2.4
2019-03-26,2.424
2019-03-27,2.368
2019-03-28,2.396
2019-03-29,2.406
2019-04-01,2.502
2019-04-02,2.475
2019-04-03,2.525
2019-04-04,2.516
2019-04-05,2.496
2019-04-08,2.523
2019-04-09,2.502
2019-04-10,2.467
2019-04-11,2.498
2019-04-12,2.566
2019-04-15,2.555
2019-04-16,2.591
2019-04-17,2.595
2019-04-18,2.561
2019-04-19,2.561
2019-04-22,2.589
2019-04-23,2.566
2019-04-24,2.519
2019-04-25,2.533
2019-04-26,2.499
2019-04-29,2.527
2019-04-30,2.503
2019-05-01,2.501
2019-05-02,2.542
2019-05-03,2.526
2019-05-06,2.471
2019-05-07,2.458
2019-05-08,2.484
2019-05-09,2.444
2019-05-10,2.468
2019-05-13,2.402
2019-05-14,2.411
2019-05-15,2.374
2019-05-16,2.395
2019-05-17,2.392
2019-05-20,2.417
2019-05-21,2.427
2019-05-22,2.383
2019-05-23,2.319
2019-05-24,2.321
2019-05-27,2.321
2019-05-28,2.267
2019-05-29,2.263
2019-05-30,2.214
2019-05-31,2.125
2019-06-03,2.072
2019-06-04,2.131
2019-06-05,2.136
2019-06-06,2.118
2019-06-07,2.083
2019-06-10,2.15
2019-06-11,2.144
2019-06-12,2.121
2019-06-13,2.096
2019-06-14,2.081
2019-06-17,2.095
2019-06-18,2.06
2019-06-19,2.024
2019-06-20,2.029
2019-06-21,2.056
2019-06-24,2.015
2019-06-25,1.986
2019-06-26,2.048
2019-06-27,2.015
2019-06-28,2.006
2019-07-01,2.026
2019-07-02,1.975
2019-07-03,1.951
2019-07-04,1.951
2019-07-05,2.035
2019-07-08,2.048
2019-07-09,2.066
2019-07-10,2.062
2019-07-11,2.139
2019-07-12,2.123
2019-07-15,2.09
2019-07-16,2.103
2019-07-17,2.046
2019-07-18,2.025
2019-07-19,2.056
2019-07-22,2.047
2019-07-23,2.082
2019-07-24,2.045
2019-07-25,2.082
2019-07-26,2.071
2019-07-29,2.066
2019-07-30,2.059
2019-07-31,2.015
2019-08-01,1.894
2019-08-02,1.847
2019-08-05,1.709
2019-08-06,1.704
2019-08-07,1.735
2019-08-08,1.718
2019-08-09,1.746
2019-08-12,1.646
2019-08-13,1.705
2019-08-14,1.58
2019-08-15,1.529
2019-08-16,1.555
2019-08-19,1.607
2019-08-20,1.556
2019-08-21,1.59
2019-08-22,1.615
2019-08-23,1.536
2019-08-26,1.536
2019-08-27,1.473
2019-08-28,1.481
2019-08-29,1.496
2019-08-30,1.498
2019-09-02,1.498
2019-09-03,1.458
2019-09-04,1.467
2019-09-05,1.559
2019-09-06,1.561
2019-09-09,1.645
2019-09-10,1.732
2019-09-11,1.74
2019-09-12,1.772
2019-09-13,1.898
2019-09-16,1.848
2019-09-17,1.803
2019-09-18,1.798
2019-09-19,1.786
2019-09-20,1.723
2019-09-23,1.728
2019-09-24,1.646
2019-09-25,1.738
2019-09-26,1.694
2019-09-27,1.683
2019-09-30,1.666
2019-10-01,1.637
2019-10-02,1.6
2019-10-03,1.535
2019-10-04,1.53
2019-10-07,1.56
2019-10-08,1.53
2019-10-09,1.585
2019-10-10,1.67
2019-10-11,1.731
2019-10-14,1.731
2019-10-15,1.773
2019-10-16,1.74
2019-10-17,1.753
2019-10-18,1.755
2019-10-21,1.801
2019-10-22,1.762
2019-10-23,1.765
2019-10-24,1.767
2019-10-25,1.796
2019-10-28,1.843
2019-10-29,1.839
2019-10-30,1.772
2019-10-31,1.692
2019-11-01,1.711
2019-11-04,1.778
2019-11-05,1.859
2019-11-06,1.829
2019-11-07,1.918
2019-11-08,1.943
2019-11-11,1.943
2019-11-12,1.936
2019-11-13,1.887
2019-11-14,1.82
2019-11-15,1.832
2019-11-18,1.816
2019-11-19,1.784
2019-11-20,1.747
2019-11-21,1.774
2019-11-22,1.771
2019-11-25,1.756
2019-11-26,1.742
2019-11-27,1.767
2019-11-28,1.767
2019-11-29,1.777
2019-12-02,1.82
2019-12-03,1.717
2019-12-04,1.775
2019-12-05,1.811
2019-12-06,1.838
2019-12-09,1.82
2019-12-10,1.842
2019-12-11,1.793
2019-12-12,1.893
2019-12-13,1.823
2019-12-16,1.872
2019-12-17,1.881
2019-12-18,1.918
2019-12-19,1.921
2019-12-20,1.918
2019-12-23,1.93
2019-12-24,1.901
2019-12-25,1.901
2019-12-26,1.895
2019-12-27,1.877
2019-12-30,1.88
2019-12-31,1.919
2020-01-01,1.919
2020-01-02,1.878
2020-01-03,1.789
2020-01-06,1.81
2020-01-07,1.819
2020-01-08,1.875
2020-01-09,1.856
2020-01-10,1.821
2020-01-13,1.847
2020-01-14,1.812
2020-01-15,1.784
2020-01-16,1.808
2020-01-17,1.822
2020-01-20,1.822
2020-01-21,1.775
2020-01-22,1.77
2020-01-23,1.733
2020-01-24,1.685
2020-01-27,1.609
2020-01-28,1.657
2020-01-29,1.585
2020-01-30,1.586
2020-01-31,1.508
2020-02-03,1.528
2020-02-04,1.6
2020-02-05,1.652
2020-02-06,1.644
2020-02-07,1.584
2020-02-10,1.571
2020-02-11,1.601
2020-02-12,1.634
2020-02-13,1.618
2020-02-14,1.587
2020-02-17,1.587
2020-02-18,1.562
2020-02-19,1.568
2020-02-20,1.516
2020-02-21,1.472
2020-02-24,1.371
2020-02-25,1.354
2020-02-26,1.339
2020-02-27,1.262
2020-02-28,1.15
2020-03-02,1.165
2020-03-03,1.001
2020-03-04,1.054
2020-03-05,0.914
2020-03-06,0.764
2020-03-09,0.543
2020-03-10,0.805
2020-03-11,0.872
2020-03-12,0.811
2020-03-13,0.964
2020-03-16,0.721
2020-03-17,1.082
2020-03-18,1.195
2020-03-19,1.144
2020-03-20,0.848
2020-03-23,0.789
2020-03-24,0.85
2020-03-25,0.87
2020-03-26,0.849
2020-03-27,0.679
2020-03-30,0.729
2020-03-31,0.67
2020-04-01,0.584
2020-04-02,0.599
2020-04-03,0.597
2020-04-06,0.672
2020-04-07,0.714
2020-04-08,0.773
2020-04-09,
2020-04-10,0.721
2020-04-13,0.774
2020-04-14,0.754
2020-04-15,0.632
2020-04-16,0.628
2020-04-17,0.643
2020-04-20,0.607
2020-04-21,0.571
2020-04-22,0.621
2020-04-23,0.603
2020-04-24,0.602
2020-04-27,0.661
2020-04-28,0.614
2020-04-29,0.628
2020-04-30,0.64
2020-05-01,
2020-05-04,0.636
2020-05-05,0.663
2020-05-06,0.704
2020-05-07,0.642
2020-05-08,0.685
2020-05-11,0.711
2020-05-12,0.666
2020-05-13,0.653
2020-05-14,0.623
2020-05-15,0.644
2020-05-18,0.727
2020-05-19,0.69
2020-05-20,0.681
2020-05-21,0.673
2020-05-22,0.66
2020-05-25,0.66
2020-05-26,0.698
2020-05-27,0.683
2020-05-28,0.692
2020-05-29,0.653
2020-06-01,0.66
2020-06-02,0.686
2020-06-03,0.747
2020-06-04,0.825
2020-06-05,0.896
2020-06-08,0.876
2020-06-09,0.826
2020-06-10,0.728
2020-06-11,0.671
2020-06-12,0.705
2020-06-15,0.722
2020-06-16,0.754
2020-06-17,0.739
2020-06-18,0.709
2020-06-19,0.695
2020-06-22,0.709
2020-06-23,0.713
2020-06-24,0.68
2020-06-25,0.686
2020-06-26,0.642
2020-06-29,0.624
2020-06-30,0.657
2020-07-01,0.677
2020-07-02,0.67
2020-07-03,0.67
2020-07-06,0.678
2020-07-07,0.641
2020-07-08,0.665
2020-07-09,0.614
2020-07-10,0.646
2020-07-13,0.619
2020-07-14,0.624
2020-07-15,0.631
2020-07-16,0.618
2020-07-17,0.627
2020-07-20,0.612
2020-07-21,0.602
2020-07-22,0.599
2020-07-23,0.579
2020-07-24,0.59
2020-07-27,0.616
2020-07-28,0.58
2020-07-29,0.576
2020-07-30,0.548
2020-07-31,0.529
2020-08-03,0.556
2020-08-04,0.508
2020-08-05,0.549
2020-08-06,0.537
2020-08-07,0.565
2020-08-10,0.577
2020-08-11,0.642
2020-08-12,0.671
2020-08-13,0.716
2020-08-14,0.709
2020-08-17,0.683
2020-08-18,0.669
2020-08-19,0.676
2020-08-20,0.644
2020-08-21,0.64
2020-08-24,0.682
2020-08-25,0.687
2020-08-26,0.687
2020-08-27,0.746
2020-08-28,0.729
2020-08-31,0.671
2020-09-01,0.671
2020-09-02,0.651
2020-09-03,0.622
2020-09-04,0.721
2020-09-07,0.723
2020-09-08,0.684
2020-09-09,0.703
2020-09-10,0.684
2020-09-11,0.667
2020-09-14,0.669
2020-09-15,0.68
2020-09-16,0.687
2020-09-17,0.682
2020-09-18,0.694
2020-09-21,0.671
2020-09-22,0.676
2020-09-23,0.676
2020-09-24,0.668
2020-09-25,0.659
2020-09-28,0.663
2020-09-29,0.651
2020-09-30,0.686
2020-10-01,0.679
2020-10-02,0.704
2020-10-05,0.778
2020-10-06,0.74
2020-10-07,0.784
2020-10-08,0.779
2020-10-09,0.779
2020-10-12,0.764
2020-10-13,0.729
2020-10-14,0.727
2020-10-15,0.739
2020-10-16,0.749
2020-10-19,0.772
2020-10-20,0.792
2020-10-21,0.821
2020-10-22,0.861
2020-10-23,0.841
2020-10-26,0.803
2020-10-27,0.771
2020-10-28,0.774
2020-10-29,0.831
2020-10-30,0.874
2020-11-02,0.852
2020-11-03,0.896
2020-11-04,0.771
2020-11-05,0.766
2020-11-06,0.82
2020-11-09,0.924
2020-11-10,0.96
2020-11-11,0.977
2020-11-12,0.883
2020-11-13,0.898
2020-11-16,0.911
2020-11-17,0.862
2020-11-18,0.87
2020-11-19,0.842
2020-11-20,0.824
2020-11-23,0.859
2020-11-24,0.885
2020-11-25,0.882
2020-11-26,0.859
2020-11-27,0.842
2020-11-30,0.842
2020-12-01,0.929
2020-12-02,0.938
2020-12-03,0.911
2020-12-04,0.973
2020-12-07,0.928
2020-12-08,0.921
2020-12-09,0.938
2020-12-10,0.906
2020-12-11,0.896
2020-12-14,0.898
2020-12-15,0.911
2020-12-16,0.92
2020-12-17,0.935
2020-12-18,0.945
2020-12-21,0.938
2020-12-22,0.921
2020-12-23,0.945
2020-12-24,0.926
2020-12-25,
2020-12-28,0.923
2020-12-29,0.94
2020-12-30,0.926
2020-12-31,0.916
2021-01-01,
2021-01-04,0.918
2021-01-05,0.955
2021-01-06,1.039
2021-01-07,1.081
2021-01-08,1.119
2021-01-11,1.144
2021-01-12,1.129
2021-01-13,1.092
2021-01-14,1.129
2021-01-15,1.087
2021-01-18,1.1
2021-01-19,1.092
2021-01-20,1.077
2021-01-21,1.109
2021-01-22,1.086
2021-01-25,1.033
2021-01-26,1.033
2021-01-27,1.013
2021-01-28,1.052
2021-01-29,1.071
2021-02-01,1.079
2021-02-02,1.095
2021-02-03,1.139
2021-02-04,1.136
2021-02-05,1.169
2021-02-08,1.176
2021-02-09,1.16
2021-02-10,1.124
2021-02-11,1.165
2021-02-12,1.21
2021-02-15,1.25
2021-02-16,1.311
2021-02-17,1.282
2021-02-18,1.297
2021-02-19,1.34
2021-02-22,1.369
2021-02-23,1.343
2021-02-24,1.372
2021-02-25,1.53
2021-02-26,1.407
2021-03-01,1.426
2021-03-02,1.398
2021-03-03,1.484
2021-03-04,1.557
2021-03-05,1.577
2021-03-08,1.603
2021-03-09,1.528
2021-03-10,1.521
2021-03-11,1.535
2021-03-12,1.625
2021-03-15,1.607
2021-03-16,1.621
2021-03-17,1.646
2021-03-18,1.706
2021-03-19,1.73
2021-03-22,1.695
2021-03-23,1.622
2021-03-24,1.614
2021-03-25,1.633
2021-03-26,1.674
2021-03-29,1.717
2021-03-30,1.71
2021-03-31,1.744
2021-04-01,1.673
2021-04-02,1.714
2021-04-05,1.707
2021-04-06,1.658
2021-04-07,1.679
2021-04-08,1.626
2021-04-09,1.662
2021-04-12,1.669
2021-04-13,1.62
2021-04-14,1.634
2021-04-15,1.574
2021-04-16,1.5904
2021-04-19,1.61
2021-04-20,1.566
2021-04-21,1.559
2021-04-22,1.5416
2021-04-23,1.5595
2021-04-26,1.572
2021-04-27,1.622
2021-04-28,1.613
2021-04-29,1.643
2021-04-30,1.626
2021-05-03,1.599
2021-05-04,1.594
2021-05-05,1.578
2021-05-06,1.57
2021-05-07,1.579
2021-05-10,1.604
2021-05-11,1.622
2021-05-12,1.693
2021-05-13,1.659
2021-05-14,1.635
2021-05-17,1.652
2021-05-18,1.64
2021-05-19,1.676
2021-05-20,1.628
2021-05-21,1.623
2021-05-24,1.603
2021-05-25,1.56
2021-05-26,1.581
2021-05-27,1.606
2021-05-28,1.581
2021-05-31,1.61
2021-06-01,1.606
2021-06-02,1.589
2021-06-03,1.625
2021-06-04,1.557
2021-06-07,1.569
2021-06-08,1.538
2021-06-09,1.492
2021-06-10,1.437
2021-06-11,1.454
2021-06-14,1.497
2021-06-15,1.489
2021-06-16,1.581
2021-06-17,1.511
2021-06-18,1.443
2021-06-21,1.495
2021-06-22,1.467
2021-06-23,1.485
2021-06-24,1.499
2021-06-25,1.524
2021-06-28,1.482
2021-06-29,1.475
2021-06-30,1.468
2021-07-01,1.459
2021-07-02,1.431
2021-07-05,1.436
2021-07-06,1.352
2021-07-07,1.323
2021-07-08,1.294
2021-07-09,1.361
2021-07-12,1.368
2021-07-13,1.418
2021-07-14,1.349
2021-07-15,1.301
2021-07-16,1.3
2021-07-19,1.199
2021-07-20,1.222
2021-07-21,1.292
2021-07-22,1.277
2021-07-23,1.281
2021-07-26,1.295
2021-07-27,1.239
2021-07-28,1.238
2021-07-29,1.266
2021-07-30,1.226
2021-08-02,1.179
2021-08-03,1.174
2021-08-04,1.18
2021-08-05,1.225
2021-08-06,1.305
2021-08-09,1.325
2021-08-10,1.354
2021-08-11,1.335
2021-08-12,1.361
2021-08-13,1.283
2021-08-16,1.268
2021-08-17,1.267
2021-08-18,1.26
2021-08-19,1.243
2021-08-20,1.255
2021-08-23,1.253
2021-08-24,1.297
2021-08-25,1.349
2021-08-26,1.354
2021-08-27,1.31
2021-08-30,1.28
2021-08-31,1.307
2021-09-01,1.299
2021-09-02,1.285
2021-09-03,1.326
2021-09-06,1.336
2021-09-07,1.377
2021-09-08,1.336
2021-09-09,1.297
2021-09-10,1.343
2021-09-13,1.326
2021-09-14,1.284
2021-09-15,1.304
2021-09-16,1.336
2021-09-17,1.363
2021-09-20,1.312
2021-09-21,1.328
2021-09-22,1.304
2021-09-23,1.435
2021-09-24,1.453
2021-09-27,1.491
2021-09-28,1.546
2021-09-29,1.524
2021-09-30,1.492
2021-10-01,1.465
2021-10-04,1.481
2021-10-05,1.536
2021-10-06,1.528
2021-10-07,1.576
2021-10-08,1.612
2021-10-11,1.628
2021-10-12,1.572
2021-10-13,1.542
2021-10-14,1.516
2021-10-15,1.574
2021-10-18,1.591
2021-10-19,1.641
2021-10-20,1.66
2021-10-21,1.696
2021-10-22,1.638
2021-10-25,1.633
2021-10-26,1.61
2021-10-27,1.55
2021-10-28,1.578
2021-10-29,1.561
2021-11-01,1.561
2021-11-02,1.547
2021-11-03,1.603
2021-11-04,1.53
2021-11-05,1.455
2021-11-08,1.493
2021-11-09,1.439
2021-11-10,1.57
2021-11-11,1.578
2021-11-12,1.57
2021-11-15,1.618
2021-11-16,1.64
2021-11-17,1.585
2021-11-18,1.587
2021-11-19,1.548
2021-11-22,1.632
2021-11-23,1.676
2021-11-24,1.643
2021-11-25,1.596
2021-11-26,1.482
2021-11-29,1.502
2021-11-30,1.456
2021-12-01,1.404
2021-12-02,1.444
2021-12-03,1.356
2021-12-06,1.433
2021-12-07,1.482
2021-12-08,1.528
2021-12-09,1.497
2021-12-10,1.482
2021-12-13,1.414
2021-12-14,1.441
2021-12-15,1.458
2021-12-16,1.424
2021-12-17,1.407
2021-12-20,1.428
2021-12-21,1.467
2021-12-22,1.453
2021-12-23,1.493
2021-12-24,1.493
2021-12-27,1.477
2021-12-28,1.484
2021-12-29,1.556
2021-12-30,1.507
2021-12-31,1.512
2022-01-03,1.637
2022-01-04,1.649
2022-01-05,1.7
2022-01-06,1.728
2022-01-07,1.765
2022-01-10,1.755
2022-01-11,1.746
2022-01-12,1.752
2022-01-13,1.701
2022-01-14,1.793
2022-01-17,1.809
2022-01-18,1.875
2022-01-19,1.854
2022-01-20,1.811
2022-01-21,1.77
2022-01-24,1.776
2022-01-25,1.776
2022-01-26,1.873
2022-01-27,1.803
2022-01-28,1.778
2022-01-31,1.784
2022-02-01,1.795
2022-02-02,1.771
2022-02-03,1.836
2022-02-04,1.916
2022-02-07,1.919
2022-02-08,1.965
2022-02-09,1.945
2022-02-10,2.043
2022-02-11,1.918
2022-02-14,1.986
2022-02-15,2.043
2022-02-16,2.04
2022-02-17,1.968
2022-02-18,1.927
2022-02-21,1.873
2022-02-22,1.944
2022-02-23,1.998
2022-02-24,1.97
2022-02-25,1.97
2022-02-28,1.822
2022-03-01,1.716
2022-03-02,1.878
2022-03-03,1.84
2022-03-04,1.737
2022-03-07,1.777
2022-03-08,1.84
2022-03-09,1.951
2022-03-10,1.993
2022-03-11,1.997
2022-03-14,2.142
2022-03-15,2.149
2022-03-16,2.192
2022-03-17,2.167
2022-03-18,2.153
2022-03-21,2.297
2022-03-22,2.381
2022-03-23,2.29
2022-03-24,2.37
2022-03-25,2.488
2022-03-28,2.466
2022-03-29,2.398
2022-03-30,2.358
2022-03-31,2.345
2022-04-01,2.389
2022-04-04,2.393
2022-04-05,2.554
2022-04-06,2.596
2022-04-07,2.665
2022-04-08,2.704
2022-04-11,2.774
2022-04-12,2.727
2022-04-13,2.703
2022-04-14,2.828
2022-04-15,2.828
2022-04-18,2.857
2022-04-19,2.94
2022-04-20,2.834
2022-04-21,2.908
2022-04-22,2.905
2022-04-25,2.818
2022-04-26,2.738
2022-04-27,2.826
2022-04-28,2.82
2022-04-29,2.938
2022-05-02,2.987
2022-05-03,2.975
2022-05-04,2.946
2022-05-05,3.052
2022-05-06,3.142
2022-05-09,3.034
2022-05-10,2.989
2022-05-11,2.925
2022-05-12,2.855
2022-05-13,2.928
2022-05-16,2.886
2022-05-17,2.995
2022-05-18,2.884
2022-05-19,2.837
2022-05-20,2.788
2022-05-23,2.861
2022-05-24,2.754
2022-05-25,2.751
2022-05-26,2.742
2022-05-27,2.743
2022-05-30,2.812
2022-05-31,2.862
2022-06-01,2.911
2022-06-02,2.913
2022-06-03,2.941
2022-06-06,3.04
2022-06-07,2.979
2022-06-08,3.027
2022-06-09,3.046
2022-06-10,3.165
2022-06-13,3.362
2022-06-14,3.479
2022-06-15,3.292
2022-06-16,3.195
2022-06-17,3.231
2022-06-20,3.277
2022-06-21,3.279
2022-06-22,3.16
2022-06-23,3.089
2022-06-24,3.138
2022-06-27,3.202
2022-06-28,3.177
2022-06-29,3.087
2022-06-30,3.017
2022-07-01,2.889
2022-07-04,2.932
2022-07-05,2.818
2022-07-06,2.934
2022-07-07,3.0
2022-07-08,3.08
2022-07-11,2.993
2022-07-12,2.971
2022-07-13,2.935
2022-07-14,2.958
2022-07-15,2.928
2022-07-18,2.989
2022-07-19,3.028
2022-07-20,3.03
2022-07-21,2.882
2022-07-22,2.754
2022-07-25,2.807
2022-07-26,2.803
2022-07-27,2.785
2022-07-28,2.671
2022-07-29,2.658
2022-08-01,2.568
2022-08-02,2.747
2022-08-03,2.706
2022-08-04,2.694
2022-08-05,2.827
2022-08-08,2.752
2022-08-09,2.786
2022-08-10,2.785
2022-08-11,2.889
2022-08-12,2.842
2022-08-15,2.793
2022-08-16,2.819
2022-08-17,2.902
2022-08-18,2.886
2022-08-19,2.976
2022-08-22,3.024
2022-08-23,3.059
2022-08-24,3.109
2022-08-25,3.031
2022-08-26,3.03
2022-08-29,3.114
2022-08-30,3.112
2022-08-31,3.196
2022-09-01,3.263
2022-09-02,3.195
2022-09-05,3.223
2022-09-06,3.351
2022-09-07,3.267
2022-09-08,3.323
2022-09-09,3.315
2022-09-12,3.358
2022-09-13,3.412
2022-09-14,3.404
2022-09-15,3.449
2022-09-16,3.455
2022-09-19,3.494
2022-09-20,3.569
2022-09-21,3.534
2022-09-22,3.712
2022-09-23,3.687
2022-09-26,3.91
2022-09-27,3.949
2022-09-28,3.737
2022-09-29,3.786
2022-09-30,3.829
2022-10-03,3.621
2022-10-04,3.635
2022-10-05,3.751
2022-10-06,3.828
2022-10-07,3.888
2022-10-10,3.955
2022-10-11,3.945
2022-10-12,3.904
2022-10-13,3.95
2022-10-14,4.023
2022-10-17,4.012
2022-10-18,4.007
2022-10-19,4.142
2022-10-20,4.226
2022-10-21,4.219
2022-10-24,4.247
2022-10-25,4.1
2022-10-26,4.011
2022-10-27,3.927
2022-10-28,4.01
2022-10-31,4.05
2022-11-01,4.046
2022-11-02,4.096
2022-11-03,4.149
2022-11-04,4.163
2022-11-07,4.218
2022-11-08,4.128
2022-11-09,4.099
2022-11-10,3.811
2022-11-11,3.811
2022-11-14,3.863
2022-11-15,3.777
2022-11-16,3.69
2022-11-17,3.769
2022-11-18,3.829
2022-11-21,3.831
2022-11-22,3.758
2022-11-23,3.689
2022-11-24,3.661
2022-11-25,3.691
2022-11-28,3.679
2022-11-29,3.75
2022-11-30,3.611
2022-12-01,3.51
2022-12-02,3.492
2022-12-05,3.583
2022-12-06,3.531
2022-12-07,3.421
2022-12-08,3.489
2022-12-09,3.586
2022-12-12,3.617
2022-12-13,3.501
2022-12-14,3.479
2022-12-15,3.45
2022-12-16,3.488
2022-12-19,3.59
2022-12-20,3.692
2022-12-21,3.673
2022-12-22,3.686
2022-12-23,3.751
2022-12-26,3.743
2022-12-27,3.849
2022-12-28,3.886
2022-12-29,3.82
2022-12-30,3.879
2023-01-02,3.879
2023-01-03,3.752
2023-01-04,3.69
2023-01-05,3.726
2023-01-06,3.56
2023-01-09,3.527
2023-01-10,3.615
2023-01-11,3.543
2023-01-12,3.444
2023-01-13,3.498
2023-01-16,3.529
2023-01-17,3.549
2023-01-18,3.373
2023-01-19,3.399
2023-01-20,3.482
2023-01-23,3.521
2023-01-24,3.455
2023-01-25,3.451
2023-01-26,3.506
2023-01-27,3.507
2023-01-30,3.542
2023-01-31,3.51
2023-02-01,3.417
2023-02-02,3.402
2023-02-03,3.519
2023-02-06,3.644
2023-02-07,3.679
2023-02-08,3.615
2023-02-09,3.664
2023-02-10,3.743
2023-02-13,3.704
2023-02-14,3.753
2023-02-15,3.803
2023-02-16,3.863
2023-02-17,3.817
2023-02-20,3.851
2023-02-21,3.954
2023-02-22,3.927
2023-02-23,3.89
2023-02-24,3.947
2023-02-27,3.922
2023-02-28,3.938
2023-03-01,3.994
2023-03-02,4.062
2023-03-03,3.958
2023-03-06,3.967
2023-03-07,3.983
2023-03-08,3.989
2023-03-09,3.907
2023-03-10,3.704
2023-03-13,3.545
2023-03-14,3.685
2023-03-15,3.462
2023-03-16,3.579
2023-03-17,3.438
2023-03-20,3.483
2023-03-21,3.608
2023-03-22,3.451
2023-03-23,3.414
2023-03-24,3.372
2023-03-27,3.539
2023-03-28,3.572
2023-03-29,3.566
2023-03-30,3.547
2023-03-31,3.473
2023-04-03,3.415
2023-04-04,3.339
2023-04-05,3.309
2023-04-06,3.303
2023-04-07,3.413
2023-04-10,3.415
2023-04-11,3.432
2023-04-12,3.4
2023-04-13,3.449
2023-04-14,3.515
2023-04-17,3.606
2023-04-18,3.578
2023-04-19,3.591
2023-04-20,3.536
2023-04-21,3.568
2023-04-24,3.496
2023-04-25,3.4
2023-04-26,3.445
2023-04-27,3.528
2023-04-28,3.433
2023-05-01,3.57
2023-05-02,3.433
2023-05-03,3.364
2023-05-04,3.377
2023-05-05,3.435
2023-05-08,3.507
2023-05-09,3.522
2023-05-10,3.439
2023-05-11,3.386
2023-05-12,3.463
2023-05-15,3.507
2023-05-16,3.541
2023-05-17,3.572
2023-05-18,3.651
2023-05-19,3.682
2023-05-22,3.719
2023-05-23,3.698
2023-05-24,3.744
2023-05-25,3.823
2023-05-26,3.819
2023-05-29,3.764
2023-05-30,3.694
2023-05-31,3.646
2023-06-01,3.601
2023-06-02,3.698
2023-06-05,3.689
2023-06-06,3.677
2023-06-07,3.793
2023-06-08,3.718
2023-06-09,3.743
2023-06-12,3.743
2023-06-13,3.827
2023-06-14,3.79
2023-06-15,3.72
2023-06-16,3.767
2023-06-19,3.822
2023-06-20,3.719
2023-06-21,3.727
2023-06-22,3.797
2023-06-23,3.737
2023-06-26,3.723
2023-06-27,3.772
2023-06-28,3.714
2023-06-29,3.842
2023-06-30,3.841
2023-07-03,3.858
2023-07-04,3.839
2023-07-05,3.934
2023-07-06,4.031
2023-07-07,4.066
2023-07-10,4.0
2023-07-11,3.978
2023-07-12,3.861
2023-07-13,3.767
2023-07-14,3.83
2023-07-17,3.809
2023-07-18,3.789
2023-07-19,3.748
2023-07-20,3.856
2023-07-21,3.837
2023-07-24,3.878
2023-07-25,3.89
2023-07-26,3.873
2023-07-27,4.002
2023-07-28,3.957
2023-07-31,3.967
2023-08-01,4.037
2023-08-02,4.09
2023-08-03,4.179
2023-08-04,4.042
2023-08-07,4.097
2023-08-08,4.028
2023-08-09,4.016
2023-08-10,4.107
2023-08-11,4.158
2023-08-14,4.201
2023-08-15,4.215
2023-08-16,4.252
2023-08-17,4.278
2023-08-18,4.256
2023-08-21,4.341
2023-08-22,4.327
2023-08-23,4.195
2023-08-24,4.238
2023-08-25,4.237
2023-08-28,4.205
2023-08-29,4.123
2023-08-30,4.116
2023-08-31,4.109
2023-09-01,4.18
2023-09-04,4.18
2023-09-05,4.263
2023-09-06,4.282
2023-09-07,4.247
2023-09-08,4.267
2023-09-11,4.292
2023-09-12,4.283
2023-09-13,4.251
2023-09-14,4.289
2023-09-15,4.334
2023-09-18,4.304
2023-09-19,4.36
2023-09-20,4.409
2023-09-21,4.496
2023-09-22,4.435
2023-09-25,4.535
2023-09-26,4.537
2023-09-27,4.609
2023-09-28,4.576
2023-09-29,4.572
2023-10-02,4.68
2023-10-03,4.797
2023-10-04,4.734
2023-10-05,4.72
2023-10-06,4.803
2023-10-09,4.803
2023-10-10,4.654
2023-10-11,4.559
2023-10-12,4.699
2023-10-13,4.613
2023-10-16,4.707
2023-10-17,4.836
2023-10-18,4.916
2023-10-19,4.991
2023-10-20,4.916
2023-10-23,4.851
2023-10-24,4.825
2023-10-25,4.957
2023-10-26,4.846
2023-10-27,4.837
2023-10-30,4.895
2023-10-31,4.932
2023-11-01,4.735
2023-11-02,4.66
2023-11-03,4.573
2023-11-06,4.644
2023-11-07,4.568
2023-11-08,4.494
2023-11-09,4.626
2023-11-10,4.653
2023-11-13,4.641
2023-11-14,4.448
2023-11-15,4.532
2023-11-16,4.437
2023-11-17,4.436
2023-11-20,4.421
2023-11-21,4.394
2023-11-22,4.406
2023-11-23,4.406
2023-11-24,4.468
2023-11-27,4.388
2023-11-28,4.322
2023-11-29,4.256
2023-11-30,4.327
2023-12-01,4.197
2023-12-04,4.255
2023-12-05,4.166
2023-12-06,4.105
2023-12-07,4.15
2023-12-08,4.227
2023-12-11,4.234
2023-12-12,4.202
2023-12-13,4.017
2023-12-14,3.922
2023-12-15,3.912
2023-12-18,3.933
2023-12-19,3.932
2023-12-20,3.848
2023-12-21,3.889
2023-12-22,3.896
2023-12-25,3.896
2023-12-26,3.898
2023-12-27,3.795
2023-12-28,3.845
2023-12-29,3.88
2024-01-01,3.88
2024-01-02,3.931
2024-01-03,3.918
2024-01-04,4.001
2024-01-05,4.047
2024-01-08,4.031
2024-01-09,4.014
2024-01-10,4.029
2024-01-11,3.967
2024-01-12,3.941
2024-01-15,3.941
2024-01-16,4.059
2024-01-17,4.104
2024-01-18,4.143
2024-01-19,4.124
2024-01-22,4.106
2024-01-23,4.13
2024-01-24,4.177
2024-01-25,4.119
2024-01-26,4.138
2024-01-29,4.075
2024-01-30,4.033
2024-01-31,3.913
2024-02-01,3.881
2024-02-02,4.022
2024-02-05,4.159
2024-02-06,4.101
2024-02-07,4.122
2024-02-08,4.155
2024-02-09,4.176
2024-02-12,4.18
2024-02-13,4.315
2024-02-14,4.257
2024-02-15,4.232
2024-02-16,4.281
2024-02-19,4.281
2024-02-20,4.276
2024-02-21,4.32
2024-02-22,4.323
2024-02-23,4.249
2024-02-26,4.28
2024-02-27,4.304
2024-02-28,4.265
2024-02-29,4.251
2024-03-01,4.182
2024-03-04,4.214
2024-03-05,4.153
2024-03-06,4.104
2024-03-07,4.085
2024-03-08,4.076
2024-03-11,4.099
2024-03-12,4.153
2024-03-13,4.191
2024-03-14,4.291
2024-03-15,4.307
2024-03-18,4.325
2024-03-19,4.294
2024-03-20,4.274
2024-03-21,4.268
2024-03-22,4.199
2024-03-25,4.246
2024-03-26,4.233
2024-03-27,4.191
2024-03-28,4.201
2024-03-29,4.201
2024-04-01,4.311
2024-04-02,4.35
2024-04-03,4.348
2024-04-04,4.31
2024-04-05,4.404
2024-04-08,4.422
2024-04-09,4.363
2024-04-10,4.545
2024-04-11,4.589
2024-04-12,4.523
2024-04-15,4.603
2024-04-16,4.668
2024-04-17,4.588
2024-04-18,4.634
2024-04-19,4.622
2024-04-22,4.61
2024-04-23,4.601
2024-04-24,4.643
2024-04-25,4.705
2024-04-26,4.665
2024-04-29,4.615
2024-04-30,4.681
2024-05-01,4.629
2024-05-02,4.582
2024-05-03,4.51
2024-05-06,4.488
2024-05-07,4.458
2024-05-08,4.495
2024-05-09,4.454
2024-05-10,4.497
2024-05-13,4.487
2024-05-14,4.44
2024-05-15,4.341
2024-05-16,4.376
2024-05-17,4.422
2024-05-20,4.445
2024-05-21,4.413
2024-05-22,4.424
2024-05-23,4.478
2024-05-24,4.466
2024-05-27,4.466
2024-05-28,4.551
2024-05-29,4.614
2024-05-30,4.547
2024-05-31,4.5
2024-06-03,4.389
2024-06-04,4.327
2024-06-05,4.276
2024-06-06,4.288
2024-06-07,4.434
2024-06-10,4.468
2024-06-11,4.405
2024-06-12,4.317
2024-06-13,4.245
2024-06-14,4.222
2024-06-17,4.282
2024-06-18,4.224
2024-06-19,4.224
2024-06-20,4.261
2024-06-21,4.257
2024-06-24,4.233
2024-06-25,4.249
2024-06-26,4.33
2024-06-27,4.287
2024-06-28,4.397
2024-07-01,4.462
2024-07-02,4.433
2024-07-03,4.36
2024-07-04,4.36
2024-07-05,4.279
2024-07-08,4.28
2024-07-09,4.297
2024-07-10,4.285
2024-07-11,4.211
2024-07-12,4.184
2024-07-15,4.23
2024-07-16,4.159
2024-07-17,4.159
2024-07-18,4.203
2024-07-19,4.24
2024-07-22,4.254
2024-07-23,4.252
2024-07-24,4.285
2024-07-25,4.242
2024-07-26,4.195
2024-07-29,4.175
2024-07-30,4.14
2024-07-31,4.032
2024-08-01,3.977
2024-08-02,3.791
2024-08-05,3.789
2024-08-06,3.893
2024-08-07,3.944
2024-08-08,3.99
2024-08-09,3.941
2024-08-12,3.905
2024-08-13,3.844
2024-08-14,3.837
2024-08-15,3.914
2024-08-16,3.884
2024-08-19,3.872
2024-08-20,3.808
2024-08-21,3.802
2024-08-22,3.853
2024-08-23,3.8
2024-08-26,3.817
2024-08-27,3.823
2024-08-28,3.836
2024-08-29,3.862
2024-08-30,3.904
2024-09-02,3.904
2024-09-03,3.832
2024-09-04,3.756
2024-09-05,3.728
2024-09-06,3.71
2024-09-09,3.701
2024-09-10,3.644
2024-09-11,3.654
2024-09-12,3.675
2024-09-13,3.653
2024-09-16,3.619
2024-09-17,3.647
2024-09-18,3.705
2024-09-19,3.715
2024-09-20,3.742
2024-09-23,3.751
2024-09-24,3.73
2024-09-25,3.786
2024-09-26,3.797
2024-09-27,3.752
2024-09-30,3.782
2024-10-01,3.732
2024-10-02,3.783
2024-10-03,3.847
2024-10-04,3.968
2024-10-07,4.027
2024-10-08,4.013
2024-10-09,4.074
2024-10-10,4.063
2024-10-11,4.101
2024-10-14,4.101
2024-10-15,4.034
2024-10-16,4.014
2024-10-17,4.092
2024-10-18,4.084
2024-10-21,4.197
2024-10-22,4.209
2024-10-23,4.247
2024-10-24,4.213
2024-10-25,4.241
2024-10-28,4.283
2024-10-29,4.255
2024-10-30,4.301
2024-10-31,4.285
2024-11-01,4.385
2024-11-04,4.286
2024-11-05,4.273
2024-11-06,4.433
2024-11-07,4.328
2024-11-08,4.305
2024-11-11,4.305
2024-11-12,4.429
2024-11-13,4.452
2024-11-14,4.437
2024-11-15,4.44
2024-11-18,4.415
2024-11-19,4.397
2024-11-20,4.412
2024-11-21,4.423
2024-11-22,4.401
2024-11-25,4.275
2024-11-26,4.307
2024-11-27,4.264
2024-11-28,4.264
2024-11-29,4.17
2024-12-02,4.192
2024-12-03,4.225
2024-12-04,4.181
2024-12-05,4.177
2024-12-06,4.154
2024-12-09,4.202
2024-12-10,4.227
2024-12-11,4.272
2024-12-12,4.329
2024-12-13,4.398
2024-12-16,4.399
2024-12-17,4.4
2024-12-18,4.516
2024-12-19,4.564
2024-12-20,4.523
2024-12-23,4.588
2024-12-24,4.59
2024-12-25,4.59
2024-12-26,4.584
2024-12-27,4.626
2024-12-30,4.534
2024-12-31,4.572
2025-01-01,4.572
2025-01-02,4.56
2025-01-03,4.599
2025-01-06,4.631
2025-01-07,4.686
2025-01-08,4.691
2025-01-09,4.69
2025-01-10,4.76
2025-01-13,4.78
2025-01-14,4.793
2025-01-15,4.654
2025-01-16,4.614
2025-01-17,4.628
2025-01-20,4.628
2025-01-21,4.577
2025-01-22,4.612
2025-01-23,4.645
2025-01-24,4.622
2025-01-27,4.535
2025-01-28,4.533
2025-01-29,4.53
2025-01-30,4.517
2025-01-31,4.541
2025-02-03,4.557
2025-02-04,4.513
2025-02-05,4.419
2025-02-06,4.435
2025-02-07,4.496
2025-02-10,4.498
2025-02-11,4.536
2025-02-12,4.625
2025-02-13,4.53
2025-02-14,4.477
2025-02-17,4.477
2025-02-18,4.551
2025-02-19,4.534
2025-02-20,4.506
2025-02-21,4.432
2025-02-24,4.401
2025-02-25,4.295
2025-02-26,4.257
2025-02-27,4.261
2025-02-28,4.209
2025-03-03,4.156
2025-03-04,4.245
2025-03-05,4.28
2025-03-06,4.279
2025-03-07,4.303
2025-03-10,4.215
2025-03-11,4.281
2025-03-12,4.313
2025-03-13,4.27
2025-03-14,4.314
2025-03-17,4.3
2025-03-18,4.285
2025-03-19,4.244
2025-03-20,4.239
2025-03-21,4.248
2025-03-24,4.337
2025-03-25,4.314
2025-03-26,4.353
2025-03-27,4.361
2025-03-28,4.25
2025-03-31,4.207
2025-04-01,4.17
2025-04-02,4.133
2025-04-03,4.03
2025-04-04,3.997
2025-04-07,4.186
2025-04-08,4.295
2025-04-09,4.336
2025-04-10,4.428
2025-04-11,4.492
2025-04-14,4.376
2025-04-15,4.336
2025-04-16,4.279
2025-04-17,4.326
2025-04-18,4.326
2025-04-21,4.412
2025-04-22,4.403
2025-04-23,4.384
2025-04-24,4.317
2025-04-25,4.237
2025-04-28,4.21
2025-04-29,4.174
2025-04-30,4.163
2025-05-01,4.22
2025-05-02,4.31
2025-05-05,4.345
2025-05-06,4.297
2025-05-07,4.271
2025-05-08,4.38
2025-05-09,4.38
2025-05-12,4.473
2025-05-13,4.467
2025-05-14,4.538
2025-05-15,4.433
2025-05-16,4.48
2025-05-19,4.45
2025-05-20,4.489
2025-05-21,4.601
2025-05-22,4.53
2025-05-23,4.513
2025-05-26,4.513
2025-05-27,4.446
2025-05-28,4.48
2025-05-29,4.42
2025-05-30,4.403
2025-06-02,4.442
2025-06-03,4.456
2025-06-04,4.356
2025-06-05,4.393
2025-06-06,4.508
2025-06-09,4.476
2025-06-10,4.472
2025-06-11,4.422
2025-06-12,4.361
2025-06-13,4.401
2025-06-16,4.448
2025-06-17,4.391
2025-06-18,4.393
2025-06-19,4.393
2025-06-20,4.378
2025-06-23,4.349
2025-06-24,4.296
2025-06-25,4.293
2025-06-26,4.243
2025-06-27,4.279
2025-06-30,4.23
2025-07-01,4.243
2025-07-02,4.279
2025-07-03,4.348
2025-07-04,4.348
2025-07-07,4.381
2025-07-08,4.401
2025-07-09,4.333
2025-07-10,4.351
2025-07-11,4.411
2025-07-14,4.435
2025-07-15,4.483
2025-07-16,4.457
2025-07-17,4.453
2025-07-18,4.418
2025-07-21,4.379
2025-07-22,4.346
2025-07-23,4.383
2025-07-24,4.398
2025-07-25,4.39
2025-07-28,4.412
2025-07-29,4.321
2025-07-30,4.372
2025-07-31,4.376
2025-08-01,4.218
2025-08-04,4.194
2025-08-05,4.212
2025-08-06,4.229
2025-08-07,4.251
2025-08-08,4.284
2025-08-11,4.287
2025-08-12,4.291
2025-08-13,4.235
2025-08-14,4.286
2025-08-15,4.319
2025-08-18,4.334
2025-08-19,4.307
2025-08-20,4.292
2025-08-21,4.329
2025-08-22,4.255
2025-08-25,4.276
2025-08-26,4.262
2025-08-27,4.235
2025-08-28,4.205
2025-08-29,4.23
2025-09-01,4.23
2025-09-02,4.262
2025-09-03,4.218
2025-09-04,4.162
2025-09-05,4.076
2025-09-08,4.041
2025-09-09,4.088
2025-09-10,4.047
2025-09-11,4.022
2025-09-12,4.067
2025-09-15,4.039
2025-09-16,4.029
2025-09-17,4.089
2025-09-18,4.106
2025-09-19,4.128
2025-09-22,4.148
2025-09-23,4.107
2025-09-24,4.148
2025-09-25,4.171
2025-09-26,4.176
2025-09-29,4.14
2025-09-30,4.151
2025-10-01,4.099
2025-10-02,4.084
2025-10-03,4.12
2025-10-06,4.154
2025-10-07,4.124
2025-10-08,4.119
2025-10-09,4.139
2025-10-10,4.034
2025-10-13,4.034
2025-10-14,4.033
2025-10-15,4.029
2025-10-16,3.975
2025-10-17,4.01
2025-10-20,3.981
2025-10-21,3.964
2025-10-22,3.951
2025-10-23,4.002
2025-10-24,4.003
2025-10-27,3.981
2025-10-28,3.977
2025-10-29,4.078
2025-10-30,4.099
2025-10-31,4.078
2025-11-03,4.111
2025-11-04,4.086
2025-11-05,4.16
2025-11-06,4.084
2025-11-07,4.098
2025-11-10,4.117
2025-11-11,4.117
2025-11-12,4.07
2025-11-13,4.12
2025-11-14,4.149
2025-11-17,4.14
2025-11-18,4.114
2025-11-19,4.138
2025-11-20,4.085
2025-11-21,4.065
2025-11-24,4.026
2025-11-25,3.997
2025-11-26,3.995
2025-11-27,3.995
2025-11-28,4.015
2025-12-01,4.087
2025-12-02,4.087
2025-12-03,4.064
2025-12-04,4.099
2025-12-05,4.136
2025-12-08,4.165
2025-12-09,4.189
2025-12-10,4.149
2025-12-11,4.158
2025-12-12,4.185
2025-12-15,4.174
2025-12-16,4.146
2025-12-17,4.154
2025-12-18,4.123
2025-12-19,4.148
2025-12-22,4.165
2025-12-23,4.165
2025-12-24,4.136
2025-12-25,4.136
2025-12-26,4.129
2025-12-29,4.111
2025-12-30,4.123
2025-12-31,4.169
