fecha,X3_embig_peru
2011-01-03,161
2011-01-04,141
2011-01-05,135
2011-01-06,142
2011-01-07,147
2011-01-10,151
2011-01-11,144
2011-01-12,141
2011-01-13,143
2011-01-14,143
2011-01-17,143
2011-01-18,140
2011-01-19,148
2011-01-20,142
2011-01-21,144
2011-01-24,143
2011-01-25,152
2011-01-26,140
2011-01-27,148
2011-01-28,157
2011-01-31,152
2011-02-01,145
2011-02-02,140
2011-02-03,134
2011-02-04,129
2011-02-07,135
2011-02-08,127
2011-02-09,139
2011-02-10,136
2011-02-11,142
2011-02-14,150
2011-02-15,157
2011-02-16,150
2011-02-17,149
2011-02-18,147
2011-02-21,147
2011-02-22,157
2011-02-23,158
2011-02-24,162
2011-02-25,162
2011-02-28,156
2011-03-01,151
2011-03-02,143
2011-03-03,132
2011-03-04,141
2011-03-07,138
2011-03-08,133
2011-03-09,138
2011-03-10,150
2011-03-11,148
2011-03-14,152
2011-03-15,157
2011-03-16,167
2011-03-17,163
2011-03-18,163
2011-03-21,166
2011-03-22,172
2011-03-23,171
2011-03-24,169
2011-03-25,165
2011-03-28,168
2011-03-29,174
2011-03-30,172
2011-03-31,173
2011-04-01,173
2011-04-04,179
2011-04-05,176
2011-04-06,164
2011-04-07,157
2011-04-08,160
2011-04-11,162
2011-04-12,170
2011-04-13,184
2011-04-14,193
2011-04-15,202
2011-04-18,203
2011-04-19,206
2011-04-20,203
2011-04-21,204
2011-04-22,204
2011-04-25,210
2011-04-26,227
2011-04-27,231
2011-04-28,226
2011-04-29,217
2011-05-02,218
2011-05-03,216
2011-05-04,199
2011-05-05,200
2011-05-06,189
2011-05-09,188
2011-05-10,188
2011-05-11,194
2011-05-12,183
2011-05-13,178
2011-05-16,181
2011-05-17,183
2011-05-18,181
2011-05-19,179
2011-05-20,182
2011-05-23,175
2011-05-24,176
2011-05-25,174
2011-05-26,182
2011-05-27,182
2011-05-30,182
2011-05-31,189
2011-06-01,201
2011-06-02,189
2011-06-03,192
2011-06-06,214
2011-06-07,195
2011-06-08,199
2011-06-09,189
2011-06-10,191
2011-06-13,193
2011-06-14,182
2011-06-15,193
2011-06-16,198
2011-06-17,197
2011-06-20,196
2011-06-21,193
2011-06-22,192
2011-06-23,197
2011-06-24,200
2011-06-27,191
2011-06-28,184
2011-06-29,177
2011-06-30,169
2011-07-01,168
2011-07-04,168
2011-07-05,168
2011-07-06,173
2011-07-07,168
2011-07-08,180
2011-07-11,186
2011-07-12,189
2011-07-13,189
2011-07-14,182
2011-07-15,185
2011-07-18,176
2011-07-19,177
2011-07-20,169
2011-07-21,160
2011-07-22,163
2011-07-25,160
2011-07-26,160
2011-07-27,154
2011-07-28,154
2011-07-29,159
2011-08-01,151
2011-08-02,159
2011-08-03,162
2011-08-04,183
2011-08-05,181
2011-08-08,216
2011-08-09,225
2011-08-10,225
2011-08-11,214
2011-08-12,216
2011-08-15,204
2011-08-16,209
2011-08-17,208
2011-08-18,216
2011-08-19,218
2011-08-22,213
2011-08-23,210
2011-08-24,194
2011-08-25,200
2011-08-26,204
2011-08-29,194
2011-08-30,202
2011-08-31,186
2011-09-01,194
2011-09-02,207
2011-09-05,207
2011-09-06,213
2011-09-07,206
2011-09-08,209
2011-09-09,222
2011-09-12,227
2011-09-13,221
2011-09-14,224
2011-09-15,219
2011-09-16,221
2011-09-19,239
2011-09-20,236
2011-09-21,247
2011-09-22,283
2011-09-23,277
2011-09-26,280
2011-09-27,269
2011-09-28,270
2011-09-29,274
2011-09-30,279
2011-10-03,295
2011-10-04,295
2011-10-05,292
2011-10-06,271
2011-10-07,261
2011-10-10,261
2011-10-11,235
2011-10-12,217
2011-10-13,224
2011-10-14,212
2011-10-17,219
2011-10-18,218
2011-10-19,218
2011-10-20,219
2011-10-21,215
2011-10-24,212
2011-10-25,219
2011-10-26,208
2011-10-27,183
2011-10-28,192
2011-10-31,205
2011-11-01,210
2011-11-02,209
2011-11-03,192
2011-11-04,192
2011-11-07,199
2011-11-08,190
2011-11-09,208
2011-11-10,198
2011-11-11,198
2011-11-14,201
2011-11-15,199
2011-11-16,203
2011-11-17,210
2011-11-18,217
2011-11-21,228
2011-11-22,231
2011-11-23,242
2011-11-24,242
2011-11-25,242
2011-11-28,236
2011-11-29,238
2011-11-30,227
2011-12-01,217
2011-12-02,220
2011-12-05,219
2011-12-06,211
2011-12-07,218
2011-12-08,221
2011-12-09,210
2011-12-12,215
2011-12-13,215
2011-12-14,223
2011-12-15,221
2011-12-16,228
2011-12-19,232
2011-12-20,218
2011-12-21,212
2011-12-22,214
2011-12-23,205
2011-12-26,205
2011-12-27,207
2011-12-28,215
2011-12-29,217
2011-12-30,216
2012-01-02,216
2012-01-03,206
2012-01-04,205
2012-01-05,207
2012-01-06,211
2012-01-09,210
2012-01-10,211
2012-01-11,228
2012-01-12,227
2012-01-13,233
2012-01-16,233
2012-01-17,235
2012-01-18,230
2012-01-19,220
2012-01-20,214
2012-01-23,212
2012-01-24,221
2012-01-25,220
2012-01-26,223
2012-01-27,221
2012-01-30,223
2012-01-31,221
2012-02-01,214
2012-02-02,215
2012-02-03,203
2012-02-06,207
2012-02-07,199
2012-02-08,200
2012-02-09,195
2012-02-10,204
2012-02-13,196
2012-02-14,201
2012-02-15,201
2012-02-16,195
2012-02-17,192
2012-02-20,192
2012-02-21,188
2012-02-22,191
2012-02-23,195
2012-02-24,198
2012-02-27,203
2012-02-28,200
2012-02-29,195
2012-03-01,187
2012-03-02,187
2012-03-05,187
2012-03-06,193
2012-03-07,186
2012-03-08,180
2012-03-09,179
2012-03-12,174
2012-03-13,165
2012-03-14,152
2012-03-15,152
2012-03-16,150
2012-03-19,144
2012-03-20,145
2012-03-21,151
2012-03-22,154
2012-03-23,158
2012-03-26,157
2012-03-27,161
2012-03-28,160
2012-03-29,164
2012-03-30,157
2012-04-02,159
2012-04-03,148
2012-04-04,153
2012-04-05,160
2012-04-06,160
2012-04-09,173
2012-04-10,179
2012-04-11,171
2012-04-12,165
2012-04-13,168
2012-04-16,171
2012-04-17,163
2012-04-18,163
2012-04-19,162
2012-04-20,161
2012-04-23,167
2012-04-24,165
2012-04-25,162
2012-04-26,165
2012-04-27,166
2012-04-30,166
2012-05-01,160
2012-05-02,159
2012-05-03,154
2012-05-04,156
2012-05-07,155
2012-05-08,159
2012-05-09,161
2012-05-10,156
2012-05-11,164
2012-05-14,175
2012-05-15,180
2012-05-16,184
2012-05-17,195
2012-05-18,197
2012-05-21,196
2012-05-22,190
2012-05-23,201
2012-05-24,195
2012-05-25,197
2012-05-28,197
2012-05-29,197
2012-05-30,208
2012-05-31,216
2012-06-01,226
2012-06-04,217
2012-06-05,208
2012-06-06,193
2012-06-07,189
2012-06-08,190
2012-06-11,195
2012-06-12,188
2012-06-13,189
2012-06-14,184
2012-06-15,176
2012-06-18,182
2012-06-19,180
2012-06-20,180
2012-06-21,183
2012-06-22,176
2012-06-25,182
2012-06-26,180
2012-06-27,181
2012-06-28,184
2012-06-29,174
2012-07-02,182
2012-07-03,174
2012-07-04,174
2012-07-05,174
2012-07-06,179
2012-07-09,180
2012-07-10,176
2012-07-11,165
2012-07-12,162
2012-07-13,157
2012-07-16,156
2012-07-17,151
2012-07-18,153
2012-07-19,150
2012-07-20,155
2012-07-23,158
2012-07-24,165
2012-07-25,165
2012-07-26,162
2012-07-27,146
2012-07-30,148
2012-07-31,145
2012-08-01,136
2012-08-02,142
2012-08-03,130
2012-08-06,131
2012-08-07,124
2012-08-08,122
2012-08-09,125
2012-08-10,130
2012-08-13,131
2012-08-14,130
2012-08-15,126
2012-08-16,126
2012-08-17,132
2012-08-20,134
2012-08-21,131
2012-08-22,137
2012-08-23,139
2012-08-24,137
2012-08-27,140
2012-08-28,139
2012-08-29,136
2012-08-30,139
2012-08-31,145
2012-09-03,145
2012-09-04,143
2012-09-05,141
2012-09-06,132
2012-09-07,131
2012-09-10,128
2012-09-11,128
2012-09-12,119
2012-09-13,118
2012-09-14,109
2012-09-17,113
2012-09-18,115
2012-09-19,116
2012-09-20,114
2012-09-21,114
2012-09-24,117
2012-09-25,121
2012-09-26,126
2012-09-27,125
2012-09-28,125
2012-10-01,126
2012-10-02,124
2012-10-03,121
2012-10-04,113
2012-10-05,106
2012-10-08,106
2012-10-09,107
2012-10-10,111
2012-10-11,114
2012-10-12,112
2012-10-15,107
2012-10-16,101
2012-10-17,94
2012-10-18,91
2012-10-19,100
2012-10-22,98
2012-10-23,100
2012-10-24,99
2012-10-25,98
2012-10-26,111
2012-10-29,114
2012-10-30,114
2012-10-31,118
2012-11-01,114
2012-11-02,113
2012-11-05,115
2012-11-06,110
2012-11-07,121
2012-11-08,124
2012-11-09,126
2012-11-12,126
2012-11-13,128
2012-11-14,131
2012-11-15,133
2012-11-16,133
2012-11-19,130
2012-11-20,124
2012-11-21,122
2012-11-22,122
2012-11-23,122
2012-11-26,124
2012-11-27,123
2012-11-28,122
2012-11-29,120
2012-11-30,122
2012-12-03,123
2012-12-04,125
2012-12-05,124
2012-12-06,126
2012-12-07,122
2012-12-10,124
2012-12-11,121
2012-12-12,115
2012-12-13,116
2012-12-14,118
2012-12-17,112
2012-12-18,108
2012-12-19,109
2012-12-20,111
2012-12-21,115
2012-12-24,113
2012-12-25,113
2012-12-26,114
2012-12-27,118
2012-12-28,120
2012-12-31,114
2013-01-01,114
2013-01-02,105
2013-01-03,100
2013-01-04,100
2013-01-07,103
2013-01-08,108
2013-01-09,110
2013-01-10,109
2013-01-11,111
2013-01-14,111
2013-01-15,112
2013-01-16,111
2013-01-17,108
2013-01-18,110
2013-01-21,110
2013-01-22,111
2013-01-23,111
2013-01-24,110
2013-01-25,106
2013-01-28,109
2013-01-29,112
2013-01-30,121
2013-01-31,129
2013-02-01,126
2013-02-04,127
2013-02-05,121
2013-02-06,123
2013-02-07,124
2013-02-08,122
2013-02-11,124
2013-02-12,122
2013-02-13,119
2013-02-14,122
2013-02-15,124
2013-02-18,124
2013-02-19,121
2013-02-20,128
2013-02-21,131
2013-02-22,132
2013-02-25,138
2013-02-26,139
2013-02-27,136
2013-02-28,138
2013-03-01,141
2013-03-04,139
2013-03-05,132
2013-03-06,128
2013-03-07,125
2013-03-08,125
2013-03-11,127
2013-03-12,131
2013-03-13,135
2013-03-14,134
2013-03-15,144
2013-03-18,147
2013-03-19,152
2013-03-20,149
2013-03-21,150
2013-03-22,148
2013-03-25,147
2013-03-26,148
2013-03-27,150
2013-03-28,147
2013-03-29,147
2013-04-01,148
2013-04-02,142
2013-04-03,141
2013-04-04,133
2013-04-05,136
2013-04-08,132
2013-04-09,130
2013-04-10,126
2013-04-11,125
2013-04-12,128
2013-04-15,130
2013-04-16,128
2013-04-17,129
2013-04-18,131
2013-04-19,130
2013-04-22,130
2013-04-23,129
2013-04-24,131
2013-04-25,133
2013-04-26,137
2013-04-29,135
2013-04-30,132
2013-05-01,129
2013-05-02,125
2013-05-03,122
2013-05-06,122
2013-05-07,121
2013-05-08,121
2013-05-09,116
2013-05-10,112
2013-05-13,115
2013-05-14,112
2013-05-15,120
2013-05-16,131
2013-05-17,131
2013-05-20,135
2013-05-21,142
2013-05-22,134
2013-05-23,146
2013-05-24,149
2013-05-27,149
2013-05-28,156
2013-05-29,165
2013-05-30,164
2013-05-31,159
2013-06-03,161
2013-06-04,157
2013-06-05,162
2013-06-06,171
2013-06-07,162
2013-06-10,165
2013-06-11,181
2013-06-12,170
2013-06-13,162
2013-06-14,165
2013-06-17,161
2013-06-18,172
2013-06-19,182
2013-06-20,199
2013-06-21,191
2013-06-24,212
2013-06-25,211
2013-06-26,206
2013-06-27,205
2013-06-28,201
2013-07-01,192
2013-07-02,186
2013-07-03,191
2013-07-04,191
2013-07-05,185
2013-07-08,189
2013-07-09,189
2013-07-10,184
2013-07-11,188
2013-07-12,180
2013-07-15,175
2013-07-16,174
2013-07-17,166
2013-07-18,157
2013-07-19,160
2013-07-22,156
2013-07-23,153
2013-07-24,157
2013-07-25,163
2013-07-26,172
2013-07-29,175
2013-07-30,178
2013-07-31,180
2013-08-01,179
2013-08-02,179
2013-08-05,176
2013-08-06,179
2013-08-07,183
2013-08-08,183
2013-08-09,186
2013-08-12,183
2013-08-13,177
2013-08-14,181
2013-08-15,185
2013-08-16,188
2013-08-19,193
2013-08-20,197
2013-08-21,200
2013-08-22,196
2013-08-23,199
2013-08-26,199
2013-08-27,208
2013-08-28,206
2013-08-29,208
2013-08-30,207
2013-09-02,207
2013-09-03,204
2013-09-04,202
2013-09-05,196
2013-09-06,192
2013-09-09,188
2013-09-10,194
2013-09-11,190
2013-09-12,191
2013-09-13,191
2013-09-16,182
2013-09-17,178
2013-09-18,174
2013-09-19,162
2013-09-20,163
2013-09-23,163
2013-09-24,166
2013-09-25,169
2013-09-26,176
2013-09-27,179
2013-09-30,184
2013-10-01,180
2013-10-02,179
2013-10-03,180
2013-10-04,177
2013-10-07,175
2013-10-08,172
2013-10-09,169
2013-10-10,168
2013-10-11,166
2013-10-14,166
2013-10-15,161
2013-10-16,165
2013-10-17,171
2013-10-18,168
2013-10-21,169
2013-10-22,175
2013-10-23,174
2013-10-24,175
2013-10-25,179
2013-10-28,179
2013-10-29,178
2013-10-30,174
2013-10-31,176
2013-11-01,176
2013-11-04,175
2013-11-05,176
2013-11-06,177
2013-11-07,182
2013-11-08,182
2013-11-11,182
2013-11-12,189
2013-11-13,189
2013-11-14,182
2013-11-15,179
2013-11-18,179
2013-11-19,179
2013-11-20,178
2013-11-21,181
2013-11-22,183
2013-11-25,190
2013-11-26,194
2013-11-27,193
2013-11-28,193
2013-11-29,193
2013-12-02,193
2013-12-03,195
2013-12-04,193
2013-12-05,191
2013-12-06,188
2013-12-09,187
2013-12-10,189
2013-12-11,184
2013-12-12,177
2013-12-13,176
2013-12-16,173
2013-12-17,177
2013-12-18,171
2013-12-19,168
2013-12-20,173
2013-12-23,170
2013-12-24,163
2013-12-25,163
2013-12-26,162
2013-12-27,163
2013-12-30,166
2013-12-31,162
2014-01-01,162
2014-01-02,165
2014-01-03,164
2014-01-06,166
2014-01-07,168
2014-01-08,166
2014-01-09,164
2014-01-10,170
2014-01-13,172
2014-01-14,167
2014-01-15,163
2014-01-16,166
2014-01-17,168
2014-01-20,168
2014-01-21,169
2014-01-22,176
2014-01-23,190
2014-01-24,193
2014-01-27,193
2014-01-28,194
2014-01-29,201
2014-01-30,201
2014-01-31,202
2014-02-03,210
2014-02-04,200
2014-02-05,191
2014-02-06,188
2014-02-07,183
2014-02-10,182
2014-02-11,178
2014-02-12,174
2014-02-13,178
2014-02-14,177
2014-02-17,177
2014-02-18,178
2014-02-19,178
2014-02-20,178
2014-02-21,177
2014-02-24,173
2014-02-25,178
2014-02-26,182
2014-02-27,182
2014-02-28,181
2014-03-03,184
2014-03-04,173
2014-03-05,166
2014-03-06,164
2014-03-07,163
2014-03-10,162
2014-03-11,162
2014-03-12,163
2014-03-13,168
2014-03-14,168
2014-03-17,165
2014-03-18,166
2014-03-19,164
2014-03-20,168
2014-03-21,168
2014-03-24,173
2014-03-25,168
2014-03-26,168
2014-03-27,168
2014-03-28,166
2014-03-31,165
2014-04-01,155
2014-04-02,153
2014-04-03,156
2014-04-04,156
2014-04-07,156
2014-04-08,157
2014-04-09,155
2014-04-10,154
2014-04-11,156
2014-04-14,154
2014-04-15,157
2014-04-16,156
2014-04-17,148
2014-04-18,148
2014-04-21,148
2014-04-22,149
2014-04-23,156
2014-04-24,155
2014-04-25,157
2014-04-28,153
2014-04-29,150
2014-04-30,149
2014-05-01,152
2014-05-02,153
2014-05-05,152
2014-05-06,148
2014-05-07,146
2014-05-08,143
2014-05-09,143
2014-05-12,139
2014-05-13,140
2014-05-14,143
2014-05-15,151
2014-05-16,152
2014-05-19,149
2014-05-20,153
2014-05-21,151
2014-05-22,153
2014-05-23,153
2014-05-26,153
2014-05-27,155
2014-05-28,156
2014-05-29,152
2014-05-30,150
2014-06-02,147
2014-06-03,144
2014-06-04,142
2014-06-05,141
2014-06-06,134
2014-06-09,132
2014-06-10,134
2014-06-11,141
2014-06-12,148
2014-06-13,148
2014-06-16,151
2014-06-17,149
2014-06-18,150
2014-06-19,149
2014-06-20,150
2014-06-23,147
2014-06-24,151
2014-06-25,147
2014-06-26,148
2014-06-27,150
2014-06-30,151
2014-07-01,147
2014-07-02,144
2014-07-03,136
2014-07-04,136
2014-07-07,136
2014-07-08,144
2014-07-09,146
2014-07-10,147
2014-07-11,149
2014-07-14,148
2014-07-15,148
2014-07-16,148
2014-07-17,153
2014-07-18,147
2014-07-21,150
2014-07-22,147
2014-07-23,145
2014-07-24,144
2014-07-25,149
2014-07-28,148
2014-07-29,154
2014-07-30,149
2014-07-31,151
2014-08-01,159
2014-08-04,159
2014-08-05,164
2014-08-06,162
2014-08-07,168
2014-08-08,168
2014-08-11,167
2014-08-12,164
2014-08-13,160
2014-08-14,157
2014-08-15,161
2014-08-18,159
2014-08-19,154
2014-08-20,153
2014-08-21,151
2014-08-22,152
2014-08-25,151
2014-08-26,149
2014-08-27,148
2014-08-28,149
2014-08-29,148
2014-09-01,148
2014-09-02,146
2014-09-03,145
2014-09-04,145
2014-09-05,143
2014-09-08,142
2014-09-09,144
2014-09-10,147
2014-09-11,149
2014-09-12,150
2014-09-15,156
2014-09-16,156
2014-09-17,153
2014-09-18,146
2014-09-19,145
2014-09-22,148
2014-09-23,149
2014-09-24,147
2014-09-25,154
2014-09-26,155
2014-09-29,163
2014-09-30,162
2014-10-01,166
2014-10-02,166
2014-10-03,164
2014-10-06,165
2014-10-07,170
2014-10-08,170
2014-10-09,167
2014-10-10,172
2014-10-13,172
2014-10-14,180
2014-10-15,182
2014-10-16,179
2014-10-17,170
2014-10-20,172
2014-10-21,171
2014-10-22,169
2014-10-23,167
2014-10-24,170
2014-10-27,171
2014-10-28,169
2014-10-29,167
2014-10-30,168
2014-10-31,169
2014-11-03,167
2014-11-04,170
2014-11-05,167
2014-11-06,165
2014-11-07,169
2014-11-10,165
2014-11-11,165
2014-11-12,160
2014-11-13,162
2014-11-14,164
2014-11-17,164
2014-11-18,166
2014-11-19,163
2014-11-20,164
2014-11-21,164
2014-11-24,166
2014-11-25,165
2014-11-26,167
2014-11-27,167
2014-11-28,167
2014-12-01,169
2014-12-02,162
2014-12-03,161
2014-12-04,165
2014-12-05,166
2014-12-08,177
2014-12-09,183
2014-12-10,192
2014-12-11,192
2014-12-12,207
2014-12-15,215
2014-12-16,222
2014-12-17,200
2014-12-18,186
2014-12-19,184
2014-12-22,180
2014-12-23,170
2014-12-24,169
2014-12-25,169
2014-12-26,177
2014-12-29,177
2014-12-30,179
2014-12-31,182
2015-01-01,182
2015-01-02,188
2015-01-05,196
2015-01-06,201
2015-01-07,197
2015-01-08,192
2015-01-09,194
2015-01-12,202
2015-01-13,204
2015-01-14,206
2015-01-15,212
2015-01-16,209
2015-01-19,209
2015-01-20,208
2015-01-21,206
2015-01-22,200
2015-01-23,199
2015-01-26,198
2015-01-27,204
2015-01-28,210
2015-01-29,202
2015-01-30,208
2015-02-02,204
2015-02-03,195
2015-02-04,196
2015-02-05,195
2015-02-06,188
2015-02-09,187
2015-02-10,193
2015-02-11,192
2015-02-12,188
2015-02-13,183
2015-02-16,183
2015-02-17,173
2015-02-18,178
2015-02-19,171
2015-02-20,168
2015-02-23,174
2015-02-24,177
2015-02-25,173
2015-02-26,169
2015-02-27,170
2015-03-02,161
2015-03-03,159
2015-03-04,164
2015-03-05,168
2015-03-06,169
2015-03-09,174
2015-03-10,185
2015-03-11,186
2015-03-12,185
2015-03-13,192
2015-03-16,198
2015-03-17,205
2015-03-18,211
2015-03-19,202
2015-03-20,200
2015-03-23,193
2015-03-24,192
2015-03-25,187
2015-03-26,182
2015-03-27,185
2015-03-30,179
2015-03-31,181
2015-04-01,183
2015-04-02,177
2015-04-03,181
2015-04-06,171
2015-04-07,177
2015-04-08,176
2015-04-09,174
2015-04-10,176
2015-04-13,177
2015-04-14,179
2015-04-15,181
2015-04-16,186
2015-04-17,190
2015-04-20,184
2015-04-21,179
2015-04-22,172
2015-04-23,174
2015-04-24,173
2015-04-27,174
2015-04-28,170
2015-04-29,168
2015-04-30,171
2015-05-01,169
2015-05-04,167
2015-05-05,167
2015-05-06,162
2015-05-07,170
2015-05-08,165
2015-05-11,159
2015-05-12,164
2015-05-13,164
2015-05-14,164
2015-05-15,171
2015-05-18,162
2015-05-19,163
2015-05-20,160
2015-05-21,164
2015-05-22,164
2015-05-25,164
2015-05-26,170
2015-05-27,170
2015-05-28,171
2015-05-29,174
2015-06-01,169
2015-06-02,164
2015-06-03,162
2015-06-04,169
2015-06-05,166
2015-06-08,172
2015-06-09,173
2015-06-10,177
2015-06-11,179
2015-06-12,179
2015-06-15,185
2015-06-16,191
2015-06-17,191
2015-06-18,179
2015-06-19,185
2015-06-22,176
2015-06-23,172
2015-06-24,176
2015-06-25,178
2015-06-26,172
2015-06-29,186
2015-06-30,182
2015-07-01,173
2015-07-02,173
2015-07-03,173
2015-07-06,187
2015-07-07,189
2015-07-08,190
2015-07-09,183
2015-07-10,174
2015-07-13,175
2015-07-14,176
2015-07-15,185
2015-07-16,185
2015-07-17,185
2015-07-20,183
2015-07-21,186
2015-07-22,190
2015-07-23,197
2015-07-24,200
2015-07-27,206
2015-07-28,202
2015-07-29,194
2015-07-30,192
2015-07-31,196
2015-08-03,200
2015-08-04,199
2015-08-05,197
2015-08-06,203
2015-08-07,207
2015-08-10,205
2015-08-11,211
2015-08-12,210
2015-08-13,206
2015-08-14,209
2015-08-17,212
2015-08-18,215
2015-08-19,223
2015-08-20,229
2015-08-21,236
2015-08-24,247
2015-08-25,237
2015-08-26,238
2015-08-27,231
2015-08-28,227
2015-08-31,225
2015-09-01,232
2015-09-02,232
2015-09-03,234
2015-09-04,239
2015-09-07,239
2015-09-08,231
2015-09-09,227
2015-09-10,226
2015-09-11,232
2015-09-14,231
2015-09-15,218
2015-09-16,216
2015-09-17,220
2015-09-18,221
2015-09-21,218
2015-09-22,232
2015-09-23,231
2015-09-24,245
2015-09-25,245
2015-09-28,261
2015-09-29,266
2015-09-30,258
2015-10-01,256
2015-10-02,249
2015-10-05,231
2015-10-06,231
2015-10-07,229
2015-10-08,224
2015-10-09,222
2015-10-12,222
2015-10-13,229
2015-10-14,233
2015-10-15,226
2015-10-16,219
2015-10-19,222
2015-10-20,225
2015-10-21,225
2015-10-22,224
2015-10-23,216
2015-10-26,216
2015-10-27,221
2015-10-28,217
2015-10-29,213
2015-10-30,220
2015-11-02,214
2015-11-03,206
2015-11-04,208
2015-11-05,210
2015-11-06,209
2015-11-09,213
2015-11-10,218
2015-11-11,218
2015-11-12,222
2015-11-13,226
2015-11-16,224
2015-11-17,226
2015-11-18,224
2015-11-19,223
2015-11-20,221
2015-11-23,220
2015-11-24,221
2015-11-25,223
2015-11-26,223
2015-11-27,224
2015-11-30,224
2015-12-01,230
2015-12-02,228
2015-12-03,220
2015-12-04,221
2015-12-07,230
2015-12-08,232
2015-12-09,233
2015-12-10,233
2015-12-11,250
2015-12-14,242
2015-12-15,236
2015-12-16,237
2015-12-17,238
2015-12-18,246
2015-12-21,246
2015-12-22,243
2015-12-23,240
2015-12-24,242
2015-12-25,242
2015-12-28,244
2015-12-29,233
2015-12-30,237
2015-12-31,240
2016-01-01,240
2016-01-04,244
2016-01-05,236
2016-01-06,243
2016-01-07,247
2016-01-08,254
2016-01-11,257
2016-01-12,265
2016-01-13,274
2016-01-14,268
2016-01-15,281
2016-01-18,281
2016-01-19,284
2016-01-20,288
2016-01-21,283
2016-01-22,273
2016-01-25,276
2016-01-26,275
2016-01-27,270
2016-01-28,269
2016-01-29,273
2016-02-01,271
2016-02-02,285
2016-02-03,281
2016-02-04,281
2016-02-05,281
2016-02-08,298
2016-02-09,296
2016-02-10,299
2016-02-11,313
2016-02-12,296
2016-02-15,296
2016-02-16,289
2016-02-17,276
2016-02-18,281
2016-02-19,277
2016-02-22,275
2016-02-23,276
2016-02-24,270
2016-02-25,268
2016-02-26,261
2016-02-29,260
2016-03-01,244
2016-03-02,240
2016-03-03,238
2016-03-04,234
2016-03-07,234
2016-03-08,238
2016-03-09,227
2016-03-10,226
2016-03-11,218
2016-03-14,223
2016-03-15,226
2016-03-16,225
2016-03-17,218
2016-03-18,215
2016-03-21,213
2016-03-22,213
2016-03-23,224
2016-03-24,225
2016-03-25,225
2016-03-28,228
2016-03-29,232
2016-03-30,225
2016-03-31,226
2016-04-01,224
2016-04-04,227
2016-04-05,237
2016-04-06,232
2016-04-07,240
2016-04-08,237
2016-04-11,224
2016-04-12,214
2016-04-13,210
2016-04-14,204
2016-04-15,207
2016-04-18,204
2016-04-19,200
2016-04-20,191
2016-04-21,190
2016-04-22,194
2016-04-25,194
2016-04-26,193
2016-04-27,195
2016-04-28,196
2016-04-29,198
2016-05-02,196
2016-05-03,202
2016-05-04,205
2016-05-05,206
2016-05-06,202
2016-05-09,204
2016-05-10,205
2016-05-11,205
2016-05-12,204
2016-05-13,210
2016-05-16,204
2016-05-17,205
2016-05-18,201
2016-05-19,218
2016-05-20,215
2016-05-23,219
2016-05-24,216
2016-05-25,213
2016-05-26,214
2016-05-27,209
2016-05-30,209
2016-05-31,213
2016-06-01,211
2016-06-02,211
2016-06-03,212
2016-06-06,205
2016-06-07,203
2016-06-08,204
2016-06-09,207
2016-06-10,213
2016-06-13,216
2016-06-14,220
2016-06-15,216
2016-06-16,218
2016-06-17,212
2016-06-20,205
2016-06-21,202
2016-06-22,203
2016-06-23,198
2016-06-24,214
2016-06-27,225
2016-06-28,218
2016-06-29,205
2016-06-30,200
2016-07-01,193
2016-07-04,193
2016-07-05,199
2016-07-06,196
2016-07-07,195
2016-07-08,191
2016-07-11,184
2016-07-12,177
2016-07-13,181
2016-07-14,177
2016-07-15,172
2016-07-18,171
2016-07-19,176
2016-07-20,173
2016-07-21,176
2016-07-22,178
2016-07-25,180
2016-07-26,185
2016-07-27,188
2016-07-28,189
2016-07-29,194
2016-08-01,191
2016-08-02,187
2016-08-03,184
2016-08-04,185
2016-08-05,174
2016-08-08,175
2016-08-09,178
2016-08-10,178
2016-08-11,170
2016-08-12,173
2016-08-15,167
2016-08-16,163
2016-08-17,163
2016-08-18,163
2016-08-19,160
2016-08-22,164
2016-08-23,163
2016-08-24,161
2016-08-25,161
2016-08-26,156
2016-08-29,161
2016-08-30,162
2016-08-31,162
2016-09-01,165
2016-09-02,160
2016-09-05,160
2016-09-06,164
2016-09-07,158
2016-09-08,151
2016-09-09,159
2016-09-12,160
2016-09-13,156
2016-09-14,164
2016-09-15,169
2016-09-16,175
2016-09-19,173
2016-09-20,169
2016-09-21,160
2016-09-22,154
2016-09-23,157
2016-09-26,166
2016-09-27,168
2016-09-28,159
2016-09-29,158
2016-09-30,154
2016-10-03,152
2016-10-04,148
2016-10-05,146
2016-10-06,146
2016-10-07,145
2016-10-10,145
2016-10-11,146
2016-10-12,143
2016-10-13,145
2016-10-14,144
2016-10-17,146
2016-10-18,147
2016-10-19,145
2016-10-20,144
2016-10-21,146
2016-10-24,144
2016-10-25,148
2016-10-26,147
2016-10-27,147
2016-10-28,148
2016-10-31,155
2016-11-01,161
2016-11-02,165
2016-11-03,161
2016-11-04,165
2016-11-07,157
2016-11-08,153
2016-11-09,151
2016-11-10,163
2016-11-11,163
2016-11-14,182
2016-11-15,162
2016-11-16,171
2016-11-17,170
2016-11-18,168
2016-11-21,171
2016-11-22,173
2016-11-23,176
2016-11-24,176
2016-11-25,176
2016-11-28,177
2016-11-29,178
2016-11-30,173
2016-12-01,172
2016-12-02,174
2016-12-05,173
2016-12-06,169
2016-12-07,166
2016-12-08,163
2016-12-09,159
2016-12-12,164
2016-12-13,164
2016-12-14,161
2016-12-15,161
2016-12-16,159
2016-12-19,164
2016-12-20,161
2016-12-21,162
2016-12-22,163
2016-12-23,163
2016-12-26,163
2016-12-27,160
2016-12-28,165
2016-12-29,168
2016-12-30,170
2017-01-02,170
2017-01-03,171
2017-01-04,167
2017-01-05,164
2017-01-06,160
2017-01-09,163
2017-01-10,162
2017-01-11,161
2017-01-12,156
2017-01-13,151
2017-01-16,151
2017-01-17,152
2017-01-18,148
2017-01-19,151
2017-01-20,152
2017-01-23,157
2017-01-24,154
2017-01-25,151
2017-01-26,156
2017-01-27,155
2017-01-30,156
2017-01-31,159
2017-02-01,154
2017-02-02,152
2017-02-03,148
2017-02-06,152
2017-02-07,155
2017-02-08,157
2017-02-09,149
2017-02-10,148
2017-02-13,146
2017-02-14,147
2017-02-15,148
2017-02-16,154
2017-02-17,155
2017-02-20,155
2017-02-21,154
2017-02-22,154
2017-02-23,155
2017-02-24,158
2017-02-27,152
2017-02-28,152
2017-03-01,144
2017-03-02,143
2017-03-03,143
2017-03-06,141
2017-03-07,139
2017-03-08,141
2017-03-09,143
2017-03-10,141
2017-03-13,141
2017-03-14,143
2017-03-15,140
2017-03-16,135
2017-03-17,136
2017-03-20,138
2017-03-21,141
2017-03-22,144
2017-03-23,142
2017-03-24,141
2017-03-27,142
2017-03-28,139
2017-03-29,142
2017-03-30,140
2017-03-31,146
2017-04-03,149
2017-04-04,146
2017-04-05,147
2017-04-06,148
2017-04-07,146
2017-04-10,146
2017-04-11,152
2017-04-12,150
2017-04-13,154
2017-04-14,154
2017-04-17,153
2017-04-18,159
2017-04-19,155
2017-04-20,154
2017-04-21,153
2017-04-24,146
2017-04-25,143
2017-04-26,144
2017-04-27,145
2017-04-28,144
2017-05-01,141
2017-05-02,143
2017-05-03,140
2017-05-04,140
2017-05-05,141
2017-05-08,138
2017-05-09,138
2017-05-10,136
2017-05-11,135
2017-05-12,139
2017-05-15,139
2017-05-16,139
2017-05-17,147
2017-05-18,148
2017-05-19,147
2017-05-22,147
2017-05-23,141
2017-05-24,137
2017-05-25,141
2017-05-26,140
2017-05-29,140
2017-05-30,144
2017-05-31,145
2017-06-01,144
2017-06-02,144
2017-06-05,139
2017-06-06,139
2017-06-07,136
2017-06-08,137
2017-06-09,137
2017-06-12,137
2017-06-13,136
2017-06-14,142
2017-06-15,143
2017-06-16,145
2017-06-19,142
2017-06-20,148
2017-06-21,150
2017-06-22,151
2017-06-23,151
2017-06-26,150
2017-06-27,146
2017-06-28,146
2017-06-29,149
2017-06-30,145
2017-07-03,142
2017-07-04,142
2017-07-05,143
2017-07-06,145
2017-07-07,144
2017-07-10,143
2017-07-11,143
2017-07-12,144
2017-07-13,141
2017-07-14,142
2017-07-17,142
2017-07-18,142
2017-07-19,141
2017-07-20,141
2017-07-21,142
2017-07-24,141
2017-07-25,139
2017-07-26,138
2017-07-27,135
2017-07-28,138
2017-07-31,152
2017-08-01,152
2017-08-02,152
2017-08-03,153
2017-08-04,150
2017-08-07,151
2017-08-08,149
2017-08-09,154
2017-08-10,160
2017-08-11,161
2017-08-14,156
2017-08-15,153
2017-08-16,156
2017-08-17,160
2017-08-18,160
2017-08-21,161
2017-08-22,158
2017-08-23,161
2017-08-24,156
2017-08-25,155
2017-08-28,155
2017-08-29,155
2017-08-30,153
2017-08-31,153
2017-09-01,149
2017-09-04,149
2017-09-05,153
2017-09-06,151
2017-09-07,150
2017-09-08,150
2017-09-11,144
2017-09-12,143
2017-09-13,139
2017-09-14,140
2017-09-15,141
2017-09-18,139
2017-09-19,139
2017-09-20,139
2017-09-21,144
2017-09-22,143
2017-09-25,146
2017-09-26,145
2017-09-27,143
2017-09-28,142
2017-09-29,140
2017-10-02,140
2017-10-03,140
2017-10-04,140
2017-10-05,140
2017-10-06,140
2017-10-09,140
2017-10-10,142
2017-10-11,142
2017-10-12,143
2017-10-13,146
2017-10-16,143
2017-10-17,144
2017-10-18,140
2017-10-19,141
2017-10-20,138
2017-10-23,137
2017-10-24,135
2017-10-25,136
2017-10-26,135
2017-10-27,136
2017-10-30,138
2017-10-31,136
2017-11-01,137
2017-11-02,138
2017-11-03,140
2017-11-06,141
2017-11-07,142
2017-11-08,141
2017-11-09,141
2017-11-10,137
2017-11-13,137
2017-11-14,139
2017-11-15,144
2017-11-16,140
2017-11-17,140
2017-11-20,140
2017-11-21,140
2017-11-22,140
2017-11-23,140
2017-11-24,139
2017-11-27,137
2017-11-28,135
2017-11-29,134
2017-11-30,133
2017-12-01,137
2017-12-04,135
2017-12-05,138
2017-12-06,139
2017-12-07,137
2017-12-08,135
2017-12-11,136
2017-12-12,135
2017-12-13,137
2017-12-14,138
2017-12-15,144
2017-12-18,140
2017-12-19,135
2017-12-20,132
2017-12-21,135
2017-12-22,131
2017-12-25,131
2017-12-26,132
2017-12-27,136
2017-12-28,135
2017-12-29,136
2018-01-01,136
2018-01-02,132
2018-01-03,131
2018-01-04,129
2018-01-05,125
2018-01-08,123
2018-01-09,118
2018-01-10,121
2018-01-11,121
2018-01-12,121
2018-01-15,121
2018-01-16,121
2018-01-17,122
2018-01-18,119
2018-01-19,120
2018-01-22,118
2018-01-23,120
2018-01-24,120
2018-01-25,122
2018-01-26,119
2018-01-29,119
2018-01-30,120
2018-01-31,119
2018-02-01,119
2018-02-02,119
2018-02-05,131
2018-02-06,126
2018-02-07,119
2018-02-08,126
2018-02-09,138
2018-02-12,137
2018-02-13,142
2018-02-14,142
2018-02-15,136
2018-02-16,133
2018-02-19,133
2018-02-20,134
2018-02-21,133
2018-02-22,136
2018-02-23,137
2018-02-26,134
2018-02-27,131
2018-02-28,137
2018-03-01,146
2018-03-02,143
2018-03-05,139
2018-03-06,138
2018-03-07,139
2018-03-08,142
2018-03-09,139
2018-03-12,140
2018-03-13,143
2018-03-14,146
2018-03-15,147
2018-03-16,146
2018-03-19,150
2018-03-20,149
2018-03-21,147
2018-03-22,151
2018-03-23,156
2018-03-26,153
2018-03-27,154
2018-03-28,155
2018-03-29,156
2018-03-30,156
2018-04-02,155
2018-04-03,149
2018-04-04,147
2018-04-05,142
2018-04-06,146
2018-04-09,147
2018-04-10,147
2018-04-11,146
2018-04-12,143
2018-04-13,143
2018-04-16,143
2018-04-17,145
2018-04-18,141
2018-04-19,143
2018-04-20,141
2018-04-23,141
2018-04-24,141
2018-04-25,142
2018-04-26,146
2018-04-27,150
2018-04-30,152
2018-05-01,152
2018-05-02,158
2018-05-03,163
2018-05-04,158
2018-05-07,157
2018-05-08,161
2018-05-09,158
2018-05-10,151
2018-05-11,151
2018-05-14,150
2018-05-15,151
2018-05-16,149
2018-05-17,152
2018-05-18,160
2018-05-21,160
2018-05-22,155
2018-05-23,157
2018-05-24,157
2018-05-25,160
2018-05-28,160
2018-05-29,173
2018-05-30,166
2018-05-31,168
2018-06-01,162
2018-06-04,157
2018-06-05,159
2018-06-06,158
2018-06-07,163
2018-06-08,164
2018-06-11,163
2018-06-12,164
2018-06-13,161
2018-06-14,164
2018-06-15,163
2018-06-18,164
2018-06-19,168
2018-06-20,164
2018-06-21,164
2018-06-22,162
2018-06-25,164
2018-06-26,163
2018-06-27,169
2018-06-28,168
2018-06-29,166
2018-07-02,166
2018-07-03,166
2018-07-04,166
2018-07-05,164
2018-07-06,161
2018-07-09,153
2018-07-10,149
2018-07-11,154
2018-07-12,152
2018-07-13,151
2018-07-16,149
2018-07-17,148
2018-07-18,145
2018-07-19,150
2018-07-20,147
2018-07-23,146
2018-07-24,147
2018-07-25,145
2018-07-26,139
2018-07-27,140
2018-07-30,140
2018-07-31,143
2018-08-01,141
2018-08-02,143
2018-08-03,143
2018-08-06,145
2018-08-07,143
2018-08-08,147
2018-08-09,150
2018-08-10,158
2018-08-13,157
2018-08-14,153
2018-08-15,157
2018-08-16,154
2018-08-17,152
2018-08-20,154
2018-08-21,151
2018-08-22,152
2018-08-23,153
2018-08-24,152
2018-08-27,148
2018-08-28,143
2018-08-29,144
2018-08-30,146
2018-08-31,147
2018-09-03,147
2018-09-04,146
2018-09-05,145
2018-09-06,146
2018-09-07,143
2018-09-10,147
2018-09-11,145
2018-09-12,144
2018-09-13,141
2018-09-14,139
2018-09-17,139
2018-09-18,137
2018-09-19,136
2018-09-20,137
2018-09-21,134
2018-09-24,135
2018-09-25,134
2018-09-26,136
2018-09-27,134
2018-09-28,133
2018-10-01,132
2018-10-02,134
2018-10-03,126
2018-10-04,130
2018-10-05,129
2018-10-08,129
2018-10-09,135
2018-10-10,136
2018-10-11,147
2018-10-12,144
2018-10-15,142
2018-10-16,142
2018-10-17,139
2018-10-18,145
2018-10-19,147
2018-10-22,149
2018-10-23,150
2018-10-24,154
2018-10-25,152
2018-10-26,156
2018-10-29,157
2018-10-30,155
2018-10-31,152
2018-11-01,153
2018-11-02,146
2018-11-05,147
2018-11-06,147
2018-11-07,146
2018-11-08,146
2018-11-09,149
2018-11-12,149
2018-11-13,154
2018-11-14,156
2018-11-15,157
2018-11-16,160
2018-11-19,164
2018-11-20,167
2018-11-21,164
2018-11-22,164
2018-11-23,165
2018-11-26,163
2018-11-27,168
2018-11-28,163
2018-11-29,161
2018-11-30,162
2018-12-03,162
2018-12-04,170
2018-12-05,170
2018-12-06,172
2018-12-07,169
2018-12-10,168
2018-12-11,163
2018-12-12,157
2018-12-13,155
2018-12-14,155
2018-12-17,156
2018-12-18,159
2018-12-19,165
2018-12-20,162
2018-12-21,161
2018-12-24,166
2018-12-25,166
2018-12-26,161
2018-12-27,163
2018-12-28,164
2018-12-31,168
2019-01-01,168
2019-01-02,171
2019-01-03,177
2019-01-04,164
2019-01-07,157
2019-01-08,155
2019-01-09,150
2019-01-10,149
2019-01-11,151
2019-01-14,151
2019-01-15,151
2019-01-16,150
2019-01-17,151
2019-01-18,147
2019-01-21,147
2019-01-22,149
2019-01-23,147
2019-01-24,148
2019-01-25,143
2019-01-28,143
2019-01-29,146
2019-01-30,145
2019-01-31,145
2019-02-01,137
2019-02-04,134
2019-02-05,133
2019-02-06,136
2019-02-07,142
2019-02-08,145
2019-02-11,144
2019-02-12,142
2019-02-13,139
2019-02-14,142
2019-02-15,143
2019-02-18,143
2019-02-19,142
2019-02-20,142
2019-02-21,140
2019-02-22,141
2019-02-25,140
2019-02-26,140
2019-02-27,134
2019-02-28,131
2019-03-01,130
2019-03-04,133
2019-03-05,134
2019-03-06,134
2019-03-07,137
2019-03-08,140
2019-03-11,137
2019-03-12,139
2019-03-13,138
2019-03-14,135
2019-03-15,138
2019-03-18,135
2019-03-19,131
2019-03-20,137
2019-03-21,134
2019-03-22,139
2019-03-25,142
2019-03-26,138
2019-03-27,136
2019-03-28,132
2019-03-29,130
2019-04-01,126
2019-04-02,126
2019-04-03,123
2019-04-04,122
2019-04-05,122
2019-04-08,121
2019-04-09,122
2019-04-10,125
2019-04-11,123
2019-04-12,120
2019-04-15,121
2019-04-16,118
2019-04-17,119
2019-04-18,121
2019-04-19,121
2019-04-22,119
2019-04-23,120
2019-04-24,125
2019-04-25,125
2019-04-26,125
2019-04-29,122
2019-04-30,126
2019-05-01,126
2019-05-02,125
2019-05-03,125
2019-05-06,127
2019-05-07,131
2019-05-08,128
2019-05-09,133
2019-05-10,132
2019-05-13,138
2019-05-14,136
2019-05-15,140
2019-05-16,137
2019-05-17,139
2019-05-20,136
2019-05-21,133
2019-05-22,135
2019-05-23,143
2019-05-24,141
2019-05-27,141
2019-05-28,143
2019-05-29,141
2019-05-30,143
2019-05-31,148
2019-06-03,151
2019-06-04,141
2019-06-05,137
2019-06-06,134
2019-06-07,135
2019-06-10,128
2019-06-11,128
2019-06-12,127
2019-06-13,131
2019-06-14,128
2019-06-17,129
2019-06-18,126
2019-06-19,127
2019-06-20,124
2019-06-21,118
2019-06-24,122
2019-06-25,125
2019-06-26,123
2019-06-27,125
2019-06-28,124
2019-07-01,120
2019-07-02,122
2019-07-03,123
2019-07-04,123
2019-07-05,118
2019-07-08,117
2019-07-09,114
2019-07-10,112
2019-07-11,109
2019-07-12,110
2019-07-15,113
2019-07-16,112
2019-07-17,118
2019-07-18,120
2019-07-19,119
2019-07-22,118
2019-07-23,115
2019-07-24,116
2019-07-25,113
2019-07-26,113
2019-07-29,114
2019-07-30,115
2019-07-31,117
2019-08-01,128
2019-08-02,125
2019-08-05,131
2019-08-06,131
2019-08-07,127
2019-08-08,125
2019-08-09,122
2019-08-12,132
2019-08-13,127
2019-08-14,130
2019-08-15,135
2019-08-16,131
2019-08-19,125
2019-08-20,129
2019-08-21,125
2019-08-22,121
2019-08-23,127
2019-08-26,125
2019-08-27,129
2019-08-28,127
2019-08-29,122
2019-08-30,122
2019-09-02,122
2019-09-03,121
2019-09-04,120
2019-09-05,113
2019-09-06,116
2019-09-09,112
2019-09-10,109
2019-09-11,110
2019-09-12,104
2019-09-13,107
2019-09-16,112
2019-09-17,115
2019-09-18,112
2019-09-19,113
2019-09-20,115
2019-09-23,117
2019-09-24,124
2019-09-25,121
2019-09-26,124
2019-09-27,130
2019-09-30,131
2019-10-01,139
2019-10-02,143
2019-10-03,140
2019-10-04,134
2019-10-07,128
2019-10-08,130
2019-10-09,129
2019-10-10,125
2019-10-11,122
2019-10-14,122
2019-10-15,123
2019-10-16,125
2019-10-17,126
2019-10-18,125
2019-10-21,121
2019-10-22,123
2019-10-23,123
2019-10-24,123
2019-10-25,120
2019-10-28,118
2019-10-29,121
2019-10-30,128
2019-10-31,131
2019-11-01,128
2019-11-04,125
2019-11-05,124
2019-11-06,127
2019-11-07,123
2019-11-08,121
2019-11-11,121
2019-11-12,124
2019-11-13,126
2019-11-14,128
2019-11-15,125
2019-11-18,127
2019-11-19,131
2019-11-20,134
2019-11-21,131
2019-11-22,129
2019-11-25,129
2019-11-26,131
2019-11-27,126
2019-11-28,126
2019-11-29,126
2019-12-02,125
2019-12-03,136
2019-12-04,128
2019-12-05,127
2019-12-06,124
2019-12-09,123
2019-12-10,122
2019-12-11,125
2019-12-12,114
2019-12-13,118
2019-12-16,110
2019-12-17,109
2019-12-18,105
2019-12-19,108
2019-12-20,109
2019-12-23,108
2019-12-24,110
2019-12-25,110
2019-12-26,110
2019-12-27,112
2019-12-30,110
2019-12-31,107
2020-01-01,107
2020-01-02,110
2020-01-03,116
2020-01-06,113
2020-01-07,112
2020-01-08,107
2020-01-09,111
2020-01-10,112
2020-01-13,110
2020-01-14,112
2020-01-15,113
2020-01-16,110
2020-01-17,107
2020-01-20,107
2020-01-21,112
2020-01-22,112
2020-01-23,116
2020-01-24,119
2020-01-27,125
2020-01-28,121
2020-01-29,124
2020-01-30,121
2020-01-31,122
2020-02-03,124
2020-02-04,122
2020-02-05,117
2020-02-06,116
2020-02-07,120
2020-02-10,122
2020-02-11,118
2020-02-12,114
2020-02-13,114
2020-02-14,115
2020-02-17,115
2020-02-18,118
2020-02-19,115
2020-02-20,116
2020-02-21,118
2020-02-24,123
2020-02-25,130
2020-02-26,132
2020-02-27,139
2020-02-28,156
2020-03-02,154
2020-03-03,153
2020-03-04,142
2020-03-05,149
2020-03-06,168
2020-03-09,213
2020-03-10,185
2020-03-11,205
2020-03-12,231
2020-03-13,212
2020-03-16,268
2020-03-17,264
2020-03-18,332
2020-03-19,357
2020-03-20,352
2020-03-23,372
2020-03-24,346
2020-03-25,294
2020-03-26,257
2020-03-27,279
2020-03-30,278
2020-03-31,265
2020-04-01,285
2020-04-02,292
2020-04-03,297
2020-04-06,294
2020-04-07,282
2020-04-08,282
2020-04-09,274
2020-04-10,274
2020-04-13,262
2020-04-14,257
2020-04-15,276
2020-04-16,282
2020-04-17,271
2020-04-20,274
2020-04-21,282
2020-04-22,280
2020-04-23,283
2020-04-24,284
2020-04-27,278
2020-04-28,278
2020-04-29,271
2020-04-30,257
2020-05-01,252
2020-05-04,251
2020-05-05,243
2020-05-06,236
2020-05-07,241
2020-05-08,234
2020-05-11,229
2020-05-12,232
2020-05-13,241
2020-05-14,245
2020-05-15,237
2020-05-18,219
2020-05-19,215
2020-05-20,208
2020-05-21,197
2020-05-22,195
2020-05-25,195
2020-05-26,192
2020-05-27,194
2020-05-28,191
2020-05-29,191
2020-06-01,189
2020-06-02,183
2020-06-03,171
2020-06-04,171
2020-06-05,166
2020-06-08,164
2020-06-09,169
2020-06-10,177
2020-06-11,191
2020-06-12,191
2020-06-15,194
2020-06-16,182
2020-06-17,184
2020-06-18,186
2020-06-19,182
2020-06-22,181
2020-06-23,177
2020-06-24,178
2020-06-25,178
2020-06-26,183
2020-06-29,184
2020-06-30,182
2020-07-01,178
2020-07-02,176
2020-07-03,176
2020-07-06,173
2020-07-07,176
2020-07-08,174
2020-07-09,179
2020-07-10,177
2020-07-13,176
2020-07-14,179
2020-07-15,175
2020-07-16,176
2020-07-17,171
2020-07-20,169
2020-07-21,164
2020-07-22,161
2020-07-23,162
2020-07-24,164
2020-07-27,160
2020-07-28,163
2020-07-29,156
2020-07-30,155
2020-07-31,150
2020-08-03,147
2020-08-04,147
2020-08-05,139
2020-08-06,137
2020-08-07,140
2020-08-10,140
2020-08-11,140
2020-08-12,142
2020-08-13,139
2020-08-14,143
2020-08-17,146
2020-08-18,148
2020-08-19,147
2020-08-20,151
2020-08-21,152
2020-08-24,149
2020-08-25,149
2020-08-26,149
2020-08-27,150
2020-08-28,148
2020-08-31,151
2020-09-01,150
2020-09-02,150
2020-09-03,153
2020-09-04,146
2020-09-07,146
2020-09-08,150
2020-09-09,148
2020-09-10,151
2020-09-11,158
2020-09-14,158
2020-09-15,156
2020-09-16,155
2020-09-17,158
2020-09-18,158
2020-09-21,166
2020-09-22,173
2020-09-23,183
2020-09-24,181
2020-09-25,175
2020-09-28,171
2020-09-29,173
2020-09-30,173
2020-10-01,171
2020-10-02,167
2020-10-05,160
2020-10-06,162
2020-10-07,155
2020-10-08,149
2020-10-09,145
2020-10-12,145
2020-10-13,147
2020-10-14,145
2020-10-15,142
2020-10-16,141
2020-10-19,142
2020-10-20,142
2020-10-21,145
2020-10-22,146
2020-10-23,149
2020-10-26,151
2020-10-27,149
2020-10-28,152
2020-10-29,150
2020-10-30,149
2020-11-02,150
2020-11-03,146
2020-11-04,145
2020-11-05,143
2020-11-06,146
2020-11-09,137
2020-11-10,144
2020-11-11,144
2020-11-12,142
2020-11-13,142
2020-11-16,147
2020-11-17,144
2020-11-18,143
2020-11-19,144
2020-11-20,142
2020-11-23,149
2020-11-24,151
2020-11-25,154
2020-11-26,154
2020-11-27,159
2020-11-30,161
2020-12-01,152
2020-12-02,149
2020-12-03,151
2020-12-04,148
2020-12-07,152
2020-12-08,154
2020-12-09,151
2020-12-10,154
2020-12-11,155
2020-12-14,152
2020-12-15,144
2020-12-16,141
2020-12-17,137
2020-12-18,135
2020-12-21,137
2020-12-22,137
2020-12-23,134
2020-12-24,137
2020-12-25,137
2020-12-28,136
2020-12-29,135
2020-12-30,136
2020-12-31,132
2021-01-01,132
2021-01-04,131
2021-01-05,130
2021-01-06,128
2021-01-07,128
2021-01-08,125
2021-01-11,129
2021-01-12,138
2021-01-13,135
2021-01-14,131
2021-01-15,134
2021-01-18,134
2021-01-19,134
2021-01-20,134
2021-01-21,133
2021-01-22,131
2021-01-25,133
2021-01-26,132
2021-01-27,133
2021-01-28,131
2021-01-29,128
2021-02-01,131
2021-02-02,130
2021-02-03,132
2021-02-04,137
2021-02-05,135
2021-02-08,136
2021-02-09,135
2021-02-10,137
2021-02-11,134
2021-02-12,133
2021-02-15,133
2021-02-16,136
2021-02-17,136
2021-02-18,138
2021-02-19,137
2021-02-22,141
2021-02-23,145
2021-02-24,145
2021-02-25,147
2021-02-26,164
2021-03-01,159
2021-03-02,165
2021-03-03,166
2021-03-04,170
2021-03-05,178
2021-03-08,185
2021-03-09,184
2021-03-10,180
2021-03-11,173
2021-03-12,166
2021-03-15,166
2021-03-16,160
2021-03-17,159
2021-03-18,157
2021-03-19,156
2021-03-22,160
2021-03-23,161
2021-03-24,161
2021-03-25,162
2021-03-26,160
2021-03-29,156
2021-03-30,161
2021-03-31,152
2021-04-01,152
2021-04-02,152
2021-04-05,148
2021-04-06,148
2021-04-07,149
2021-04-08,151
2021-04-09,152
2021-04-12,159
2021-04-13,164
2021-04-14,160
2021-04-15,161
2021-04-16,157
2021-04-19,164
2021-04-20,175
2021-04-21,181
2021-04-22,188
2021-04-23,180
2021-04-26,185
2021-04-27,181
2021-04-28,177
2021-04-29,170
2021-04-30,165
2021-05-03,164
2021-05-04,167
2021-05-05,175
2021-05-06,174
2021-05-07,164
2021-05-10,159
2021-05-11,158
2021-05-12,157
2021-05-13,155
2021-05-14,154
2021-05-17,153
2021-05-18,152
2021-05-19,155
2021-05-20,159
2021-05-21,164
2021-05-24,172
2021-05-25,174
2021-05-26,171
2021-05-27,170
2021-05-28,169
2021-05-31,169
2021-06-01,167
2021-06-02,167
2021-06-03,165
2021-06-04,167
2021-06-07,180
2021-06-08,176
2021-06-09,172
2021-06-10,174
2021-06-11,170
2021-06-14,169
2021-06-15,169
2021-06-16,169
2021-06-17,170
2021-06-18,174
2021-06-21,174
2021-06-22,170
2021-06-23,168
2021-06-24,167
2021-06-25,163
2021-06-28,165
2021-06-29,164
2021-06-30,163
2021-07-01,163
2021-07-02,166
2021-07-05,166
2021-07-06,166
2021-07-07,167
2021-07-08,167
2021-07-09,163
2021-07-12,163
2021-07-13,160
2021-07-14,161
2021-07-15,165
2021-07-16,163
2021-07-19,171
2021-07-20,169
2021-07-21,169
2021-07-22,173
2021-07-23,172
2021-07-26,173
2021-07-27,179
2021-07-28,182
2021-07-29,187
2021-07-30,197
2021-08-02,193
2021-08-03,187
2021-08-04,186
2021-08-05,182
2021-08-06,179
2021-08-09,179
2021-08-10,183
2021-08-11,184
2021-08-12,183
2021-08-13,188
2021-08-16,189
2021-08-17,188
2021-08-18,187
2021-08-19,187
2021-08-20,185
2021-08-23,185
2021-08-24,179
2021-08-25,174
2021-08-26,178
2021-08-27,178
2021-08-30,177
2021-08-31,175
2021-09-01,175
2021-09-02,178
2021-09-03,175
2021-09-06,175
2021-09-07,171
2021-09-08,174
2021-09-09,175
2021-09-10,172
2021-09-13,174
2021-09-14,178
2021-09-15,174
2021-09-16,172
2021-09-17,169
2021-09-20,177
2021-09-21,175
2021-09-22,175
2021-09-23,169
2021-09-24,170
2021-09-27,172
2021-09-28,173
2021-09-29,175
2021-09-30,180
2021-10-01,186
2021-10-04,186
2021-10-05,183
2021-10-06,185
2021-10-07,173
2021-10-08,171
2021-10-11,171
2021-10-12,174
2021-10-13,173
2021-10-14,170
2021-10-15,170
2021-10-18,172
2021-10-19,165
2021-10-20,162
2021-10-21,161
2021-10-22,161
2021-10-25,159
2021-10-26,164
2021-10-27,166
2021-10-28,171
2021-10-29,181
2021-11-01,181
2021-11-02,183
2021-11-03,175
2021-11-04,179
2021-11-05,182
2021-11-08,173
2021-11-09,176
2021-11-10,172
2021-11-11,172
2021-11-12,173
2021-11-15,171
2021-11-16,171
2021-11-17,174
2021-11-18,174
2021-11-19,177
2021-11-22,174
2021-11-23,178
2021-11-24,184
2021-11-25,184
2021-11-26,203
2021-11-29,196
2021-11-30,194
2021-12-01,188
2021-12-02,185
2021-12-03,191
2021-12-06,184
2021-12-07,175
2021-12-08,170
2021-12-09,169
2021-12-10,169
2021-12-13,173
2021-12-14,171
2021-12-15,170
2021-12-16,173
2021-12-17,174
2021-12-20,175
2021-12-21,173
2021-12-22,176
2021-12-23,172
2021-12-24,172
2021-12-27,173
2021-12-28,171
2021-12-29,166
2021-12-30,169
2021-12-31,170
2022-01-03,162
2022-01-04,165
2022-01-05,167
2022-01-06,176
2022-01-07,177
2022-01-10,180
2022-01-11,181
2022-01-12,179
2022-01-13,180
2022-01-14,176
2022-01-17,176
2022-01-18,177
2022-01-19,177
2022-01-20,175
2022-01-21,180
2022-01-24,179
2022-01-25,177
2022-01-26,174
2022-01-27,182
2022-01-28,186
2022-01-31,186
2022-02-01,191
2022-02-02,190
2022-02-03,186
2022-02-04,186
2022-02-07,192
2022-02-08,192
2022-02-09,190
2022-02-10,188
2022-02-11,204
2022-02-14,200
2022-02-15,192
2022-02-16,194
2022-02-17,198
2022-02-18,203
2022-02-21,203
2022-02-22,207
2022-02-23,210
2022-02-24,211
2022-02-25,205
2022-02-28,213
2022-03-01,212
2022-03-02,207
2022-03-03,211
2022-03-04,224
2022-03-07,226
2022-03-08,225
2022-03-09,217
2022-03-10,214
2022-03-11,211
2022-03-14,206
2022-03-15,207
2022-03-16,207
2022-03-17,194
2022-03-18,193
2022-03-21,190
2022-03-22,190
2022-03-23,199
2022-03-24,192
2022-03-25,183
2022-03-28,184
2022-03-29,179
2022-03-30,175
2022-03-31,171
2022-04-01,172
2022-04-04,166
2022-04-05,165
2022-04-06,165
2022-04-07,180
2022-04-08,191
2022-04-11,197
2022-04-12,195
2022-04-13,189
2022-04-14,181
2022-04-15,181
2022-04-18,183
2022-04-19,185
2022-04-20,193
2022-04-21,198
2022-04-22,203
2022-04-25,207
2022-04-26,209
2022-04-27,207
2022-04-28,215
2022-04-29,218
2022-05-02,228
2022-05-03,223
2022-05-04,222
2022-05-05,214
2022-05-06,211
2022-05-09,227
2022-05-10,224
2022-05-11,224
2022-05-12,224
2022-05-13,216
2022-05-16,217
2022-05-17,213
2022-05-18,226
2022-05-19,224
2022-05-20,228
2022-05-23,220
2022-05-24,225
2022-05-25,216
2022-05-26,210
2022-05-27,200
2022-05-30,200
2022-05-31,194
2022-06-01,192
2022-06-02,195
2022-06-03,197
2022-06-06,196
2022-06-07,198
2022-06-08,197
2022-06-09,201
2022-06-10,201
2022-06-13,214
2022-06-14,211
2022-06-15,215
2022-06-16,223
2022-06-17,223
2022-06-20,223
2022-06-21,218
2022-06-22,226
2022-06-23,223
2022-06-24,220
2022-06-27,219
2022-06-28,233
2022-06-29,238
2022-06-30,235
2022-07-01,235
2022-07-04,235
2022-07-05,238
2022-07-06,228
2022-07-07,223
2022-07-08,222
2022-07-11,232
2022-07-12,240
2022-07-13,246
2022-07-14,250
2022-07-15,252
2022-07-18,245
2022-07-19,238
2022-07-20,234
2022-07-21,242
2022-07-22,242
2022-07-25,236
2022-07-26,233
2022-07-27,228
2022-07-28,226
2022-07-29,219
2022-08-01,223
2022-08-02,215
2022-08-03,222
2022-08-04,213
2022-08-05,209
2022-08-08,210
2022-08-09,215
2022-08-10,204
2022-08-11,195
2022-08-12,200
2022-08-15,201
2022-08-16,205
2022-08-17,209
2022-08-18,208
2022-08-19,211
2022-08-22,218
2022-08-23,214
2022-08-24,206
2022-08-25,209
2022-08-26,212
2022-08-29,217
2022-08-30,219
2022-08-31,218
2022-09-01,219
2022-09-02,223
2022-09-05,223
2022-09-06,221
2022-09-07,223
2022-09-08,215
2022-09-09,210
2022-09-12,202
2022-09-13,214
2022-09-14,225
2022-09-15,225
2022-09-16,231
2022-09-19,229
2022-09-20,230
2022-09-21,226
2022-09-22,220
2022-09-23,227
2022-09-26,234
2022-09-27,237
2022-09-28,246
2022-09-29,248
2022-09-30,246
2022-10-03,245
2022-10-04,229
2022-10-05,233
2022-10-06,233
2022-10-07,241
2022-10-10,241
2022-10-11,247
2022-10-12,254
2022-10-13,257
2022-10-14,256
2022-10-17,252
2022-10-18,249
2022-10-19,248
2022-10-20,250
2022-10-21,250
2022-10-24,238
2022-10-25,235
2022-10-26,232
2022-10-27,235
2022-10-28,224
2022-10-31,228
2022-11-01,221
2022-11-02,221
2022-11-03,221
2022-11-04,213
2022-11-07,201
2022-11-08,204
2022-11-09,211
2022-11-10,205
2022-11-11,205
2022-11-14,196
2022-11-15,195
2022-11-16,201
2022-11-17,202
2022-11-18,200
2022-11-21,197
2022-11-22,197
2022-11-23,201
2022-11-24,201
2022-11-25,202
2022-11-28,198
2022-11-29,190
2022-11-30,193
2022-12-01,196
2022-12-02,196
2022-12-05,191
2022-12-06,199
2022-12-07,201
2022-12-08,189
2022-12-09,180
2022-12-12,185
2022-12-13,185
2022-12-14,197
2022-12-15,203
2022-12-16,208
2022-12-19,208
2022-12-20,209
2022-12-21,200
2022-12-22,198
2022-12-23,193
2022-12-26,193
2022-12-27,191
2022-12-28,190
2022-12-29,195
2022-12-30,194
2023-01-02,194
2023-01-03,200
2023-01-04,208
2023-01-05,217
2023-01-06,215
2023-01-09,215
2023-01-10,214
2023-01-11,213
2023-01-12,205
2023-01-13,202
2023-01-16,202
2023-01-17,206
2023-01-18,207
2023-01-19,211
2023-01-20,208
2023-01-23,207
2023-01-24,210
2023-01-25,210
2023-01-26,202
2023-01-27,199
2023-01-30,204
2023-01-31,206
2023-02-01,207
2023-02-02,197
2023-02-03,193
2023-02-06,190
2023-02-07,191
2023-02-08,195
2023-02-09,193
2023-02-10,196
2023-02-13,196
2023-02-14,190
2023-02-15,191
2023-02-16,186
2023-02-17,192
2023-02-20,192
2023-02-21,188
2023-02-22,191
2023-02-23,189
2023-02-24,188
2023-02-27,190
2023-02-28,191
2023-03-01,191
2023-03-02,192
2023-03-03,191
2023-03-06,187
2023-03-07,190
2023-03-08,191
2023-03-09,197
2023-03-10,204
2023-03-13,209
2023-03-14,200
2023-03-15,214
2023-03-16,204
2023-03-17,214
2023-03-20,211
2023-03-21,205
2023-03-22,216
2023-03-23,216
2023-03-24,215
2023-03-27,206
2023-03-28,210
2023-03-29,207
2023-03-30,209
2023-03-31,209
2023-04-03,205
2023-04-04,210
2023-04-05,212
2023-04-06,211
2023-04-07,207
2023-04-10,205
2023-04-11,204
2023-04-12,204
2023-04-13,201
2023-04-14,198
2023-04-17,197
2023-04-18,198
2023-04-19,200
2023-04-20,203
2023-04-21,199
2023-04-24,200
2023-04-25,201
2023-04-26,197
2023-04-27,193
2023-04-28,193
2023-05-01,187
2023-05-02,199
2023-05-03,201
2023-05-04,201
2023-05-05,201
2023-05-08,198
2023-05-09,197
2023-05-10,199
2023-05-11,199
2023-05-12,198
2023-05-15,199
2023-05-16,198
2023-05-17,199
2023-05-18,195
2023-05-19,194
2023-05-22,195
2023-05-23,199
2023-05-24,198
2023-05-25,194
2023-05-26,196
2023-05-29,196
2023-05-30,197
2023-05-31,200
2023-06-01,195
2023-06-02,186
2023-06-05,192
2023-06-06,191
2023-06-07,187
2023-06-08,188
2023-06-09,186
2023-06-12,185
2023-06-13,178
2023-06-14,180
2023-06-15,182
2023-06-16,178
2023-06-19,178
2023-06-20,179
2023-06-21,178
2023-06-22,172
2023-06-23,175
2023-06-26,176
2023-06-27,174
2023-06-28,178
2023-06-29,174
2023-06-30,172
2023-07-03,168
2023-07-04,168
2023-07-05,163
2023-07-06,165
2023-07-07,167
2023-07-10,168
2023-07-11,166
2023-07-12,170
2023-07-13,170
2023-07-14,169
2023-07-17,169
2023-07-18,168
2023-07-19,173
2023-07-20,172
2023-07-21,173
2023-07-24,173
2023-07-25,175
2023-07-26,173
2023-07-27,165
2023-07-28,169
2023-07-31,163
2023-08-01,162
2023-08-02,163
2023-08-03,162
2023-08-04,168
2023-08-07,165
2023-08-08,165
2023-08-09,160
2023-08-10,159
2023-08-11,162
2023-08-14,167
2023-08-15,167
2023-08-16,172
2023-08-17,175
2023-08-18,173
2023-08-21,173
2023-08-22,174
2023-08-23,172
2023-08-24,172
2023-08-25,171
2023-08-28,169
2023-08-29,164
2023-08-30,164
2023-08-31,160
2023-09-01,160
2023-09-04,162
2023-09-05,167
2023-09-06,169
2023-09-07,169
2023-09-08,171
2023-09-11,175
2023-09-12,175
2023-09-13,172
2023-09-14,171
2023-09-15,174
2023-09-18,170
2023-09-19,166
2023-09-20,166
2023-09-21,169
2023-09-22,166
2023-09-25,168
2023-09-26,171
2023-09-27,176
2023-09-28,174
2023-09-29,174
2023-10-02,179
2023-10-03,182
2023-10-04,183
2023-10-05,179
2023-10-06,179
2023-10-09,179
2023-10-10,180
2023-10-11,176
2023-10-12,181
2023-10-13,178
2023-10-16,178
2023-10-17,179
2023-10-18,179
2023-10-19,185
2023-10-20,184
2023-10-23,183
2023-10-24,178
2023-10-25,183
2023-10-26,183
2023-10-27,181
2023-10-30,176
2023-10-31,183
2023-11-01,176
2023-11-02,174
2023-11-03,178
2023-11-06,183
2023-11-07,185
2023-11-08,180
2023-11-09,181
2023-11-10,183
2023-11-13,181
2023-11-14,175
2023-11-15,178
2023-11-16,177
2023-11-17,176
2023-11-20,173
2023-11-21,170
2023-11-22,170
2023-11-23,166
2023-11-24,171
2023-11-27,170
2023-11-28,164
2023-11-29,160
2023-11-30,161
2023-12-01,158
2023-12-04,162
2023-12-05,163
2023-12-06,162
2023-12-07,162
2023-12-08,163
2023-12-11,166
2023-12-12,172
2023-12-13,164
2023-12-14,164
2023-12-15,162
2023-12-18,160
2023-12-19,164
2023-12-20,161
2023-12-21,159
2023-12-22,159
2023-12-25,160
2023-12-26,167
2023-12-27,162
2023-12-28,160
2023-12-29,160
2024-01-01,166
2024-01-02,178
2024-01-03,175
2024-01-04,171
2024-01-05,176
2024-01-08,177
2024-01-09,171
2024-01-10,172
2024-01-11,169
2024-01-12,169
2024-01-15,165
2024-01-16,169
2024-01-17,170
2024-01-18,171
2024-01-19,177
2024-01-22,176
2024-01-23,174
2024-01-24,172
2024-01-25,169
2024-01-26,164
2024-01-29,164
2024-01-30,162
2024-01-31,167
2024-02-01,169
2024-02-02,167
2024-02-05,166
2024-02-06,168
2024-02-07,165
2024-02-08,167
2024-02-09,167
2024-02-12,164
2024-02-13,161
2024-02-14,162
2024-02-15,158
2024-02-16,157
2024-02-19,157
2024-02-20,157
2024-02-21,156
2024-02-22,157
2024-02-23,157
2024-02-26,155
2024-02-27,150
2024-02-28,153
2024-02-29,153
2024-03-01,156
2024-03-04,154
2024-03-05,156
2024-03-06,155
2024-03-07,160
2024-03-08,160
2024-03-11,157
2024-03-12,155
2024-03-13,151
2024-03-14,150
2024-03-15,151
2024-03-18,151
2024-03-19,153
2024-03-20,150
2024-03-21,146
2024-03-22,148
2024-03-25,148
2024-03-26,150
2024-03-27,151
2024-03-28,152
2024-03-29,152
2024-04-01,150
2024-04-02,153
2024-04-03,153
2024-04-04,154
2024-04-05,149
2024-04-08,150
2024-04-09,148
2024-04-10,146
2024-04-11,147
2024-04-12,150
2024-04-15,154
2024-04-16,157
2024-04-17,158
2024-04-18,157
2024-04-19,157
2024-04-22,156
2024-04-23,155
2024-04-24,156
2024-04-25,157
2024-04-26,158
2024-04-29,158
2024-04-30,160
2024-05-01,160
2024-05-02,158
2024-05-03,156
2024-05-06,154
2024-05-07,155
2024-05-08,149
2024-05-09,150
2024-05-10,151
2024-05-13,150
2024-05-14,155
2024-05-15,154
2024-05-16,153
2024-05-17,153
2024-05-20,151
2024-05-21,150
2024-05-22,158
2024-05-23,158
2024-05-24,161
2024-05-27,161
2024-05-28,169
2024-05-29,161
2024-05-30,158
2024-05-31,159
2024-06-03,160
2024-06-04,162
2024-06-05,161
2024-06-06,163
2024-06-07,160
2024-06-10,161
2024-06-11,165
2024-06-12,161
2024-06-13,163
2024-06-14,166
2024-06-17,162
2024-06-18,164
2024-06-19,164
2024-06-20,162
2024-06-21,160
2024-06-24,160
2024-06-25,158
2024-06-26,156
2024-06-27,156
2024-06-28,154
2024-07-01,157
2024-07-02,159
2024-07-03,160
2024-07-04,160
2024-07-05,160
2024-07-08,157
2024-07-09,159
2024-07-10,158
2024-07-11,153
2024-07-12,157
2024-07-15,157
2024-07-16,159
2024-07-17,162
2024-07-18,161
2024-07-19,158
2024-07-22,160
2024-07-23,157
2024-07-24,156
2024-07-25,157
2024-07-26,159
2024-07-29,159
2024-07-30,161
2024-07-31,164
2024-08-01,174
2024-08-02,185
2024-08-05,191
2024-08-06,181
2024-08-07,177
2024-08-08,175
2024-08-09,174
2024-08-12,175
2024-08-13,173
2024-08-14,169
2024-08-15,167
2024-08-16,166
2024-08-19,164
2024-08-20,165
2024-08-21,163
2024-08-22,163
2024-08-23,163
2024-08-26,160
2024-08-27,161
2024-08-28,162
2024-08-29,164
2024-08-30,157
2024-09-02,157
2024-09-03,166
2024-09-04,166
2024-09-05,170
2024-09-06,169
2024-09-09,171
2024-09-10,171
2024-09-11,173
2024-09-12,168
2024-09-13,168
2024-09-16,167
2024-09-17,164
2024-09-18,159
2024-09-19,158
2024-09-20,159
2024-09-23,159
2024-09-24,160
2024-09-25,155
2024-09-26,156
2024-09-27,156
2024-09-30,154
2024-10-01,154
2024-10-02,152
2024-10-03,150
2024-10-04,149
2024-10-07,151
2024-10-08,155
2024-10-09,153
2024-10-10,158
2024-10-11,156
2024-10-14,158
2024-10-15,158
2024-10-16,155
2024-10-17,152
2024-10-18,153
2024-10-21,152
2024-10-22,156
2024-10-23,157
2024-10-24,157
2024-10-25,154
2024-10-28,152
2024-10-29,154
2024-10-30,151
2024-10-31,156
2024-11-01,153
2024-11-04,157
2024-11-05,160
2024-11-06,155
2024-11-07,151
2024-11-08,153
2024-11-11,153
2024-11-12,151
2024-11-13,149
2024-11-14,148
2024-11-15,157
2024-11-18,162
2024-11-19,154
2024-11-20,156
2024-11-21,154
2024-11-22,155
2024-11-25,162
2024-11-26,159
2024-11-27,157
2024-11-28,157
2024-11-29,161
2024-12-02,161
2024-12-03,155
2024-12-04,158
2024-12-05,156
2024-12-06,153
2024-12-09,150
2024-12-10,150
2024-12-11,147
2024-12-12,147
2024-12-13,150
2024-12-16,157
2024-12-17,154
2024-12-18,153
2024-12-19,161
2024-12-20,157
2024-12-23,153
2024-12-24,154
2024-12-25,154
2024-12-26,157
2024-12-27,152
2024-12-30,160
2024-12-31,157
2025-01-01,157
2025-01-02,159
2025-01-03,155
2025-01-06,156
2025-01-07,154
2025-01-08,161
2025-01-09,157
2025-01-10,158
2025-01-13,157
2025-01-14,157
2025-01-15,157
2025-01-16,158
2025-01-17,155
2025-01-20,155
2025-01-21,154
2025-01-22,153
2025-01-23,155
2025-01-24,154
2025-01-27,158
2025-01-28,158
2025-01-29,159
2025-01-30,158
2025-01-31,159
2025-02-03,161
2025-02-04,161
2025-02-05,161
2025-02-06,157
2025-02-07,159
2025-02-10,158
2025-02-11,158
2025-02-12,157
2025-02-13,158
2025-02-14,154
2025-02-17,154
2025-02-18,151
2025-02-19,155
2025-02-20,156
2025-02-21,159
2025-02-24,160
2025-02-25,162
2025-02-26,160
2025-02-27,160
2025-02-28,164
2025-03-03,167
2025-03-04,160
2025-03-05,155
2025-03-06,161
2025-03-07,158
2025-03-10,162
2025-03-11,162
2025-03-12,161
2025-03-13,171
2025-03-14,167
2025-03-17,169
2025-03-18,168
2025-03-19,164
2025-03-20,162
2025-03-21,162
2025-03-24,158
2025-03-25,160
2025-03-26,159
2025-03-27,162
2025-03-28,168
2025-03-31,170
2025-04-01,168
2025-04-02,168
2025-04-03,178
2025-04-04,185
2025-04-07,186
2025-04-08,187
2025-04-09,180
2025-04-10,177
2025-04-11,183
2025-04-14,179
2025-04-15,180
2025-04-16,184
2025-04-17,179
2025-04-18,179
2025-04-21,180
2025-04-22,176
2025-04-23,169
2025-04-24,172
2025-04-25,171
2025-04-28,173
2025-04-29,176
2025-04-30,176
2025-05-01,172
2025-05-02,167
2025-05-05,169
2025-05-06,167
2025-05-07,169
2025-05-08,162
2025-05-09,163
2025-05-12,155
2025-05-13,154
2025-05-14,154
2025-05-15,155
2025-05-16,156
2025-05-19,153
2025-05-20,153
2025-05-21,150
2025-05-22,154
2025-05-23,154
2025-05-26,154
2025-05-27,152
2025-05-28,154
2025-05-29,153
2025-05-30,158
2025-06-02,157
2025-06-03,154
2025-06-04,160
2025-06-05,157
2025-06-06,151
2025-06-09,154
2025-06-10,153
2025-06-11,151
2025-06-12,154
2025-06-13,151
2025-06-16,146
2025-06-17,149
2025-06-18,153
2025-06-19,153
2025-06-20,154
2025-06-23,155
2025-06-24,156
2025-06-25,158
2025-06-26,160
2025-06-27,155
2025-06-30,154
2025-07-01,149
2025-07-02,149
2025-07-03,143
2025-07-04,143
2025-07-07,141
2025-07-08,145
2025-07-09,142
2025-07-10,142
2025-07-11,135
2025-07-14,138
2025-07-15,134
2025-07-16,140
2025-07-17,139
2025-07-18,139
2025-07-21,137
2025-07-22,142
2025-07-23,140
2025-07-24,138
2025-07-25,142
2025-07-28,139
2025-07-29,142
2025-07-30,142
2025-07-31,140
2025-08-01,147
2025-08-04,143
2025-08-05,144
2025-08-06,137
2025-08-07,138
2025-08-08,134
2025-08-11,133
2025-08-12,132
2025-08-13,131
2025-08-14,128
2025-08-15,126
2025-08-18,125
2025-08-19,126
2025-08-20,128
2025-08-21,130
2025-08-22,131
2025-08-25,129
2025-08-26,131
2025-08-27,136
2025-08-28,135
2025-08-29,131
2025-09-01,131
2025-09-02,133
2025-09-03,133
2025-09-04,133
2025-09-05,133
2025-09-08,132
2025-09-09,131
2025-09-10,128
2025-09-11,123
2025-09-12,122
2025-09-15,123
2025-09-16,123
2025-09-17,120
2025-09-18,117
2025-09-19,118
2025-09-22,118
2025-09-23,119
2025-09-24,117
2025-09-25,118
2025-09-26,118
2025-09-29,120
2025-09-30,119
2025-10-01,121
2025-10-02,122
2025-10-03,119
2025-10-06,117
2025-10-07,120
2025-10-08,119
2025-10-09,121
2025-10-10,131
2025-10-13,131
2025-10-14,131
2025-10-15,126
2025-10-16,129
2025-10-17,126
2025-10-20,124
2025-10-21,120
2025-10-22,123
2025-10-23,124
2025-10-24,122
2025-10-27,123
2025-10-28,124
2025-10-29,118
2025-10-30,122
2025-10-31,120
2025-11-03,124
2025-11-04,127
2025-11-05,125
2025-11-06,129
2025-11-07,129
2025-11-10,125
2025-11-11,125
2025-11-12,126
2025-11-13,124
2025-11-14,119
2025-11-17,124
2025-11-18,125
2025-11-19,120
2025-11-20,126
2025-11-21,127
2025-11-24,129
2025-11-25,130
2025-11-26,130
2025-11-27,130
2025-11-28,128
2025-12-01,124
2025-12-02,123
2025-12-03,123
2025-12-04,121
2025-12-05,121
2025-12-08,122
2025-12-09,124
2025-12-10,124
2025-12-11,124
2025-12-12,121
2025-12-15,120
2025-12-16,124
2025-12-17,121
2025-12-18,127
2025-12-19,129
2025-12-22,128
2025-12-23,132
2025-12-24,134
2025-12-25,134
2025-12-26,132
2025-12-29,136
2025-12-30,137
2025-12-31,135
