fecha,Y_rend_soberano_10a
2011-01-03,5.879
2011-01-04,5.836
2011-01-05,5.855
2011-01-06,5.855
2011-01-07,5.811
2011-01-10,5.811
2011-01-11,5.824
2011-01-12,5.83
2011-01-13,5.824
2011-01-14,5.824
2011-01-17,5.827
2011-01-18,5.828
2011-01-19,5.827
2011-01-20,5.844
2011-01-21,5.864
2011-01-24,5.872
2011-01-25,5.881
2011-01-26,5.872
2011-01-27,5.87
2011-01-28,5.869
2011-01-31,5.869
2011-02-01,5.883
2011-02-02,5.932
2011-02-03,5.938
2011-02-04,5.943
2011-02-07,5.999
2011-02-08,5.998
2011-02-09,5.975
2011-02-10,5.978
2011-02-11,5.979
2011-02-14,5.992
2011-02-15,6.076
2011-02-16,6.042
2011-02-17,6.018
2011-02-18,5.999
2011-02-21,6.006
2011-02-22,6.039
2011-02-23,6.052
2011-02-24,6.155
2011-02-25,6.166
2011-02-28,6.149
2011-03-01,6.196
2011-03-02,6.262
2011-03-03,6.255
2011-03-04,6.259
2011-03-07,6.304
2011-03-08,6.224
2011-03-09,6.236
2011-03-10,6.238
2011-03-11,6.214
2011-03-14,6.193
2011-03-15,6.2
2011-03-16,6.237
2011-03-17,6.246
2011-03-18,6.252
2011-03-21,6.309
2011-03-22,6.426
2011-03-23,6.417
2011-03-24,6.471
2011-03-25,6.514
2011-03-28,6.555
2011-03-29,6.64
2011-03-30,6.7445
2011-03-31,6.73423076923077
2011-04-01,6.72357142857143
2011-04-04,6.76666666666667
2011-04-05,6.73333333333333
2011-04-06,6.69333333333333
2011-04-07,6.62958333333334
2011-04-08,6.59058823529412
2011-04-11,6.60833333333333
2011-04-12,6.695
2011-04-13,6.78625
2011-04-14,7.01888888888889
2011-04-15,7.10666666666667
2011-04-18,7.16333333333333
2011-04-19,7.18875
2011-04-20,7.2
2011-04-21,
2011-04-22,
2011-04-25,7.2075
2011-04-26,7.2475
2011-04-27,7.349
2011-04-28,7.19533333333333
2011-04-29,7.03428571428571
2011-05-02,
2011-05-03,6.95185185185185
2011-05-04,6.79179130434783
2011-05-05,6.80032857142857
2011-05-06,6.73
2011-05-09,6.614
2011-05-10,6.745
2011-05-11,6.82909090909091
2011-05-12,6.74754285714286
2011-05-13,6.6879641025641
2011-05-16,6.72
2011-05-17,6.715
2011-05-18,6.67666666666667
2011-05-19,6.719
2011-05-20,6.7
2011-05-23,6.69363636363636
2011-05-24,6.7
2011-05-25,6.68571428571429
2011-05-26,6.65222222222222
2011-05-27,6.6394
2011-05-30,6.7
2011-05-31,6.67333333333333
2011-06-01,6.7
2011-06-02,6.588
2011-06-03,6.54125
2011-06-06,6.80851851851852
2011-06-07,6.67666666666667
2011-06-08,6.536
2011-06-09,6.51
2011-06-10,6.42
2011-06-13,6.40285714285714
2011-06-14,6.458
2011-06-15,6.44
2011-06-16,6.46
2011-06-17,6.385
2011-06-20,6.38
2011-06-21,6.32444444444445
2011-06-22,6.3
2011-06-23,6.33
2011-06-24,6.379
2011-06-27,6.3
2011-06-28,6.369
2011-06-29,
2011-06-30,6.30166666666667
2011-07-01,6.25666666666667
2011-07-04,6.309
2011-07-05,6.22
2011-07-06,6.2
2011-07-07,6.23166666666667
2011-07-08,6.289
2011-07-11,6.27
2011-07-12,6.27416666666667
2011-07-13,6.25
2011-07-14,6.25
2011-07-15,6.25
2011-07-18,6.24105263157895
2011-07-19,6.23666666666667
2011-07-20,6.2165
2011-07-21,6.2
2011-07-22,6.2101
2011-07-25,6.20333333333333
2011-07-26,6.19
2011-07-27,6.19083333333333
2011-07-28,
2011-07-29,
2011-08-01,6.139059375
2011-08-02,6.085
2011-08-03,6.09428571428572
2011-08-04,6.11290322580645
2011-08-05,6.124
2011-08-08,6.12232222222222
2011-08-09,6.124
2011-08-10,6.068
2011-08-11,6.015
2011-08-12,5.9903705882353
2011-08-15,5.97818181818182
2011-08-16,5.98
2011-08-17,5.94923076923077
2011-08-18,5.9021052631579
2011-08-19,5.868
2011-08-22,5.801
2011-08-23,5.71958333333333
2011-08-24,5.64571428571429
2011-08-25,5.60789473684211
2011-08-26,5.642
2011-08-29,
2011-08-30,
2011-08-31,5.53058823529412
2011-09-01,5.53727272727273
2011-09-02,5.506
2011-09-05,5.44761904761905
2011-09-06,5.41166666666667
2011-09-07,5.4025
2011-09-08,5.41
2011-09-09,5.38205128205128
2011-09-12,5.4225
2011-09-13,5.455
2011-09-14,5.4955
2011-09-15,5.55441176470588
2011-09-16,5.63875
2011-09-19,5.68058823529412
2011-09-20,5.67545454545455
2011-09-21,5.73
2011-09-22,5.925
2011-09-23,5.82576923076923
2011-09-26,5.8
2011-09-27,5.754375
2011-09-28,5.868
2011-09-29,5.863125
2011-09-30,5.85833333333333
2011-10-03,5.929
2011-10-04,5.87833333333333
2011-10-05,5.86416666666667
2011-10-06,5.77594736842105
2011-10-07,5.74944444444444
2011-10-10,5.73333333333333
2011-10-11,5.72814814814815
2011-10-12,5.71302325581395
2011-10-13,5.64866666666666
2011-10-14,5.628
2011-10-17,5.7
2011-10-18,5.72333333333333
2011-10-19,5.68863636363636
2011-10-20,5.7
2011-10-21,5.68
2011-10-24,5.70483928571428
2011-10-25,5.7053
2011-10-26,5.73666666666667
2011-10-27,5.61091666666667
2011-10-28,5.59888888888889
2011-10-31,
2011-11-01,
2011-11-02,5.62058823529412
2011-11-03,5.65647058823529
2011-11-04,5.66428571428572
2011-11-07,5.66692307692308
2011-11-08,5.65
2011-11-09,5.6825
2011-11-10,5.66
2011-11-11,5.61511627906977
2011-11-14,5.60125
2011-11-15,5.63
2011-11-16,5.62875
2011-11-17,5.61589655172414
2011-11-18,5.61355932203391
2011-11-21,5.68384615384615
2011-11-22,5.69952380952381
2011-11-23,5.73153846153846
2011-11-24,5.748
2011-11-25,5.73860465116279
2011-11-28,5.72254545454546
2011-11-29,5.716
2011-11-30,5.66880952380952
2011-12-01,5.62044444444444
2011-12-02,5.62
2011-12-05,5.64605263157894
2011-12-06,5.65875
2011-12-07,5.64988888888889
2011-12-08,
2011-12-09,5.63520547945205
2011-12-12,5.7203947368421
2011-12-13,5.72615384615385
2011-12-14,5.74290322580646
2011-12-15,5.73377391304348
2011-12-16,5.69319076923077
2011-12-19,5.69882352941176
2011-12-20,5.69777777777778
2011-12-21,5.7028125
2011-12-22,5.72
2011-12-23,
2011-12-26,5.769
2011-12-27,5.72071428571429
2011-12-28,5.72
2011-12-29,5.73537142857143
2011-12-30,
2012-01-02,5.71153846153846
2012-01-03,5.67436363636364
2012-01-04,5.69
2012-01-05,5.65665151515152
2012-01-06,5.65139534883721
2012-01-09,5.66208333333334
2012-01-10,5.65064516129032
2012-01-11,5.68313953488372
2012-01-12,5.69881355932203
2012-01-13,5.73042553191489
2012-01-16,5.72388888888889
2012-01-17,5.72404333333333
2012-01-18,5.72045454545454
2012-01-19,5.70010909090909
2012-01-20,5.69166666666667
2012-01-23,5.68547083333333
2012-01-24,5.68
2012-01-25,5.73790697674419
2012-01-26,5.68631904761905
2012-01-27,5.65588235294118
2012-01-30,5.66714285714286
2012-01-31,5.6488
2012-02-01,5.62
2012-02-02,5.6
2012-02-03,5.58245714285714
2012-02-06,5.61520000000001
2012-02-07,5.65031645569619
2012-02-08,5.62235294117647
2012-02-09,5.598
2012-02-10,5.57053124999999
2012-02-13,5.54166666666667
2012-02-14,5.58003846153846
2012-02-15,5.56666666666667
2012-02-16,5.56623376623376
2012-02-17,5.54347826086957
2012-02-20,5.52872340425532
2012-02-21,5.53296296296296
2012-02-22,5.50999999999999
2012-02-23,5.51
2012-02-24,5.47584186046512
2012-02-27,5.4692
2012-02-28,5.471
2012-02-29,5.43809523809524
2012-03-01,5.44947368421053
2012-03-02,5.4441935483871
2012-03-05,5.43941176470588
2012-03-06,5.42673913043478
2012-03-07,5.44929156626505
2012-03-08,5.45518518518519
2012-03-09,5.386
2012-03-12,5.33363636363636
2012-03-13,5.32382352941176
2012-03-14,5.37943191489362
2012-03-15,5.39810810810811
2012-03-16,5.38611515151515
2012-03-19,5.364
2012-03-20,5.3875
2012-03-21,5.37173913043478
2012-03-22,5.39469387755102
2012-03-23,5.43450408163266
2012-03-26,5.48333333333334
2012-03-27,5.43301587301588
2012-03-28,5.39857142857142
2012-03-29,5.4253947368421
2012-03-30,5.4
2012-04-02,5.42526315789474
2012-04-03,5.43214285714286
2012-04-04,5.4415909090909
2012-04-05,
2012-04-06,
2012-04-09,5.42
2012-04-10,5.41074074074074
2012-04-11,5.4016923076923
2012-04-12,5.41333333333333
2012-04-13,5.37194444444444
2012-04-16,5.32063829787234
2012-04-17,5.25153846153846
2012-04-18,5.28333333333333
2012-04-19,5.27538461538461
2012-04-20,5.26970588235294
2012-04-23,5.2625
2012-04-24,5.23395348837209
2012-04-25,5.19807692307692
2012-04-26,5.15854166666666
2012-04-27,5.13727272727273
2012-04-30,
2012-05-01,
2012-05-02,5.03486486486487
2012-05-03,4.98723404255319
2012-05-04,4.95615384615385
2012-05-07,4.97611111111111
2012-05-08,5.044
2012-05-09,5.09447368421053
2012-05-10,5.09285714285714
2012-05-11,5.1
2012-05-14,5.15
2012-05-15,5.13196428571429
2012-05-16,5.13666666666667
2012-05-17,5.15333333333333
2012-05-18,5.16912926829268
2012-05-21,5.19851063829787
2012-05-22,5.21857142857143
2012-05-23,5.27566666666667
2012-05-24,5.33583333333333
2012-05-25,5.34214285714286
2012-05-28,5.302
2012-05-29,5.23936170212766
2012-05-30,5.30684210526316
2012-05-31,5.3
2012-06-01,5.30403
2012-06-04,5.25
2012-06-05,5.22428571428571
2012-06-06,5.13717948717948
2012-06-07,5.07962962962963
2012-06-08,5.11916666666667
2012-06-11,5.15615384615385
2012-06-12,5.18
2012-06-13,5.14375
2012-06-14,5.12571428571429
2012-06-15,5.08280701754387
2012-06-18,5.03142857142857
2012-06-19,5.03229508196722
2012-06-20,5.04061224489796
2012-06-21,5.04397435897436
2012-06-22,5.19427142857143
2012-06-25,5.19427142857143
2012-06-26,5.195
2012-06-27,5.16214285714286
2012-06-28,5.18
2012-06-29,
2012-07-02,5.14
2012-07-03,5.15
2012-07-04,5.23
2012-07-05,5.1325
2012-07-06,5.17
2012-07-09,5.17
2012-07-10,5.1
2012-07-11,5.03
2012-07-12,4.86
2012-07-13,4.86
2012-07-16,4.775
2012-07-17,4.98
2012-07-18,4.91
2012-07-19,4.8
2012-07-20,4.75
2012-07-23,4.95
2012-07-24,
2012-07-25,4.82333333333333
2012-07-26,4.82
2012-07-27,
2012-07-30,4.94
2012-07-31,5.88
2012-08-01,5.88
2012-08-02,4.65
2012-08-03,4.85
2012-08-06,4.8
2012-08-07,4.84
2012-08-08,4.85
2012-08-09,4.78888888888889
2012-08-10,4.781
2012-08-13,4.78
2012-08-14,4.82
2012-08-15,4.81
2012-08-16,4.83
2012-08-17,4.8
2012-08-20,4.83
2012-08-21,4.83
2012-08-22,4.805
2012-08-23,4.82631578947368
2012-08-24,4.80166666666667
2012-08-27,4.785
2012-08-28,4.78421052631579
2012-08-29,4.796
2012-08-30,
2012-08-31,
2012-09-03,4.83
2012-09-04,4.78
2012-09-05,4.77666666666667
2012-09-06,4.776
2012-09-07,4.8
2012-09-10,4.75111111111111
2012-09-11,4.746
2012-09-12,4.75285714285714
2012-09-13,4.69296296296296
2012-09-14,4.682
2012-09-17,4.68
2012-09-18,4.60666666666667
2012-09-19,4.5625
2012-09-20,4.52625
2012-09-21,4.59
2012-09-24,4.578
2012-09-25,4.61
2012-09-26,4.61
2012-09-27,4.61090909090909
2012-09-28,4.57
2012-10-01,
2012-10-02,
2012-10-03,4.62
2012-10-04,4.62
2012-10-05,4.62
2012-10-08,
2012-10-09,4.60666666666667
2012-10-10,4.62
2012-10-11,4.6
2012-10-12,4.65
2012-10-15,4.65
2012-10-16,4.534
2012-10-17,4.52
2012-10-18,4.50933333333333
2012-10-19,4.45125
2012-10-22,4.5
2012-10-23,4.46666666666667
2012-10-24,4.47
2012-10-25,4.50181818181818
2012-10-26,4.56
2012-10-29,4.56
2012-10-30,4.508
2012-10-31,4.505
2012-11-01,
2012-11-02,
2012-11-05,4.50666666666667
2012-11-06,4.515
2012-11-07,4.48125
2012-11-08,4.49846153846154
2012-11-09,4.55
2012-11-12,4.55
2012-11-13,4.51
2012-11-14,4.49972222222222
2012-11-15,4.45193548387097
2012-11-16,4.452
2012-11-19,4.51
2012-11-20,4.443
2012-11-21,4.44909090909091
2012-11-22,4.46
2012-11-23,4.444
2012-11-26,4.40416666666667
2012-11-27,4.39083333333333
2012-11-28,4.4
2012-11-29,4.36727272727273
2012-11-30,4.31285714285714
2012-12-03,4.27
2012-12-04,4.225625
2012-12-05,4.2125
2012-12-06,4.18153846153846
2012-12-07,4.19909090909091
2012-12-10,4.22642857142857
2012-12-11,4.18611111111111
2012-12-12,4.1475
2012-12-13,4.13142857142857
2012-12-14,4.13
2012-12-17,4.11714285714286
2012-12-18,4.132
2012-12-19,4.125
2012-12-20,4.12
2012-12-21,4.17
2012-12-24,
2012-12-25,
2012-12-26,4.10666666666667
2012-12-27,4.09533333333333
2012-12-28,
2012-12-31,
2013-01-01,
2013-01-02,4.09
2013-01-03,4.10214285714286
2013-01-04,4.125
2013-01-07,4.1
2013-01-08,4.125
2013-01-09,4.104
2013-01-10,4.05333333333333
2013-01-11,4.03333333333333
2013-01-14,4.015
2013-01-15,3.98
2013-01-16,4.0
2013-01-17,4.04
2013-01-18,4.01
2013-01-21,4.0
2013-01-22,4.00545454545454
2013-01-23,4.015
2013-01-24,4.02333333333333
2013-01-25,4.16
2013-01-28,4.14571428571429
2013-01-29,4.12466666666667
2013-01-30,4.14
2013-01-31,4.093125
2013-02-01,4.05333333333333
2013-02-04,4.09
2013-02-05,4.10666666666667
2013-02-06,4.12
2013-02-07,4.10515151515151
2013-02-08,4.122
2013-02-11,
2013-02-12,4.13142857142857
2013-02-13,4.16588235294118
2013-02-14,4.2
2013-02-15,4.12230769230769
2013-02-18,4.16
2013-02-19,4.13333333333333
2013-02-20,4.18
2013-02-21,4.14
2013-02-22,4.1525
2013-02-25,4.18765957446808
2013-02-26,4.30107142857143
2013-02-27,4.231875
2013-02-28,4.18303571428571
2013-03-01,4.13375
2013-03-04,4.1486
2013-03-05,4.14094339622641
2013-03-06,4.14784810126583
2013-03-07,4.15000333333334
2013-03-08,4.164
2013-03-11,4.16
2013-03-12,4.17862068965517
2013-03-13,4.14541666666667
2013-03-14,4.14586206896552
2013-03-15,4.1325
2013-03-18,4.11677419354839
2013-03-19,4.14846153846154
2013-03-20,4.1595
2013-03-21,4.15111111111111
2013-03-22,4.15666666666667
2013-03-25,4.1656
2013-03-26,4.14846153846154
2013-03-27,4.12521739130435
2013-03-28,
2013-03-29,
2013-04-01,4.132
2013-04-02,4.12105263157895
2013-04-03,4.12111111111111
2013-04-04,4.11566666666667
2013-04-05,4.08966101694915
2013-04-08,4.08
2013-04-09,4.08
2013-04-10,4.06
2013-04-11,4.05
2013-04-12,4.05
2013-04-15,4.03
2013-04-16,4.04
2013-04-17,4.01
2013-04-18,3.98
2013-04-19,3.94
2013-04-22,3.96
2013-04-23,3.97
2013-04-24,3.99
2013-04-25,4.07
2013-04-26,4.1
2013-04-29,4.14
2013-04-30,4.11
2013-05-01,
2013-05-02,4.1
2013-05-03,4.07
2013-05-06,4.06
2013-05-07,4.07
2013-05-08,4.03
2013-05-09,4.03
2013-05-10,4.07
2013-05-13,4.07
2013-05-14,4.05
2013-05-15,4.01
2013-05-16,3.99
2013-05-17,4.02
2013-05-20,4.07
2013-05-21,4.11
2013-05-22,4.15
2013-05-23,4.32
2013-05-24,4.38
2013-05-27,4.45
2013-05-28,4.38
2013-05-29,4.45
2013-05-30,4.75
2013-05-31,4.81
2013-06-03,4.8019
2013-06-04,4.89
2013-06-05,4.97
2013-06-06,5.26901408450704
2013-06-07,4.97
2013-06-10,5.28
2013-06-11,5.36
2013-06-12,5.38
2013-06-13,5.26
2013-06-14,5.12
2013-06-17,5.14
2013-06-18,5.257
2013-06-19,5.2
2013-06-20,5.6
2013-06-21,5.73
2013-06-24,5.91
2013-06-25,5.76
2013-06-26,5.61641304347826
2013-06-27,5.55554896142433
2013-06-28,
2013-07-01,5.48611796982167
2013-07-02,5.4822430894309
2013-07-03,5.46886426592798
2013-07-04,5.40186915887851
2013-07-05,5.52368421052632
2013-07-08,5.3843956043956
2013-07-09,5.20714285714286
2013-07-10,5.21166666666667
2013-07-11,5.18
2013-07-12,5.17636363636364
2013-07-15,5.197875
2013-07-16,5.24
2013-07-17,5.152
2013-07-18,5.1709756097561
2013-07-19,5.26
2013-07-22,5.19
2013-07-23,5.09
2013-07-24,5.13
2013-07-25,5.15
2013-07-26,5.16
2013-07-29,
2013-07-30,
2013-07-31,5.2
2013-08-01,5.17679190751445
2013-08-02,5.178
2013-08-05,5.14
2013-08-06,5.14
2013-08-07,5.21676445934619
2013-08-08,5.26
2013-08-09,5.2
2013-08-12,5.29
2013-08-13,5.2
2013-08-14,5.31
2013-08-15,5.4
2013-08-16,5.52
2013-08-19,5.6
2013-08-20,5.55
2013-08-21,5.75
2013-08-22,5.7
2013-08-23,5.7
2013-08-26,5.7
2013-08-27,5.83
2013-08-28,5.875
2013-08-29,5.98040816326531
2013-08-30,
2013-09-02,6.01
2013-09-03,6.01
2013-09-04,6.01
2013-09-05,6.08
2013-09-06,6.0
2013-09-09,5.98
2013-09-10,6.02
2013-09-11,5.97
2013-09-12,5.69
2013-09-13,5.6
2013-09-16,5.39
2013-09-17,5.39
2013-09-18,5.42
2013-09-19,5.16
2013-09-20,5.12
2013-09-23,5.13
2013-09-24,5.23
2013-09-25,5.25
2013-09-26,5.3
2013-09-27,5.37
2013-09-30,5.48
2013-10-01,5.25
2013-10-02,5.36
2013-10-03,5.3
2013-10-04,5.4
2013-10-07,5.38
2013-10-08,
2013-10-09,5.78
2013-10-10,5.51
2013-10-11,5.45
2013-10-14,5.45
2013-10-15,5.42
2013-10-16,5.36
2013-10-17,5.26
2013-10-18,5.29
2013-10-21,5.32
2013-10-22,5.24
2013-10-23,5.17
2013-10-24,5.13
2013-10-25,5.1
2013-10-28,5.07
2013-10-29,5.19
2013-10-30,5.18
2013-10-31,5.37
2013-11-01,
2013-11-04,5.37
2013-11-05,5.44
2013-11-06,5.41
2013-11-07,5.41
2013-11-08,5.56
2013-11-11,5.56
2013-11-12,5.54
2013-11-13,5.46
2013-11-14,5.45
2013-11-15,5.44
2013-11-18,5.44
2013-11-19,5.46
2013-11-20,5.45
2013-11-21,5.5
2013-11-22,5.49
2013-11-25,5.5
2013-11-26,5.49
2013-11-27,5.47
2013-11-28,5.47
2013-11-29,5.43
2013-12-02,5.47
2013-12-03,5.55
2013-12-04,5.58
2013-12-05,5.58
2013-12-06,5.56
2013-12-09,5.63
2013-12-10,5.66
2013-12-11,5.61
2013-12-12,5.66
2013-12-13,5.67
2013-12-16,5.71
2013-12-17,5.63
2013-12-18,5.67
2013-12-19,5.67
2013-12-20,5.66
2013-12-23,5.53
2013-12-24,5.53
2013-12-25,
2013-12-26,5.6
2013-12-27,5.54
2013-12-30,5.6
2013-12-31,
2014-01-01,
2014-01-02,5.49
2014-01-03,5.5
2014-01-06,5.55
2014-01-07,5.58
2014-01-08,5.65
2014-01-09,5.55
2014-01-10,5.52
2014-01-13,5.55
2014-01-14,5.58
2014-01-15,5.63
2014-01-16,5.62
2014-01-17,5.61
2014-01-20,5.68
2014-01-21,5.63
2014-01-22,5.67
2014-01-23,5.6
2014-01-24,5.8
2014-01-27,5.96
2014-01-28,6.12
2014-01-29,6.21
2014-01-30,6.12
2014-01-31,6.22
2014-02-03,6.4
2014-02-04,6.37
2014-02-05,6.39
2014-02-06,6.36
2014-02-07,6.35
2014-02-10,6.38
2014-02-11,6.41
2014-02-12,6.37
2014-02-13,6.44
2014-02-14,6.5
2014-02-17,6.4
2014-02-18,6.38
2014-02-19,6.38
2014-02-20,6.52
2014-02-21,6.68
2014-02-24,6.67
2014-02-25,6.56
2014-02-26,6.46
2014-02-27,6.34
2014-02-28,6.15
2014-03-03,6.2
2014-03-04,6.2
2014-03-05,6.183
2014-03-06,6.15
2014-03-07,6.22
2014-03-10,6.27
2014-03-11,6.24
2014-03-12,6.25
2014-03-13,6.26
2014-03-14,6.21
2014-03-17,6.2
2014-03-18,6.17
2014-03-19,6.07
2014-03-20,6.2
2014-03-21,6.14
2014-03-24,6.24
2014-03-25,6.14
2014-03-26,6.09
2014-03-27,6.02
2014-03-28,6.02
2014-03-31,5.99
2014-04-01,6.05
2014-04-02,6.06
2014-04-03,6.07
2014-04-04,6.05
2014-04-07,5.98
2014-04-08,5.91
2014-04-09,5.88
2014-04-10,5.87
2014-04-11,5.94
2014-04-14,5.94
2014-04-15,5.96
2014-04-16,6.01
2014-04-17,
2014-04-18,
2014-04-21,6.01
2014-04-22,5.64
2014-04-23,5.92
2014-04-24,5.95
2014-04-25,5.89
2014-04-28,5.99
2014-04-29,5.99
2014-04-30,5.91
2014-05-01,
2014-05-02,5.81
2014-05-05,5.82
2014-05-06,5.8
2014-05-07,5.75
2014-05-08,5.78
2014-05-09,5.76
2014-05-12,5.77
2014-05-13,5.66
2014-05-14,5.66
2014-05-15,5.64
2014-05-16,5.61
2014-05-19,5.62
2014-05-20,5.64
2014-05-21,5.59
2014-05-22,5.54
2014-05-23,5.53
2014-05-26,5.61
2014-05-27,5.56
2014-05-28,5.48
2014-05-29,5.43
2014-05-30,5.4
2014-06-02,5.4
2014-06-03,5.41
2014-06-04,5.5
2014-06-05,5.46
2014-06-06,5.41
2014-06-09,5.38
2014-06-10,5.4
2014-06-11,5.35
2014-06-12,5.29
2014-06-13,5.3
2014-06-16,5.31
2014-06-17,5.37
2014-06-18,5.38
2014-06-19,5.32
2014-06-20,5.39
2014-06-23,5.37
2014-06-24,5.39
2014-06-25,5.38
2014-06-26,5.33
2014-06-27,5.4
2014-06-30,5.28
2014-07-01,5.26
2014-07-02,5.34
2014-07-03,5.28
2014-07-04,5.26
2014-07-07,5.25
2014-07-08,5.24
2014-07-09,5.28
2014-07-10,5.24
2014-07-11,5.17
2014-07-14,5.12
2014-07-15,5.07
2014-07-16,5.05
2014-07-17,5.11
2014-07-18,5.12
2014-07-21,5.09
2014-07-22,5.11
2014-07-23,5.11
2014-07-24,5.12
2014-07-25,5.1
2014-07-28,
2014-07-29,
2014-07-30,5.193
2014-07-31,5.204
2014-08-01,5.21
2014-08-04,5.218
2014-08-05,5.218
2014-08-06,5.17
2014-08-07,5.18
2014-08-08,5.25
2014-08-11,5.24
2014-08-12,5.23
2014-08-13,5.21
2014-08-14,5.17
2014-08-15,5.15
2014-08-18,5.18
2014-08-19,5.14
2014-08-20,5.2
2014-08-21,5.2
2014-08-22,5.2
2014-08-25,5.19
2014-08-26,5.17
2014-08-27,5.2
2014-08-28,5.21
2014-08-29,5.22
2014-09-01,5.18
2014-09-02,5.19
2014-09-03,5.18
2014-09-04,5.17
2014-09-05,5.16
2014-09-08,5.13
2014-09-09,5.17
2014-09-10,5.19
2014-09-11,5.2
2014-09-12,5.28
2014-09-15,5.35
2014-09-16,5.32
2014-09-17,5.32
2014-09-18,5.4
2014-09-19,5.38
2014-09-22,5.39
2014-09-23,5.46
2014-09-24,5.49
2014-09-25,5.57
2014-09-26,5.6
2014-09-29,5.64
2014-09-30,5.61
2014-10-01,5.57
2014-10-02,5.56
2014-10-03,5.54
2014-10-06,5.46
2014-10-07,5.39
2014-10-08,
2014-10-09,5.28
2014-10-10,5.34
2014-10-13,5.34
2014-10-14,5.32
2014-10-15,5.27
2014-10-16,5.3
2014-10-17,5.25
2014-10-20,5.279
2014-10-21,5.25
2014-10-22,5.24
2014-10-23,5.35
2014-10-24,5.34
2014-10-27,5.34
2014-10-28,5.36
2014-10-29,5.35
2014-10-30,5.46
2014-10-31,5.33
2014-11-03,5.43
2014-11-04,5.47
2014-11-05,5.55
2014-11-06,5.55
2014-11-07,5.48
2014-11-10,5.46
2014-11-11,5.47
2014-11-12,5.48
2014-11-13,5.51
2014-11-14,5.47
2014-11-17,5.43
2014-11-18,5.42
2014-11-19,5.46
2014-11-20,5.45
2014-11-21,5.43
2014-11-24,5.43
2014-11-25,5.36
2014-11-26,5.3
2014-11-27,5.326
2014-11-28,5.311
2014-12-01,5.21
2014-12-02,5.24
2014-12-03,5.24
2014-12-04,5.26
2014-12-05,5.28
2014-12-08,
2014-12-09,5.27
2014-12-10,5.29
2014-12-11,5.4
2014-12-12,5.39
2014-12-15,5.428
2014-12-16,5.49
2014-12-17,5.41
2014-12-18,5.37
2014-12-19,5.39
2014-12-22,5.38
2014-12-23,5.39
2014-12-24,5.4
2014-12-25,
2014-12-26,5.443
2014-12-29,5.4
2014-12-30,5.433
2014-12-31,5.44
2015-01-01,
2015-01-02,
2015-01-05,5.45
2015-01-06,5.4
2015-01-07,5.41
2015-01-08,5.43
2015-01-09,5.45
2015-01-12,5.47
2015-01-13,5.465
2015-01-14,5.41
2015-01-15,5.437
2015-01-16,5.22
2015-01-19,5.22
2015-01-20,5.19
2015-01-21,5.25
2015-01-22,5.25
2015-01-23,5.17
2015-01-26,5.19
2015-01-27,5.08
2015-01-28,5.12
2015-01-29,5.17
2015-01-30,5.15
2015-02-02,5.2
2015-02-03,5.18
2015-02-04,5.19
2015-02-05,5.23
2015-02-06,5.27
2015-02-09,5.31
2015-02-10,5.27
2015-02-11,5.25
2015-02-12,5.24
2015-02-13,5.26
2015-02-16,5.17
2015-02-17,5.28
2015-02-18,5.36
2015-02-19,5.4
2015-02-20,5.38
2015-02-23,5.38
2015-02-24,5.36
2015-02-25,5.35
2015-02-26,5.34
2015-02-27,5.29
2015-03-02,5.31
2015-03-03,5.35
2015-03-04,5.403
2015-03-05,5.39
2015-03-06,5.39
2015-03-09,5.39
2015-03-10,5.39
2015-03-11,5.39
2015-03-12,5.5
2015-03-13,5.61
2015-03-16,5.7
2015-03-17,5.65
2015-03-18,5.63
2015-03-19,5.67
2015-03-20,5.62
2015-03-23,5.614
2015-03-24,5.61
2015-03-25,5.57
2015-03-26,5.63
2015-03-27,5.63
2015-03-30,5.57
2015-03-31,5.57
2015-04-01,5.52
2015-04-02,5.39
2015-04-03,5.561
2015-04-06,5.39
2015-04-07,5.452
2015-04-08,5.43
2015-04-09,5.45
2015-04-10,5.46
2015-04-13,5.485
2015-04-14,5.47
2015-04-15,5.5
2015-04-16,5.55
2015-04-17,5.53
2015-04-20,5.56
2015-04-21,5.59
2015-04-22,5.6
2015-04-23,5.63
2015-04-24,5.64
2015-04-27,5.65
2015-04-28,5.63
2015-04-29,5.67
2015-04-30,5.68
2015-05-01,
2015-05-04,5.8
2015-05-05,5.85
2015-05-06,5.9
2015-05-07,5.9
2015-05-08,5.84
2015-05-11,5.9
2015-05-12,5.89
2015-05-13,5.917
2015-05-14,5.921
2015-05-15,5.87
2015-05-18,5.9
2015-05-19,5.91
2015-05-20,5.94
2015-05-21,5.93
2015-05-22,5.93
2015-05-25,5.92
2015-05-26,5.94
2015-05-27,5.93
2015-05-28,5.93
2015-05-29,5.92
2015-06-01,5.96
2015-06-02,6.02
2015-06-03,6.1
2015-06-04,6.05
2015-06-05,6.05
2015-06-08,6.09
2015-06-09,6.2
2015-06-10,6.17
2015-06-11,6.17
2015-06-12,6.14
2015-06-15,6.15
2015-06-16,6.17
2015-06-17,6.19
2015-06-18,6.2
2015-06-19,6.16
2015-06-22,6.22
2015-06-23,6.19
2015-06-24,6.28
2015-06-25,6.32
2015-06-26,6.35
2015-06-29,
2015-06-30,6.425
2015-07-01,6.46
2015-07-02,6.51
2015-07-03,6.51
2015-07-06,6.5
2015-07-07,6.54
2015-07-08,6.53
2015-07-09,6.54
2015-07-10,6.56
2015-07-13,6.56
2015-07-14,6.51
2015-07-15,6.54
2015-07-16,6.53
2015-07-17,6.42
2015-07-20,6.4
2015-07-21,6.41
2015-07-22,6.33
2015-07-23,6.32
2015-07-24,6.37
2015-07-27,
2015-07-28,
2015-07-29,
2015-07-30,6.453
2015-07-31,6.44
2015-08-03,6.45
2015-08-04,6.43
2015-08-05,6.43
2015-08-06,6.45
2015-08-07,6.44
2015-08-10,6.473
2015-08-11,6.474
2015-08-12,6.482
2015-08-13,6.53
2015-08-14,6.57
2015-08-17,6.63
2015-08-18,6.74
2015-08-19,6.63
2015-08-20,6.67
2015-08-21,6.74
2015-08-24,6.88
2015-08-25,6.81
2015-08-26,6.98
2015-08-27,6.99
2015-08-28,7.068
2015-08-31,7.06
2015-09-01,7.17
2015-09-02,7.16
2015-09-03,7.28
2015-09-04,7.22
2015-09-07,7.16
2015-09-08,7.29
2015-09-09,7.303
2015-09-10,7.303
2015-09-11,7.38
2015-09-14,7.34
2015-09-15,7.35
2015-09-16,7.29
2015-09-17,7.27
2015-09-18,7.08
2015-09-21,7.11
2015-09-22,7.151
2015-09-23,7.21
2015-09-24,7.21
2015-09-25,7.23
2015-09-28,7.24
2015-09-29,7.27
2015-09-30,7.17
2015-10-01,7.17
2015-10-02,7.16
2015-10-05,7.207
2015-10-06,7.15
2015-10-07,7.17
2015-10-08,7.221
2015-10-09,7.221
2015-10-12,7.17
2015-10-13,7.17
2015-10-14,7.13
2015-10-15,7.06
2015-10-16,7.0
2015-10-19,7.221
2015-10-20,6.94
2015-10-21,6.9
2015-10-22,6.86
2015-10-23,6.76
2015-10-26,6.78
2015-10-27,6.69
2015-10-28,6.806
2015-10-29,6.75
2015-10-30,6.7
2015-11-02,6.806
2015-11-03,6.71
2015-11-04,6.79
2015-11-05,6.85
2015-11-06,6.85
2015-11-09,6.89
2015-11-10,6.83
2015-11-11,6.81
2015-11-12,6.75
2015-11-13,6.85
2015-11-16,6.85
2015-11-17,6.61
2015-11-18,6.62
2015-11-19,6.638
2015-11-20,6.638
2015-11-23,6.49
2015-11-24,6.48
2015-11-25,6.518
2015-11-26,6.536
2015-11-27,6.529
2015-11-30,6.5
2015-12-01,6.565
2015-12-02,6.55
2015-12-03,6.55
2015-12-04,6.55
2015-12-07,6.573
2015-12-08,
2015-12-09,6.568
2015-12-10,6.6
2015-12-11,6.52
2015-12-14,6.675
2015-12-15,6.675
2015-12-16,6.795
2015-12-17,6.79
2015-12-18,6.76
2015-12-21,6.793
2015-12-22,6.779
2015-12-23,6.79
2015-12-24,6.8
2015-12-25,6.8
2015-12-28,6.796
2015-12-29,6.847
2015-12-30,6.95
2015-12-31,6.847
2016-01-01,
2016-01-04,7.01
2016-01-05,6.88
2016-01-06,6.9
2016-01-07,6.93
2016-01-08,7.0
2016-01-11,7.0
2016-01-12,7.054
2016-01-13,7.051
2016-01-14,7.01
2016-01-15,7.01
2016-01-18,7.05
2016-01-19,7.056
2016-01-20,7.063
2016-01-21,7.062
2016-01-22,7.087
2016-01-25,7.1
2016-01-26,7.14
2016-01-27,7.17
2016-01-28,7.25
2016-01-29,6.58
2016-02-01,7.287
2016-02-02,7.2
2016-02-03,7.15
2016-02-04,7.07
2016-02-05,7.0
2016-02-08,7.05
2016-02-09,7.08
2016-02-10,7.11
2016-02-11,7.156
2016-02-12,7.65
2016-02-15,7.48
2016-02-16,7.49
2016-02-17,7.51
2016-02-18,7.51
2016-02-19,7.49
2016-02-22,7.51
2016-02-23,7.48
2016-02-24,7.52
2016-02-25,7.55
2016-02-26,7.51
2016-02-29,7.46
2016-03-01,7.47
2016-03-02,7.41
2016-03-03,7.39
2016-03-04,7.31
2016-03-07,7.3
2016-03-08,7.27
2016-03-09,7.2
2016-03-10,7.18
2016-03-11,7.1
2016-03-14,7.14
2016-03-15,7.14
2016-03-16,7.11
2016-03-17,6.95
2016-03-18,6.94
2016-03-21,7.02
2016-03-22,7.062
2016-03-23,7.03
2016-03-24,
2016-03-25,
2016-03-28,7.087
2016-03-29,7.01
2016-03-30,6.95
2016-03-31,6.85
2016-04-01,6.9
2016-04-04,6.95
2016-04-05,7.05
2016-04-06,7.002
2016-04-07,7.02
2016-04-08,6.94
2016-04-11,6.57
2016-04-12,6.6
2016-04-13,6.6
2016-04-14,6.52
2016-04-15,6.53
2016-04-18,6.43
2016-04-19,6.19
2016-04-20,6.21
2016-04-21,6.23
2016-04-22,6.36
2016-04-25,6.35
2016-04-26,6.32
2016-04-27,6.23
2016-04-28,6.22
2016-04-29,6.22
2016-05-02,6.22
2016-05-03,6.29
2016-05-04,6.396
2016-05-05,6.396
2016-05-06,6.396
2016-05-09,6.27
2016-05-10,6.22
2016-05-11,6.19
2016-05-12,6.22
2016-05-13,6.19
2016-05-16,6.13
2016-05-17,6.1
2016-05-18,6.1
2016-05-19,6.124
2016-05-20,6.31
2016-05-23,6.3
2016-05-24,6.29
2016-05-25,6.32
2016-05-26,6.36
2016-05-27,6.368
2016-05-30,6.368
2016-05-31,6.29
2016-06-01,6.33
2016-06-02,6.19
2016-06-03,6.08
2016-06-06,6.09
2016-06-07,6.04
2016-06-08,6.01
2016-06-09,6.07
2016-06-10,6.1
2016-06-13,6.08
2016-06-14,6.12
2016-06-15,6.11
2016-06-16,6.16
2016-06-17,6.09
2016-06-20,6.08
2016-06-21,6.09
2016-06-22,6.09
2016-06-23,6.04
2016-06-24,6.11
2016-06-27,6.04
2016-06-28,6.0
2016-06-29,6.106
2016-06-30,5.83
2016-07-01,5.7
2016-07-04,6.106
2016-07-05,5.75
2016-07-06,5.77
2016-07-07,5.79
2016-07-08,5.74
2016-07-11,5.74
2016-07-12,5.759
2016-07-13,5.772
2016-07-14,5.73
2016-07-15,5.7
2016-07-18,5.753
2016-07-19,5.7
2016-07-20,5.743
2016-07-21,5.69
2016-07-22,5.71
2016-07-25,5.73
2016-07-26,5.74
2016-07-27,5.76
2016-07-28,5.752
2016-07-29,5.752
2016-08-01,5.68
2016-08-02,5.66
2016-08-03,5.752
2016-08-04,5.6
2016-08-05,5.6
2016-08-08,5.62
2016-08-09,5.65
2016-08-10,5.64
2016-08-11,5.65
2016-08-12,5.64
2016-08-15,5.6
2016-08-16,5.57
2016-08-17,5.6
2016-08-18,5.6
2016-08-19,5.58
2016-08-22,5.6
2016-08-23,5.61
2016-08-24,5.58
2016-08-25,5.63
2016-08-26,5.64
2016-08-29,5.67
2016-08-30,5.67
2016-08-31,5.79
2016-09-01,5.85
2016-09-02,5.85
2016-09-05,5.85
2016-09-06,5.8
2016-09-07,5.67
2016-09-08,5.64
2016-09-09,5.75
2016-09-12,5.8
2016-09-13,5.82
2016-09-14,5.85
2016-09-15,5.84
2016-09-16,5.84
2016-09-19,5.87
2016-09-20,5.86
2016-09-21,5.79
2016-09-22,5.77
2016-09-23,5.819
2016-09-26,5.819
2016-09-27,5.79
2016-09-28,5.77
2016-09-29,5.69
2016-09-30,5.72
2016-10-03,5.71
2016-10-04,5.7
2016-10-05,5.68
2016-10-06,5.73
2016-10-07,5.74
2016-10-10,5.73
2016-10-11,5.7
2016-10-12,5.71
2016-10-13,5.71
2016-10-14,5.68
2016-10-17,5.726
2016-10-18,5.75
2016-10-19,5.74
2016-10-20,5.7
2016-10-21,5.7
2016-10-24,5.89
2016-10-25,5.89
2016-10-26,5.9
2016-10-27,5.94
2016-10-28,5.942
2016-10-31,5.92
2016-11-01,5.949
2016-11-02,5.9
2016-11-03,5.89
2016-11-04,5.88
2016-11-07,5.88
2016-11-08,5.87
2016-11-09,5.91
2016-11-10,6.29
2016-11-11,6.37
2016-11-14,6.65
2016-11-15,6.67
2016-11-16,6.64
2016-11-17,6.614
2016-11-18,6.614
2016-11-21,6.49
2016-11-22,6.43
2016-11-23,6.47
2016-11-24,6.54
2016-11-25,6.46
2016-11-28,6.43
2016-11-29,6.43
2016-11-30,6.44
2016-12-01,6.48
2016-12-02,6.46
2016-12-05,6.43
2016-12-06,6.41
2016-12-07,6.39
2016-12-08,
2016-12-09,6.39
2016-12-12,6.38
2016-12-13,6.39
2016-12-14,6.38
2016-12-15,6.5
2016-12-16,6.5
2016-12-19,6.45
2016-12-20,6.474
2016-12-21,6.45
2016-12-22,6.46
2016-12-23,6.46
2016-12-26,6.43
2016-12-27,6.45
2016-12-28,6.48
2016-12-29,6.49
2016-12-30,6.53
2017-01-02,6.6
2017-01-03,6.53
2017-01-04,6.57
2017-01-05,6.5
2017-01-06,6.47
2017-01-09,6.44
2017-01-10,6.43
2017-01-11,6.41
2017-01-12,6.3
2017-01-13,6.3
2017-01-16,6.34
2017-01-17,6.27
2017-01-18,6.34
2017-01-19,6.33
2017-01-20,6.3
2017-01-23,6.23
2017-01-24,6.24
2017-01-25,6.261
2017-01-26,6.24
2017-01-27,6.24
2017-01-30,6.2
2017-01-31,6.18
2017-02-01,6.18
2017-02-02,6.22
2017-02-03,6.25
2017-02-06,6.26
2017-02-07,6.29
2017-02-08,6.28
2017-02-09,6.27
2017-02-10,6.25
2017-02-13,6.29
2017-02-14,6.27
2017-02-15,6.26
2017-02-16,6.27
2017-02-17,6.28
2017-02-20,6.3
2017-02-21,6.29
2017-02-22,6.26
2017-02-23,6.25
2017-02-24,6.23
2017-02-27,6.247
2017-02-28,6.26
2017-03-01,6.27
2017-03-02,6.26
2017-03-03,6.25
2017-03-06,6.23
2017-03-07,6.24
2017-03-08,6.25
2017-03-09,6.27
2017-03-10,6.26
2017-03-13,6.24
2017-03-14,6.23
2017-03-15,6.19
2017-03-16,6.09
2017-03-17,6.08
2017-03-20,6.07
2017-03-21,6.0
2017-03-22,6.0
2017-03-23,6.0
2017-03-24,5.96
2017-03-27,5.9
2017-03-28,5.85
2017-03-29,5.86
2017-03-30,5.87
2017-03-31,5.87
2017-04-03,5.87
2017-04-04,5.92
2017-04-05,5.91
2017-04-06,5.9
2017-04-07,5.78
2017-04-10,5.89
2017-04-11,5.91
2017-04-12,5.92
2017-04-13,
2017-04-14,
2017-04-17,5.88
2017-04-18,5.86
2017-04-19,5.87
2017-04-20,5.88
2017-04-21,5.87
2017-04-24,5.87
2017-04-25,5.86
2017-04-26,5.88
2017-04-27,5.84
2017-04-28,5.76
2017-05-01,
2017-05-02,5.68
2017-05-03,5.68
2017-05-04,5.7
2017-05-05,5.71
2017-05-08,5.79
2017-05-09,5.78
2017-05-10,5.74
2017-05-11,5.73
2017-05-12,5.72
2017-05-15,5.72
2017-05-16,5.69
2017-05-17,5.7
2017-05-18,5.71
2017-05-19,5.7
2017-05-22,5.72
2017-05-23,5.74
2017-05-24,5.74
2017-05-25,5.72
2017-05-26,5.71
2017-05-29,5.74
2017-05-30,5.71
2017-05-31,5.66
2017-06-01,5.63
2017-06-02,5.6
2017-06-05,5.62
2017-06-06,5.621
2017-06-07,5.63
2017-06-08,5.61
2017-06-09,5.62
2017-06-12,5.63
2017-06-13,5.64
2017-06-14,5.58
2017-06-15,5.56
2017-06-16,5.54
2017-06-19,5.53
2017-06-20,5.53
2017-06-21,5.55
2017-06-22,5.54
2017-06-23,5.54
2017-06-26,5.54
2017-06-27,5.54
2017-06-28,5.53
2017-06-29,
2017-06-30,
2017-07-03,5.61
2017-07-04,5.62
2017-07-05,5.69
2017-07-06,5.73
2017-07-07,5.84
2017-07-10,5.86
2017-07-11,5.8
2017-07-12,5.69
2017-07-13,5.67
2017-07-14,5.66
2017-07-17,5.64
2017-07-18,5.65
2017-07-19,5.65
2017-07-20,5.6
2017-07-21,5.58
2017-07-24,5.58
2017-07-25,5.58
2017-07-26,5.56
2017-07-27,
2017-07-28,
2017-07-31,5.52
2017-08-01,5.52
2017-08-02,5.48
2017-08-03,5.46
2017-08-04,5.46
2017-08-07,5.46
2017-08-08,5.45
2017-08-09,5.529
2017-08-10,5.47
2017-08-11,5.47
2017-08-14,5.45
2017-08-15,5.48
2017-08-16,5.49
2017-08-17,5.48
2017-08-18,5.47
2017-08-21,5.508
2017-08-22,5.46
2017-08-23,5.46
2017-08-24,5.45
2017-08-25,5.43
2017-08-28,5.41
2017-08-29,5.4
2017-08-30,5.42
2017-08-31,5.42
2017-09-01,5.45
2017-09-04,5.49
2017-09-05,5.45
2017-09-06,5.45
2017-09-07,5.47
2017-09-08,5.45
2017-09-11,5.38
2017-09-12,5.38
2017-09-13,5.37
2017-09-14,5.39
2017-09-15,5.38
2017-09-18,5.29
2017-09-19,5.27
2017-09-20,5.26
2017-09-21,5.18
2017-09-22,5.19
2017-09-25,5.21
2017-09-26,5.24
2017-09-27,5.29
2017-09-28,5.3
2017-09-29,5.29
2017-10-02,5.3
2017-10-03,5.28
2017-10-04,5.27
2017-10-05,5.26
2017-10-06,5.29
2017-10-09,5.2
2017-10-10,5.17
2017-10-11,5.18
2017-10-12,5.19
2017-10-13,5.19
2017-10-16,5.21
2017-10-17,5.26
2017-10-18,5.25
2017-10-19,5.22
2017-10-20,5.25
2017-10-23,5.273
2017-10-24,5.29
2017-10-25,5.29
2017-10-26,5.3
2017-10-27,5.38
2017-10-30,5.37
2017-10-31,5.37
2017-11-01,
2017-11-02,5.33
2017-11-03,5.33
2017-11-06,5.26
2017-11-07,5.24
2017-11-08,5.23
2017-11-09,5.27
2017-11-10,5.22
2017-11-13,5.23
2017-11-14,5.28
2017-11-15,5.35
2017-11-16,5.365
2017-11-17,5.34
2017-11-20,5.36
2017-11-21,5.36
2017-11-22,5.35
2017-11-23,5.34
2017-11-24,5.31
2017-11-27,5.3
2017-11-28,5.27
2017-11-29,5.28
2017-11-30,5.28
2017-12-01,5.25
2017-12-04,5.27
2017-12-05,5.29
2017-12-06,5.26
2017-12-07,5.25
2017-12-08,
2017-12-11,5.22
2017-12-12,5.18
2017-12-13,5.16
2017-12-14,5.21
2017-12-15,5.34
2017-12-18,5.37
2017-12-19,5.27
2017-12-20,5.29
2017-12-21,5.33
2017-12-22,5.27
2017-12-25,
2017-12-26,5.24
2017-12-27,5.19
2017-12-28,5.17
2017-12-29,5.18
2018-01-01,
2018-01-02,
2018-01-03,5.13
2018-01-04,4.98
2018-01-05,4.92
2018-01-08,4.97
2018-01-09,5.01
2018-01-10,5.04
2018-01-11,4.94
2018-01-12,4.81
2018-01-15,4.72
2018-01-16,4.7
2018-01-17,4.75
2018-01-18,4.72
2018-01-19,4.71
2018-01-22,4.74
2018-01-23,4.73
2018-01-24,4.72
2018-01-25,4.71
2018-01-26,4.72
2018-01-29,4.74
2018-01-30,4.72
2018-01-31,4.7
2018-02-01,4.67
2018-02-02,4.68
2018-02-05,4.7
2018-02-06,4.72
2018-02-07,4.71
2018-02-08,4.75
2018-02-09,4.82
2018-02-12,4.8
2018-02-13,4.8
2018-02-14,4.8
2018-02-15,4.81
2018-02-16,4.81
2018-02-19,4.87
2018-02-20,4.85
2018-02-21,4.84
2018-02-22,4.86
2018-02-23,4.86
2018-02-26,4.87
2018-02-27,4.84
2018-02-28,4.83
2018-03-01,4.81
2018-03-02,4.8
2018-03-05,4.79
2018-03-06,4.78
2018-03-07,4.8
2018-03-08,4.8
2018-03-09,4.8
2018-03-12,4.84
2018-03-13,4.89
2018-03-14,4.86
2018-03-15,4.92
2018-03-16,4.98
2018-03-19,4.96
2018-03-20,4.9
2018-03-21,4.89
2018-03-22,4.79
2018-03-23,4.81
2018-03-26,4.84
2018-03-27,4.83
2018-03-28,4.81
2018-03-29,
2018-03-30,
2018-04-02,4.83
2018-04-03,4.82
2018-04-04,4.83
2018-04-05,4.82
2018-04-06,4.884
2018-04-09,4.91
2018-04-10,4.93
2018-04-11,4.98
2018-04-12,4.98
2018-04-13,
2018-04-16,5.01
2018-04-17,5.05
2018-04-18,5.15
2018-04-19,5.07
2018-04-20,5.07
2018-04-23,5.1
2018-04-24,5.17
2018-04-25,5.23
2018-04-26,5.23
2018-04-27,5.22
2018-04-30,5.2
2018-05-01,
2018-05-02,5.21
2018-05-03,5.22
2018-05-04,5.25
2018-05-07,5.29
2018-05-08,5.35
2018-05-09,5.38
2018-05-10,5.31
2018-05-11,5.27
2018-05-14,5.24
2018-05-15,5.32
2018-05-16,5.36
2018-05-17,5.51
2018-05-18,5.63
2018-05-21,5.79
2018-05-22,5.72
2018-05-23,5.67
2018-05-24,5.63
2018-05-25,5.64
2018-05-28,5.63
2018-05-29,5.67
2018-05-30,5.65
2018-05-31,5.65
2018-06-01,5.69
2018-06-04,5.66
2018-06-05,5.64
2018-06-06,5.6
2018-06-07,5.63
2018-06-08,5.64
2018-06-11,5.62
2018-06-12,5.65
2018-06-13,5.65
2018-06-14,5.65
2018-06-15,5.72
2018-06-18,5.76
2018-06-19,5.74
2018-06-20,5.75
2018-06-21,5.71
2018-06-22,5.68
2018-06-25,5.68
2018-06-26,5.64
2018-06-27,5.58
2018-06-28,5.562
2018-06-29,
2018-07-02,5.58
2018-07-03,5.54
2018-07-04,5.545
2018-07-05,5.54
2018-07-06,5.525
2018-07-09,5.47
2018-07-10,5.44
2018-07-11,5.47
2018-07-12,5.48
2018-07-13,5.46
2018-07-16,5.47
2018-07-17,5.47
2018-07-18,5.46
2018-07-19,5.5
2018-07-20,5.51
2018-07-23,5.51
2018-07-24,5.48
2018-07-25,5.44
2018-07-26,5.43
2018-07-27,
2018-07-30,5.43
2018-07-31,5.43
2018-08-01,5.42
2018-08-02,5.39
2018-08-03,5.35
2018-08-06,5.34
2018-08-07,5.36
2018-08-08,5.37
2018-08-09,5.38
2018-08-10,5.4
2018-08-13,5.43
2018-08-14,5.43
2018-08-15,5.48
2018-08-16,5.49
2018-08-17,5.54
2018-08-20,5.5
2018-08-21,5.47
2018-08-22,5.43
2018-08-23,5.44
2018-08-24,5.42
2018-08-27,5.41
2018-08-28,5.43
2018-08-29,5.45
2018-08-30,
2018-08-31,
2018-09-03,5.43
2018-09-04,5.44
2018-09-05,5.42
2018-09-06,5.46
2018-09-07,5.48
2018-09-10,5.48
2018-09-11,5.5
2018-09-12,5.5
2018-09-13,5.5
2018-09-14,5.48
2018-09-17,5.5
2018-09-18,5.51
2018-09-19,5.51
2018-09-20,5.54
2018-09-21,5.55
2018-09-24,5.6
2018-09-25,5.62
2018-09-26,5.62
2018-09-27,5.61
2018-09-28,5.6
2018-10-01,5.58
2018-10-02,5.57
2018-10-03,5.62
2018-10-04,5.68
2018-10-05,5.68
2018-10-08,
2018-10-09,5.67
2018-10-10,5.7
2018-10-11,5.73
2018-10-12,5.75
2018-10-15,5.76
2018-10-16,5.7
2018-10-17,5.7
2018-10-18,5.74
2018-10-19,5.72
2018-10-22,5.74
2018-10-23,5.77
2018-10-24,5.8
2018-10-25,5.79
2018-10-26,5.78
2018-10-29,5.83
2018-10-30,5.9
2018-10-31,5.89
2018-11-01,
2018-11-02,
2018-11-05,5.83
2018-11-06,5.81
2018-11-07,5.78
2018-11-08,5.78
2018-11-09,5.78
2018-11-12,5.8
2018-11-13,5.82
2018-11-14,5.8
2018-11-15,5.79
2018-11-16,5.76
2018-11-19,5.72
2018-11-20,5.72
2018-11-21,5.66
2018-11-22,5.64
2018-11-23,5.62
2018-11-26,5.64
2018-11-27,5.63
2018-11-28,5.6
2018-11-29,5.69
2018-11-30,5.67
2018-12-03,5.67
2018-12-04,5.75
2018-12-05,5.74
2018-12-06,5.75
2018-12-07,5.78
2018-12-10,5.84
2018-12-11,5.83
2018-12-12,5.823
2018-12-13,5.848
2018-12-14,5.838
2018-12-17,5.79
2018-12-18,5.76
2018-12-19,5.77
2018-12-20,5.71
2018-12-21,5.69
2018-12-24,
2018-12-25,
2018-12-26,5.66
2018-12-27,5.62
2018-12-28,5.65
2018-12-31,5.61
2019-01-01,
2019-01-02,5.62
2019-01-03,5.62
2019-01-04,5.61
2019-01-07,5.61
2019-01-08,5.6
2019-01-09,5.56
2019-01-10,5.55
2019-01-11,5.55
2019-01-14,5.57
2019-01-15,5.57
2019-01-16,5.59
2019-01-17,5.6
2019-01-18,5.57
2019-01-21,5.58
2019-01-22,5.58
2019-01-23,5.61
2019-01-24,5.64
2019-01-25,5.6
2019-01-28,5.6
2019-01-29,5.6
2019-01-30,5.62
2019-01-31,5.48
2019-02-01,5.5
2019-02-04,5.49
2019-02-05,5.47
2019-02-06,5.47
2019-02-07,5.47
2019-02-08,5.47
2019-02-11,5.48
2019-02-12,5.51
2019-02-13,5.54
2019-02-14,5.54
2019-02-15,5.51
2019-02-18,5.5
2019-02-19,5.5
2019-02-20,5.5
2019-02-21,5.52
2019-02-22,5.48
2019-02-25,5.48
2019-02-26,5.5
2019-02-27,5.48
2019-02-28,5.48
2019-03-01,5.49
2019-03-04,5.47
2019-03-05,5.46
2019-03-06,5.46
2019-03-07,5.43
2019-03-08,5.41
2019-03-11,5.39
2019-03-12,5.3
2019-03-13,5.29
2019-03-14,5.26
2019-03-15,5.2
2019-03-18,5.24
2019-03-19,5.25
2019-03-20,5.26
2019-03-21,5.16
2019-03-22,5.19
2019-03-25,5.18
2019-03-26,5.19
2019-03-27,5.174
2019-03-28,5.24
2019-03-29,5.24
2019-04-01,5.21
2019-04-02,5.21
2019-04-03,5.2
2019-04-04,5.18
2019-04-05,5.18
2019-04-08,5.17
2019-04-09,5.176
2019-04-10,5.177
2019-04-11,5.203
2019-04-12,5.27
2019-04-15,5.26
2019-04-16,5.29
2019-04-17,5.27
2019-04-18,
2019-04-19,
2019-04-22,5.26
2019-04-23,5.22
2019-04-24,5.26
2019-04-25,5.26
2019-04-26,5.21
2019-04-29,5.17
2019-04-30,5.14
2019-05-01,
2019-05-02,5.18
2019-05-03,5.16
2019-05-06,5.18
2019-05-07,5.21
2019-05-08,5.21
2019-05-09,5.24
2019-05-10,5.2
2019-05-13,5.23
2019-05-14,5.19
2019-05-15,5.16
2019-05-16,5.16
2019-05-17,5.15
2019-05-20,5.13
2019-05-21,5.1147
2019-05-22,5.126
2019-05-23,5.1109
2019-05-24,5.0727
2019-05-27,5.0738
2019-05-28,5.0177
2019-05-29,5.0094
2019-05-30,5.0436
2019-05-31,5.053
2019-06-03,5.0715
2019-06-04,5.0259
2019-06-05,5.0599
2019-06-06,5.0064
2019-06-07,4.9539
2019-06-10,5.0136
2019-06-11,4.944
2019-06-12,4.8562
2019-06-13,4.8243
2019-06-14,4.7111
2019-06-17,4.7591
2019-06-18,4.717
2019-06-19,4.7315
2019-06-20,4.5651
2019-06-21,4.6098
2019-06-24,4.6191
2019-06-25,4.6305
2019-06-26,4.7199
2019-06-27,4.768
2019-06-28,4.757
2019-07-01,4.6586
2019-07-02,4.6212
2019-07-03,4.548
2019-07-04,4.5375
2019-07-05,4.5464
2019-07-08,4.5267
2019-07-09,4.5409
2019-07-10,4.5391
2019-07-11,4.5631
2019-07-12,4.5381
2019-07-15,4.459
2019-07-16,4.4361
2019-07-17,4.3717
2019-07-18,4.2933
2019-07-19,4.2351
2019-07-22,4.2479
2019-07-23,4.2804
2019-07-24,4.3298
2019-07-25,4.28
2019-07-26,4.2772
2019-07-29,
2019-07-30,
2019-07-31,4.412
2019-08-01,4.4122
2019-08-02,4.4359
2019-08-05,4.4829
2019-08-06,4.3771
2019-08-07,4.3376
2019-08-08,4.319
2019-08-09,4.2042
2019-08-12,4.1177
2019-08-13,4.1136
2019-08-14,4.1078
2019-08-15,4.1433
2019-08-16,4.0993
2019-08-19,4.175
2019-08-20,4.172
2019-08-21,4.173
2019-08-22,4.173
2019-08-23,4.163
2019-08-26,4.199
2019-08-27,4.196
2019-08-28,4.1781
2019-08-29,
2019-08-30,
2019-09-02,4.1983
2019-09-03,4.1641
2019-09-04,4.0927
2019-09-05,4.0808
2019-09-06,4.0455
2019-09-09,4.064
2019-09-10,4.0758
2019-09-11,4.0462
2019-09-12,4.0534
2019-09-13,4.0914
2019-09-16,4.1539
2019-09-17,4.1607
2019-09-18,4.1786
2019-09-19,4.215
2019-09-20,4.2102
2019-09-23,4.1889
2019-09-24,4.1725
2019-09-25,4.2104
2019-09-26,4.25
2019-09-27,4.2955
2019-09-30,4.2467
2019-10-01,4.1848
2019-10-02,4.2168
2019-10-03,4.1607
2019-10-04,4.1236
2019-10-07,4.0653
2019-10-08,
2019-10-09,4.022
2019-10-10,3.9285
2019-10-11,4.0036
2019-10-14,3.98
2019-10-15,4.0367
2019-10-16,3.9359
2019-10-17,3.9246
2019-10-18,3.9505
2019-10-21,4.0133
2019-10-22,4.0579
2019-10-23,4.0929
2019-10-24,4.0996
2019-10-25,4.1385
2019-10-28,4.1865
2019-10-29,4.1932
2019-10-30,4.2505
2019-10-31,
2019-11-01,
2019-11-04,4.1575
2019-11-05,4.1942
2019-11-06,4.2193
2019-11-07,4.2653
2019-11-08,4.1937
2019-11-11,4.2135
2019-11-12,4.2601
2019-11-13,4.3977
2019-11-14,4.3578
2019-11-15,4.2562
2019-11-18,4.2696
2019-11-19,4.2219
2019-11-20,4.2307
2019-11-21,4.2183
2019-11-22,4.233
2019-11-25,4.2008
2019-11-26,4.1846
2019-11-27,4.239
2019-11-28,4.2142
2019-11-29,4.2664
2019-12-02,4.2678
2019-12-03,4.2349
2019-12-04,4.2119
2019-12-05,4.2549
2019-12-06,4.2664
2019-12-09,4.2305
2019-12-10,4.1934
2019-12-11,4.1911
2019-12-12,4.2121
2019-12-13,4.1787
2019-12-16,4.149
2019-12-17,4.177
2019-12-18,4.1959
2019-12-19,4.6092
2019-12-20,4.5875
2019-12-23,4.5838
2019-12-24,4.557
2019-12-25,
2019-12-26,4.553
2019-12-27,4.5644
2019-12-30,4.6208
2019-12-31,4.6354
2020-01-01,
2020-01-02,4.5598
2020-01-03,4.5722
2020-01-06,4.5512
2020-01-07,4.5319
2020-01-08,4.5657
2020-01-09,4.5686
2020-01-10,4.5471
2020-01-13,4.5552
2020-01-14,4.5688
2020-01-15,4.5623
2020-01-16,4.5617
2020-01-17,4.5307
2020-01-20,4.5141
2020-01-21,4.4729
2020-01-22,4.4761
2020-01-23,4.4761
2020-01-24,4.4677
2020-01-27,4.4756
2020-01-28,4.3942
2020-01-29,4.3668
2020-01-30,4.372
2020-01-31,4.3601
2020-02-03,4.3029
2020-02-04,4.3029
2020-02-05,4.2764
2020-02-06,4.3124
2020-02-07,4.3027
2020-02-10,4.2845
2020-02-11,4.2873
2020-02-12,4.2873
2020-02-13,4.2893
2020-02-14,4.2721
2020-02-17,4.2242
2020-02-18,4.1816
2020-02-19,4.1899
2020-02-20,4.2072
2020-02-21,4.2072
2020-02-24,4.1439
2020-02-25,4.1468
2020-02-26,4.1927
2020-02-27,4.2349
2020-02-28,4.5157
2020-03-02,4.2837
2020-03-03,4.1779
2020-03-04,4.0525
2020-03-05,4.0494
2020-03-06,4.0952
2020-03-09,4.2179
2020-03-10,4.3264
2020-03-11,4.5106
2020-03-12,5.214
2020-03-13,5.2181
2020-03-16,6.0
2020-03-17,5.872
2020-03-18,6.5
2020-03-19,6.1
2020-03-20,5.9
2020-03-23,6.1
2020-03-24,6.0
2020-03-25,5.1
2020-03-26,4.8
2020-03-27,4.95
2020-03-30,5.202
2020-03-31,5.25
2020-04-01,5.7
2020-04-02,5.81
2020-04-03,5.9
2020-04-06,5.95
2020-04-07,5.55
2020-04-08,5.43
2020-04-09,
2020-04-10,
2020-04-13,4.9
2020-04-14,4.52
2020-04-15,4.75
2020-04-16,4.7
2020-04-17,4.65
2020-04-20,4.64
2020-04-21,4.75
2020-04-22,4.72
2020-04-23,4.7
2020-04-24,4.72
2020-04-27,4.76
2020-04-28,4.82
2020-04-29,4.74
2020-04-30,4.8
2020-05-01,
2020-05-04,4.9
2020-05-05,4.73
2020-05-06,4.77
2020-05-07,4.7
2020-05-08,4.44
2020-05-11,4.39
2020-05-12,4.38
2020-05-13,4.4
2020-05-14,4.41
2020-05-15,4.4
2020-05-18,4.38
2020-05-19,4.4
2020-05-20,4.36
2020-05-21,4.27
2020-05-22,4.3
2020-05-25,4.24
2020-05-26,4.24
2020-05-27,4.3
2020-05-28,4.27
2020-05-29,4.31
2020-06-01,4.36
2020-06-02,4.35
2020-06-03,4.33
2020-06-04,4.41
2020-06-05,4.4
2020-06-08,4.4
2020-06-09,4.43
2020-06-10,4.37
2020-06-11,4.4
2020-06-12,4.42
2020-06-15,4.41
2020-06-16,4.39
2020-06-17,4.42
2020-06-18,4.38
2020-06-19,4.36
2020-06-22,4.37
2020-06-23,4.38
2020-06-24,4.38
2020-06-25,4.38
2020-06-26,4.41
2020-06-29,
2020-06-30,4.44
2020-07-01,4.44
2020-07-02,4.47
2020-07-03,4.49
2020-07-06,4.5
2020-07-07,4.45
2020-07-08,4.38
2020-07-09,4.34
2020-07-10,4.36
2020-07-13,4.34
2020-07-14,4.37
2020-07-15,4.3
2020-07-16,4.24
2020-07-17,4.14
2020-07-20,4.14
2020-07-21,4.16
2020-07-22,4.16
2020-07-23,4.11
2020-07-24,4.04
2020-07-27,4.01
2020-07-28,
2020-07-29,3.97
2020-07-30,3.95
2020-07-31,3.93
2020-08-03,3.92
2020-08-04,3.92
2020-08-05,3.92
2020-08-06,4.05
2020-08-07,4.16
2020-08-10,4.18
2020-08-11,4.1
2020-08-12,4.08
2020-08-13,4.08
2020-08-14,4.08
2020-08-17,4.08
2020-08-18,4.08
2020-08-19,4.08
2020-08-20,4.09
2020-08-21,4.12
2020-08-24,4.11
2020-08-25,4.14
2020-08-26,4.11
2020-08-27,4.09
2020-08-28,4.03
2020-08-31,3.99
2020-09-01,4.02
2020-09-02,4.07
2020-09-03,4.12
2020-09-04,4.17
2020-09-07,4.2
2020-09-08,4.13
2020-09-09,4.05
2020-09-10,4.12
2020-09-11,4.2
2020-09-14,4.17
2020-09-15,4.16
2020-09-16,4.19
2020-09-17,4.16
2020-09-18,4.16
2020-09-21,4.2
2020-09-22,4.28
2020-09-23,4.34
2020-09-24,4.3
2020-09-25,4.23
2020-09-28,4.27
2020-09-29,4.24
2020-09-30,4.33
2020-10-01,4.3
2020-10-02,4.32
2020-10-05,4.27
2020-10-06,4.25
2020-10-07,4.22
2020-10-08,4.1
2020-10-09,4.04
2020-10-12,4.08
2020-10-13,4.15
2020-10-14,4.12
2020-10-15,4.15
2020-10-16,4.17
2020-10-19,4.19
2020-10-20,4.27
2020-10-21,4.34
2020-10-22,4.3
2020-10-23,4.21
2020-10-26,4.21
2020-10-27,4.17
2020-10-28,4.24
2020-10-29,4.2
2020-10-30,4.22
2020-11-02,4.17
2020-11-03,4.05
2020-11-04,4.0
2020-11-05,3.85
2020-11-06,3.94
2020-11-09,3.94
2020-11-10,4.0
2020-11-11,4.08
2020-11-12,4.09
2020-11-13,4.16
2020-11-16,4.24
2020-11-17,4.07
2020-11-18,4.0537
2020-11-19,4.0657
2020-11-20,4.02
2020-11-23,4.0
2020-11-24,3.9501
2020-11-25,3.9356
2020-11-26,3.8817
2020-11-27,3.9
2020-11-30,3.9078
2020-12-01,3.9227
2020-12-02,3.9028
2020-12-03,3.87
2020-12-04,3.81
2020-12-07,3.763
2020-12-08,
2020-12-09,3.72
2020-12-10,3.69
2020-12-11,3.67
2020-12-14,3.66
2020-12-15,3.57
2020-12-16,3.56
2020-12-17,3.52
2020-12-18,3.5
2020-12-21,3.51
2020-12-22,3.55
2020-12-23,3.51
2020-12-24,3.512
2020-12-25,
2020-12-28,3.514
2020-12-29,3.511
2020-12-30,3.52
2020-12-31,3.5
2021-01-01,
2021-01-04,3.49
2021-01-05,3.51
2021-01-06,3.61
2021-01-07,3.64
2021-01-08,3.65
2021-01-11,3.7
2021-01-12,3.62
2021-01-13,3.58
2021-01-14,3.59
2021-01-15,3.62
2021-01-18,3.64
2021-01-19,3.66
2021-01-20,3.67
2021-01-21,3.68
2021-01-22,3.72
2021-01-25,3.73
2021-01-26,3.78
2021-01-27,3.88
2021-01-28,3.73
2021-01-29,3.66
2021-02-01,3.71
2021-02-02,3.74
2021-02-03,3.77
2021-02-04,3.78
2021-02-05,3.77
2021-02-08,3.77
2021-02-09,3.76
2021-02-10,3.73
2021-02-11,3.75
2021-02-12,3.77
2021-02-15,3.79
2021-02-16,3.87
2021-02-17,3.89
2021-02-18,3.99
2021-02-19,4.11
2021-02-22,4.21
2021-02-23,4.15
2021-02-24,4.15
2021-02-25,4.29
2021-02-26,4.23
2021-03-01,4.27
2021-03-02,4.42
2021-03-03,4.57
2021-03-04,4.75
2021-03-05,4.76
2021-03-08,4.9
2021-03-09,4.79
2021-03-10,4.7
2021-03-11,4.56
2021-03-12,4.7
2021-03-15,4.68
2021-03-16,4.7
2021-03-17,4.68
2021-03-18,4.66
2021-03-19,4.6
2021-03-22,4.54
2021-03-23,4.62
2021-03-24,4.68
2021-03-25,4.71
2021-03-26,4.73
2021-03-29,4.8
2021-03-30,4.99
2021-03-31,4.97
2021-04-01,
2021-04-02,
2021-04-05,4.91
2021-04-06,4.79
2021-04-07,4.78
2021-04-08,4.74
2021-04-09,4.81
2021-04-12,4.8
2021-04-13,4.78
2021-04-14,4.88
2021-04-15,4.87
2021-04-16,4.89
2021-04-19,5.02
2021-04-20,5.06
2021-04-21,5.16
2021-04-22,5.36
2021-04-23,5.42
2021-04-26,5.65
2021-04-27,5.61
2021-04-28,5.47
2021-04-29,5.4
2021-04-30,5.4
2021-05-03,5.43
2021-05-04,5.39
2021-05-05,5.31
2021-05-06,5.12
2021-05-07,5.05
2021-05-10,4.88
2021-05-11,4.89
2021-05-12,4.92
2021-05-13,4.79
2021-05-14,4.8
2021-05-17,4.89
2021-05-18,4.95
2021-05-19,4.99
2021-05-20,4.97
2021-05-21,4.85
2021-05-24,4.98
2021-05-25,4.98
2021-05-26,5.08
2021-05-27,4.93
2021-05-28,4.82
2021-05-31,4.77
2021-06-01,4.85
2021-06-02,4.89
2021-06-03,4.84
2021-06-04,4.68
2021-06-07,5.0
2021-06-08,4.92
2021-06-09,5.15
2021-06-10,5.08
2021-06-11,5.15
2021-06-14,5.3
2021-06-15,5.4
2021-06-16,5.41
2021-06-17,5.423
2021-06-18,5.55
2021-06-21,5.765
2021-06-22,5.68
2021-06-23,5.72
2021-06-24,5.64
2021-06-25,5.57
2021-06-28,5.35
2021-06-29,
2021-06-30,5.37
2021-07-01,5.41
2021-07-02,5.5
2021-07-05,5.614
2021-07-06,5.62
2021-07-07,5.8
2021-07-08,5.75
2021-07-09,5.85
2021-07-12,
2021-07-13,5.85
2021-07-14,5.75
2021-07-15,5.67
2021-07-16,5.56
2021-07-19,5.65
2021-07-20,5.62
2021-07-21,5.55
2021-07-22,5.41
2021-07-23,5.46
2021-07-26,5.38
2021-07-27,5.47
2021-07-28,
2021-07-29,
2021-07-30,6.45
2021-08-02,6.05
2021-08-03,5.87
2021-08-04,6.04
2021-08-05,6.09
2021-08-06,6.34
2021-08-09,6.45
2021-08-10,6.36
2021-08-11,6.4
2021-08-12,6.5
2021-08-13,6.38
2021-08-16,6.45
2021-08-17,6.49
2021-08-18,6.48
2021-08-19,6.66
2021-08-20,6.8
2021-08-23,6.69
2021-08-24,6.44
2021-08-25,6.49
2021-08-26,6.3
2021-08-27,6.09
2021-08-30,
2021-08-31,6.09
2021-09-01,6.15
2021-09-02,6.26
2021-09-03,6.25
2021-09-06,6.25
2021-09-07,6.3
2021-09-08,6.4
2021-09-09,6.4
2021-09-10,6.46
2021-09-13,6.43
2021-09-14,6.37
2021-09-15,6.43
2021-09-16,6.4
2021-09-17,6.36
2021-09-20,6.3
2021-09-21,6.27
2021-09-22,6.27
2021-09-23,6.27
2021-09-24,6.3
2021-09-27,6.38
2021-09-28,6.41
2021-09-29,6.43
2021-09-30,6.44
2021-10-01,6.37
2021-10-04,6.33
2021-10-05,6.18
2021-10-06,6.14
2021-10-07,5.92
2021-10-08,
2021-10-11,5.95
2021-10-12,5.76
2021-10-13,5.78
2021-10-14,5.71
2021-10-15,5.83
2021-10-18,5.95
2021-10-19,5.9
2021-10-20,5.92
2021-10-21,5.94
2021-10-22,5.88
2021-10-25,5.88
2021-10-26,5.95
2021-10-27,5.95
2021-10-28,5.83
2021-10-29,5.82
2021-11-01,
2021-11-02,5.82
2021-11-03,5.9
2021-11-04,5.84
2021-11-05,5.73
2021-11-08,5.74
2021-11-09,5.8
2021-11-10,5.87
2021-11-11,5.85
2021-11-12,5.85
2021-11-15,5.8
2021-11-16,5.87
2021-11-17,5.83
2021-11-18,5.87
2021-11-19,5.86
2021-11-22,5.9
2021-11-23,5.97
2021-11-24,5.97
2021-11-25,5.96
2021-11-26,5.88
2021-11-29,5.92
2021-11-30,5.95
2021-12-01,5.98
2021-12-02,5.98
2021-12-03,5.98
2021-12-06,5.96
2021-12-07,5.91
2021-12-08,
2021-12-09,5.93
2021-12-10,5.89
2021-12-13,5.88
2021-12-14,5.89
2021-12-15,5.91
2021-12-16,5.9
2021-12-17,5.92
2021-12-20,5.95
2021-12-21,6.0
2021-12-22,5.97
2021-12-23,5.94
2021-12-24,5.92
2021-12-27,5.89
2021-12-28,5.86
2021-12-29,5.9
2021-12-30,5.934
2021-12-31,5.87
2022-01-03,5.944
2022-01-04,5.96
2022-01-05,6.0
2022-01-06,6.02
2022-01-07,6.05
2022-01-10,6.12
2022-01-11,6.05
2022-01-12,6.04
2022-01-13,6.07
2022-01-14,6.12
2022-01-17,6.13
2022-01-18,6.192
2022-01-19,6.16
2022-01-20,6.09
2022-01-21,6.04
2022-01-24,6.08
2022-01-25,6.08
2022-01-26,6.08
2022-01-27,6.1
2022-01-28,6.11
2022-01-31,6.13
2022-02-01,6.15
2022-02-02,6.08
2022-02-03,6.08
2022-02-04,6.1
2022-02-07,6.12
2022-02-08,6.07
2022-02-09,6.04
2022-02-10,6.1
2022-02-11,6.08
2022-02-14,6.08
2022-02-15,6.1
2022-02-16,6.06
2022-02-17,6.0
2022-02-18,6.03
2022-02-21,6.05
2022-02-22,6.0
2022-02-23,6.0
2022-02-24,6.04
2022-02-25,6.07
2022-02-28,6.17
2022-03-01,6.22
2022-03-02,6.26
2022-03-03,6.33
2022-03-04,6.45
2022-03-07,6.64
2022-03-08,6.67
2022-03-09,6.65
2022-03-10,6.72
2022-03-11,6.65
2022-03-14,6.72
2022-03-15,6.67
2022-03-16,6.63
2022-03-17,6.56
2022-03-18,6.52
2022-03-21,6.57
2022-03-22,6.61
2022-03-23,6.61
2022-03-24,6.75
2022-03-25,6.9
2022-03-28,6.81
2022-03-29,6.65
2022-03-30,6.61
2022-03-31,6.55
2022-04-01,6.72
2022-04-04,6.79
2022-04-05,6.86
2022-04-06,6.94
2022-04-07,6.93
2022-04-08,6.98
2022-04-11,7.08
2022-04-12,7.2
2022-04-13,7.29
2022-04-14,
2022-04-15,
2022-04-18,7.39
2022-04-19,7.48
2022-04-20,7.56
2022-04-21,7.67
2022-04-22,7.75
2022-04-25,8.0
2022-04-26,8.06
2022-04-27,7.8
2022-04-28,7.72
2022-04-29,7.87
2022-05-02,8.0
2022-05-03,7.94
2022-05-04,7.94
2022-05-05,8.16
2022-05-06,8.41
2022-05-09,8.4
2022-05-10,8.24
2022-05-11,8.16
2022-05-12,8.06
2022-05-13,8.0
2022-05-16,7.91
2022-05-17,7.99
2022-05-18,8.0
2022-05-19,7.93
2022-05-20,7.88
2022-05-23,7.86
2022-05-24,7.73
2022-05-25,7.58
2022-05-26,7.5
2022-05-27,7.48
2022-05-30,7.51
2022-05-31,7.64
2022-06-01,7.63
2022-06-02,7.7
2022-06-03,7.73
2022-06-06,7.85
2022-06-07,7.77
2022-06-08,7.83
2022-06-09,7.85
2022-06-10,7.92
2022-06-13,8.08
2022-06-14,8.12
2022-06-15,8.05
2022-06-16,7.92
2022-06-17,7.88
2022-06-20,7.8
2022-06-21,7.85
2022-06-22,7.88
2022-06-23,7.78
2022-06-24,7.83
2022-06-27,7.85
2022-06-28,7.84
2022-06-29,
2022-06-30,7.858
2022-07-01,7.82
2022-07-04,7.83
2022-07-05,7.8
2022-07-06,7.7
2022-07-07,7.92
2022-07-08,8.1
2022-07-11,8.18
2022-07-12,8.42
2022-07-13,8.39
2022-07-14,8.45
2022-07-15,8.44
2022-07-18,8.49
2022-07-19,8.57
2022-07-20,8.55
2022-07-21,8.49
2022-07-22,8.34
2022-07-25,8.19
2022-07-26,8.19
2022-07-27,8.24
2022-07-28,
2022-07-29,
2022-08-01,8.0
2022-08-02,8.0
2022-08-03,8.01
2022-08-04,7.89
2022-08-05,7.98
2022-08-08,7.9
2022-08-09,7.91
2022-08-10,7.83
2022-08-11,7.86
2022-08-12,7.82
2022-08-15,7.74
2022-08-16,7.75
2022-08-17,7.8
2022-08-18,7.79
2022-08-19,7.87
2022-08-22,7.98
2022-08-23,7.98
2022-08-24,8.01
2022-08-25,7.94
2022-08-26,7.96
2022-08-29,7.99
2022-08-30,
2022-08-31,7.982
2022-09-01,8.16
2022-09-02,8.13
2022-09-05,8.16
2022-09-06,8.28
2022-09-07,8.27
2022-09-08,8.26
2022-09-09,8.15
2022-09-12,8.08
2022-09-13,8.12
2022-09-14,8.17
2022-09-15,8.19
2022-09-16,8.19
2022-09-19,8.19
2022-09-20,8.28
2022-09-21,8.24
2022-09-22,8.28
2022-09-23,8.35
2022-09-26,8.48
2022-09-27,8.55
2022-09-28,8.64
2022-09-29,8.76
2022-09-30,8.8
2022-10-03,8.7
2022-10-04,8.68
2022-10-05,
2022-10-06,8.68
2022-10-07,8.62
2022-10-10,8.66
2022-10-11,8.7
2022-10-12,8.77
2022-10-13,8.76
2022-10-14,8.77
2022-10-17,8.69
2022-10-18,8.61
2022-10-19,8.65
2022-10-20,8.67
2022-10-21,8.64
2022-10-24,8.68
2022-10-25,8.62
2022-10-26,8.55
2022-10-27,8.49
2022-10-28,8.51
2022-10-31,8.41
2022-11-01,
2022-11-02,8.23
2022-11-03,8.24
2022-11-04,8.13
2022-11-07,7.94
2022-11-08,7.74
2022-11-09,7.71
2022-11-10,7.53
2022-11-11,7.62
2022-11-14,7.73
2022-11-15,7.87
2022-11-16,7.94
2022-11-17,8.0
2022-11-18,8.03
2022-11-21,7.95
2022-11-22,7.88
2022-11-23,7.89
2022-11-24,7.8
2022-11-25,7.8
2022-11-28,7.77
2022-11-29,7.73
2022-11-30,7.63
2022-12-01,7.6
2022-12-02,7.64
2022-12-05,7.66
2022-12-06,7.6
2022-12-07,7.8
2022-12-08,
2022-12-09,
2022-12-12,
2022-12-13,7.72
2022-12-14,7.79
2022-12-15,7.82
2022-12-16,7.96
2022-12-19,8.07
2022-12-20,8.06
2022-12-21,8.0
2022-12-22,7.97
2022-12-23,7.97
2022-12-26,7.94
2022-12-27,7.93
2022-12-28,7.97
2022-12-29,7.98
2022-12-30,7.98
2023-01-02,
2023-01-03,8.01
2023-01-04,8.0
2023-01-05,7.99
2023-01-06,7.91
2023-01-09,7.67
2023-01-10,7.78
2023-01-11,7.78
2023-01-12,7.77
2023-01-13,7.94
2023-01-16,8.05
2023-01-17,8.04
2023-01-18,8.0
2023-01-19,8.03
2023-01-20,7.98
2023-01-23,7.96
2023-01-24,8.09
2023-01-25,
2023-01-26,
2023-01-27,
2023-01-30,8.05
2023-01-31,8.09
2023-02-01,7.95
2023-02-02,7.8
2023-02-03,7.8
2023-02-06,7.84
2023-02-07,7.84
2023-02-08,7.88
2023-02-09,7.87
2023-02-10,7.766
2023-02-13,
2023-02-14,
2023-02-15,7.88
2023-02-16,7.94
2023-02-17,7.86
2023-02-20,
2023-02-21,7.88
2023-02-22,7.83
2023-02-23,7.86
2023-02-24,8.07
2023-02-27,7.99
2023-02-28,8.0
2023-03-01,7.96
2023-03-02,8.07
2023-03-03,8.07
2023-03-06,8.07
2023-03-07,8.05
2023-03-08,8.054
2023-03-09,8.0
2023-03-10,7.87
2023-03-13,7.77
2023-03-14,7.78
2023-03-15,7.62
2023-03-16,7.7
2023-03-17,7.57
2023-03-20,7.55
2023-03-21,7.57
2023-03-22,7.55
2023-03-23,7.42
2023-03-24,7.42
2023-03-27,7.47
2023-03-28,7.47
2023-03-29,7.48
2023-03-30,7.46
2023-03-31,7.51
2023-04-03,7.53
2023-04-04,7.48
2023-04-05,7.45
2023-04-06,
2023-04-07,
2023-04-10,7.5
2023-04-11,7.51
2023-04-12,7.48
2023-04-13,7.48
2023-04-14,7.52
2023-04-17,7.57
2023-04-18,
2023-04-19,
2023-04-20,
2023-04-21,
2023-04-24,7.45
2023-04-25,7.41
2023-04-26,7.43
2023-04-27,7.49
2023-04-28,7.49
2023-05-01,
2023-05-02,7.51
2023-05-03,7.44
2023-05-04,7.43
2023-05-05,7.33
2023-05-08,7.26
2023-05-09,7.19
2023-05-10,7.14
2023-05-11,7.19
2023-05-12,7.19
2023-05-15,7.11
2023-05-16,7.24
2023-05-17,7.27
2023-05-18,7.31
2023-05-19,7.41
2023-05-22,7.44
2023-05-23,7.35
2023-05-24,7.33
2023-05-25,7.29
2023-05-26,7.21
2023-05-29,7.21
2023-05-30,7.15
2023-05-31,7.05
2023-06-01,7.23
2023-06-02,7.27
2023-06-05,7.29
2023-06-06,7.29
2023-06-07,7.31
2023-06-08,7.22
2023-06-09,7.16
2023-06-12,7.13
2023-06-13,7.13
2023-06-14,7.09
2023-06-15,7.08
2023-06-16,7.02
2023-06-19,6.95
2023-06-20,6.93
2023-06-21,6.92
2023-06-22,6.96
2023-06-23,6.95
2023-06-26,6.95
2023-06-27,6.94
2023-06-28,6.88
2023-06-29,
2023-06-30,6.85
2023-07-03,6.66
2023-07-04,6.6
2023-07-05,6.66
2023-07-06,6.79
2023-07-07,6.78
2023-07-10,6.8
2023-07-11,
2023-07-12,
2023-07-13,6.67
2023-07-14,6.73
2023-07-17,6.78
2023-07-18,6.79
2023-07-19,6.76
2023-07-20,6.79
2023-07-21,6.83
2023-07-24,6.83
2023-07-25,6.78
2023-07-26,6.76
2023-07-27,6.81
2023-07-28,
2023-07-31,6.72
2023-08-01,6.74
2023-08-02,6.82
2023-08-03,6.94
2023-08-04,6.89
2023-08-07,6.88
2023-08-08,6.81
2023-08-09,6.76
2023-08-10,6.68
2023-08-11,6.68
2023-08-14,6.74
2023-08-15,6.77
2023-08-16,6.8
2023-08-17,6.9
2023-08-18,6.98
2023-08-21,7.08
2023-08-22,7.07
2023-08-23,6.96
2023-08-24,6.91
2023-08-25,6.9
2023-08-28,6.84
2023-08-29,6.74
2023-08-30,
2023-08-31,6.68
2023-09-01,6.79
2023-09-04,6.87
2023-09-05,6.88
2023-09-06,6.98
2023-09-07,6.93
2023-09-08,6.85
2023-09-11,6.83
2023-09-12,6.83
2023-09-13,6.83
2023-09-14,6.81
2023-09-15,6.75
2023-09-18,6.79
2023-09-19,6.91
2023-09-20,6.88
2023-09-21,7.02
2023-09-22,6.97
2023-09-25,7.15
2023-09-26,7.22
2023-09-27,7.45
2023-09-28,7.37
2023-09-29,7.23
2023-10-02,7.34
2023-10-03,7.48
2023-10-04,7.5
2023-10-05,7.57
2023-10-06,7.56
2023-10-09,7.52
2023-10-10,7.48
2023-10-11,7.53
2023-10-12,7.65
2023-10-13,7.68
2023-10-16,7.72
2023-10-17,7.69
2023-10-18,7.72
2023-10-19,7.75
2023-10-20,7.76
2023-10-23,7.73
2023-10-24,7.66
2023-10-25,7.71
2023-10-26,7.68
2023-10-27,7.69
2023-10-30,7.66
2023-10-31,7.66
2023-11-01,
2023-11-02,7.32
2023-11-03,7.29
2023-11-06,7.25
2023-11-07,7.23
2023-11-08,7.14
2023-11-09,7.16
2023-11-10,7.18
2023-11-13,7.2
2023-11-14,7.08
2023-11-15,7.13
2023-11-16,7.11
2023-11-17,7.12
2023-11-20,7.08
2023-11-21,7.06
2023-11-22,7.09
2023-11-23,7.15
2023-11-24,7.18
2023-11-27,7.22
2023-11-28,7.24
2023-11-29,7.18
2023-11-30,7.2
2023-12-01,7.1
2023-12-04,7.1
2023-12-05,7.04
2023-12-06,6.88
2023-12-07,6.92
2023-12-08,
2023-12-11,7.061
2023-12-12,7.08
2023-12-13,6.97
2023-12-14,6.75
2023-12-15,6.77
2023-12-18,6.8
2023-12-19,6.82
2023-12-20,6.79
2023-12-21,6.8
2023-12-22,6.8
2023-12-25,
2023-12-26,6.79
2023-12-27,6.68
2023-12-28,6.66
2023-12-29,6.69
2024-01-01,
2024-01-02,
2024-01-03,6.78
2024-01-04,6.84
2024-01-05,6.85
2024-01-08,6.82
2024-01-09,6.79
2024-01-10,6.72
2024-01-11,6.63
2024-01-12,6.55
2024-01-15,6.56
2024-01-16,6.59
2024-01-17,6.67
2024-01-18,6.69
2024-01-19,6.66
2024-01-22,6.61
2024-01-23,6.63
2024-01-24,6.65
2024-01-25,6.64
2024-01-26,6.68
2024-01-29,6.66
2024-01-30,6.65
2024-01-31,6.6
2024-02-01,6.53
2024-02-02,6.7
2024-02-05,6.93
2024-02-06,6.74
2024-02-07,6.7
2024-02-08,6.73
2024-02-09,6.71
2024-02-12,6.71
2024-02-13,6.77
2024-02-14,6.74
2024-02-15,6.7
2024-02-16,6.7
2024-02-19,6.7
2024-02-20,6.71
2024-02-21,6.74
2024-02-22,6.76
2024-02-23,6.81
2024-02-26,6.89
2024-02-27,6.86
2024-02-28,6.84
2024-02-29,6.86
2024-03-01,6.83
2024-03-04,6.88
2024-03-05,6.9
2024-03-06,6.95
2024-03-07,6.94
2024-03-08,6.97
2024-03-11,7.02
2024-03-12,7.04
2024-03-13,6.99
2024-03-14,7.02
2024-03-15,6.96
2024-03-18,6.99
2024-03-19,6.98
2024-03-20,7.02
2024-03-21,7.0
2024-03-22,6.94
2024-03-25,7.01
2024-03-26,7.33
2024-03-27,7.34
2024-03-28,
2024-03-29,
2024-04-01,7.54
2024-04-02,7.49
2024-04-03,7.2
2024-04-04,7.16
2024-04-05,7.22
2024-04-08,7.25
2024-04-09,7.28
2024-04-10,7.38
2024-04-11,7.45
2024-04-12,7.35
2024-04-15,7.46
2024-04-16,7.6
2024-04-17,7.58
2024-04-18,7.59
2024-04-19,7.5
2024-04-22,7.34
2024-04-23,7.3
2024-04-24,7.34
2024-04-25,7.36
2024-04-26,7.37
2024-04-29,7.355
2024-04-30,7.29
2024-05-01,
2024-05-02,7.22
2024-05-03,7.1
2024-05-06,7.1
2024-05-07,7.05
2024-05-08,7.13
2024-05-09,7.13
2024-05-10,7.12
2024-05-13,7.09
2024-05-14,7.113
2024-05-15,7.06
2024-05-16,7.06
2024-05-17,7.06
2024-05-20,7.066
2024-05-21,7.05
2024-05-22,7.09
2024-05-23,7.12
2024-05-24,7.09
2024-05-27,7.04
2024-05-28,7.11
2024-05-29,7.11
2024-05-30,7.13
2024-05-31,7.06
2024-06-03,7.0
2024-06-04,7.0
2024-06-05,7.01
2024-06-06,6.99
2024-06-07,
2024-06-10,7.06
2024-06-11,7.06
2024-06-12,7.04
2024-06-13,7.04
2024-06-14,7.06
2024-06-17,7.09
2024-06-18,7.17
2024-06-19,7.19
2024-06-20,7.18
2024-06-21,7.17
2024-06-24,7.16
2024-06-25,7.15
2024-06-26,7.16
2024-06-27,7.09
2024-06-28,7.06
2024-07-01,7.1
2024-07-02,7.11
2024-07-03,7.07
2024-07-04,7.06
2024-07-05,7.03
2024-07-08,7.04
2024-07-09,7.05
2024-07-10,6.98
2024-07-11,6.9
2024-07-12,6.86
2024-07-15,6.89
2024-07-16,6.89
2024-07-17,6.88
2024-07-18,6.91
2024-07-19,6.96
2024-07-22,6.95
2024-07-23,
2024-07-24,6.98
2024-07-25,6.96
2024-07-26,
2024-07-29,
2024-07-30,6.93
2024-07-31,6.9
2024-08-01,6.79
2024-08-02,6.69
2024-08-05,6.73
2024-08-06,
2024-08-07,6.7
2024-08-08,6.62
2024-08-09,6.55
2024-08-12,
2024-08-13,
2024-08-14,
2024-08-15,
2024-08-16,6.55
2024-08-19,6.53
2024-08-20,6.53
2024-08-21,6.55
2024-08-22,6.59
2024-08-23,6.53
2024-08-26,6.54
2024-08-27,6.56
2024-08-28,6.55
2024-08-29,6.54
2024-08-30,
2024-09-02,6.55
2024-09-03,6.55
2024-09-04,6.53
2024-09-05,6.52
2024-09-06,6.48
2024-09-09,6.43
2024-09-10,6.44
2024-09-11,6.4
2024-09-12,6.42
2024-09-13,6.39
2024-09-16,6.33
2024-09-17,6.29
2024-09-18,6.25
2024-09-19,6.22
2024-09-20,6.229
2024-09-23,6.25
2024-09-24,6.28
2024-09-25,6.29
2024-09-26,6.29
2024-09-27,6.24
2024-09-30,6.22
2024-10-01,6.22
2024-10-02,6.28
2024-10-03,6.39
2024-10-04,6.43
2024-10-07,6.5
2024-10-08,
2024-10-09,6.53
2024-10-10,6.51
2024-10-11,6.43
2024-10-14,6.41
2024-10-15,6.36
2024-10-16,6.37
2024-10-17,6.43
2024-10-18,6.44
2024-10-21,6.59
2024-10-22,6.64
2024-10-23,6.67
2024-10-24,6.61
2024-10-25,6.63
2024-10-28,6.6643
2024-10-29,6.77
2024-10-30,6.8
2024-10-31,6.82
2024-11-01,
2024-11-04,6.74
2024-11-05,6.75
2024-11-06,6.78
2024-11-07,6.68
2024-11-08,6.62
2024-11-11,6.64
2024-11-12,6.7
2024-11-13,6.69
2024-11-14,6.67
2024-11-15,6.7
2024-11-18,6.7
2024-11-19,6.73
2024-11-20,6.75
2024-11-21,6.72
2024-11-22,6.69
2024-11-25,6.57
2024-11-26,6.59
2024-11-27,6.54
2024-11-28,6.56
2024-11-29,6.56
2024-12-02,6.57
2024-12-03,6.56
2024-12-04,6.53
2024-12-05,6.54
2024-12-06,6.54
2024-12-09,6.55
2024-12-10,6.55
2024-12-11,6.53
2024-12-12,6.57
2024-12-13,6.6
2024-12-16,6.618
2024-12-17,6.63
2024-12-18,6.67
2024-12-19,6.77
2024-12-20,
2024-12-23,6.74
2024-12-24,6.73
2024-12-25,
2024-12-26,6.71
2024-12-27,6.68
2024-12-30,6.62
2024-12-31,
2025-01-01,
2025-01-02,6.65
2025-01-03,6.69
2025-01-06,6.71
2025-01-07,6.69
2025-01-08,6.69
2025-01-09,6.69
2025-01-10,6.69
2025-01-13,6.7
2025-01-14,6.76
2025-01-15,6.63
2025-01-16,6.63
2025-01-17,6.63
2025-01-20,6.65
2025-01-21,6.67
2025-01-22,6.72
2025-01-23,6.76
2025-01-24,6.73
2025-01-27,6.73
2025-01-28,6.71
2025-01-29,6.69
2025-01-30,6.66
2025-01-31,6.7
2025-02-03,6.67
2025-02-04,6.63
2025-02-05,6.6
2025-02-06,6.52
2025-02-07,6.46
2025-02-10,6.42
2025-02-11,6.47
2025-02-12,6.53
2025-02-13,6.49
2025-02-14,6.46
2025-02-17,6.46
2025-02-18,6.48
2025-02-19,6.49
2025-02-20,6.47
2025-02-21,6.43
2025-02-24,6.42
2025-02-25,6.36
2025-02-26,6.33
2025-02-27,6.34
2025-02-28,6.42
2025-03-03,6.44
2025-03-04,6.44
2025-03-05,6.47
2025-03-06,6.45
2025-03-07,6.46
2025-03-10,6.48
2025-03-11,6.48
2025-03-12,6.47
2025-03-13,6.45
2025-03-14,6.42
2025-03-17,6.36
2025-03-18,6.39
2025-03-19,6.39
2025-03-20,6.42
2025-03-21,6.42
2025-03-24,6.48
2025-03-25,6.51
2025-03-26,6.58
2025-03-27,6.68
2025-03-28,6.71
2025-03-31,6.69
2025-04-01,6.69
2025-04-02,6.61
2025-04-03,6.43
2025-04-04,6.39
2025-04-07,6.55
2025-04-08,6.61
2025-04-09,6.59
2025-04-10,6.67
2025-04-11,6.63
2025-04-14,6.63
2025-04-15,6.64
2025-04-16,6.63
2025-04-17,
2025-04-18,
2025-04-21,6.67
2025-04-22,6.71
2025-04-23,6.66
2025-04-24,6.63
2025-04-25,6.63
2025-04-28,6.63
2025-04-29,6.53
2025-04-30,6.55
2025-05-01,
2025-05-02,6.57
2025-05-05,6.6
2025-05-06,6.59
2025-05-07,6.53
2025-05-08,6.54
2025-05-09,6.4
2025-05-12,6.39
2025-05-13,6.37
2025-05-14,6.42
2025-05-15,6.37
2025-05-16,6.41
2025-05-19,6.43
2025-05-20,6.48
2025-05-21,6.54
2025-05-22,6.57
2025-05-23,6.58
2025-05-26,6.54
2025-05-27,6.48
2025-05-28,6.46
2025-05-29,6.45
2025-05-30,6.5
2025-06-02,6.51
2025-06-03,6.52
2025-06-04,6.45
2025-06-05,6.59
2025-06-06,6.63
2025-06-09,6.61
2025-06-10,6.58
2025-06-11,6.49
2025-06-12,6.35
2025-06-13,6.4
2025-06-16,6.39
2025-06-17,6.4
2025-06-18,6.39
2025-06-19,6.39
2025-06-20,6.37
2025-06-23,6.37
2025-06-24,6.31
2025-06-25,6.26
2025-06-26,6.23
2025-06-27,6.24
2025-06-30,6.17
2025-07-01,6.13
2025-07-02,6.1
2025-07-03,6.11
2025-07-04,6.13
2025-07-07,6.14
2025-07-08,6.14
2025-07-09,6.13
2025-07-10,6.15
2025-07-11,6.17
2025-07-14,6.18
2025-07-15,6.23
2025-07-16,6.27
2025-07-17,6.279
2025-07-18,6.3
2025-07-21,6.27
2025-07-22,6.24
2025-07-23,
2025-07-24,6.21
2025-07-25,6.18
2025-07-28,
2025-07-29,
2025-07-30,6.18
2025-07-31,6.21
2025-08-01,6.12
2025-08-04,6.08
2025-08-05,6.04
2025-08-06,5.97
2025-08-07,5.97
2025-08-08,5.98
2025-08-11,5.96
2025-08-12,5.94
2025-08-13,5.93
2025-08-14,5.95
2025-08-15,5.96
2025-08-18,6.01
2025-08-19,6.01
2025-08-20,6.06
2025-08-21,6.1
2025-08-22,6.01
2025-08-25,6.05
2025-08-26,6.06
2025-08-27,6.05
2025-08-28,6.0392
2025-08-29,6.02
2025-09-01,6.23
2025-09-02,6.26
2025-09-03,6.21
2025-09-04,6.18
2025-09-05,6.08
2025-09-08,6.07
2025-09-09,6.09
2025-09-10,6.02
2025-09-11,5.99
2025-09-12,6.0
2025-09-15,6.15
2025-09-16,6.21
2025-09-17,6.15
2025-09-18,6.14
2025-09-19,6.14
2025-09-22,6.14
2025-09-23,6.13
2025-09-24,6.14
2025-09-25,6.15
2025-09-26,6.15
2025-09-29,6.09
2025-09-30,6.05
2025-10-01,6.05
2025-10-02,6.05
2025-10-03,6.09
2025-10-06,6.15
2025-10-07,6.12
2025-10-08,
2025-10-09,6.18
2025-10-10,6.23
2025-10-13,6.23
2025-10-14,6.21
2025-10-15,6.17
2025-10-16,6.14
2025-10-17,6.12
2025-10-20,6.08
2025-10-21,6.07
2025-10-22,6.1
2025-10-23,6.09
2025-10-24,6.04
2025-10-27,6.0484
2025-10-28,6.01
2025-10-29,6.04
2025-10-30,6.05
2025-10-31,6.06
2025-11-03,6.06
2025-11-04,6.06
2025-11-05,6.05
2025-11-06,6.01
2025-11-07,6.04
2025-11-10,6.05
2025-11-11,6.05
2025-11-12,6.04
2025-11-13,6.05
2025-11-14,6.09
2025-11-17,6.08
2025-11-18,6.04
2025-11-19,5.99
2025-11-20,5.999
2025-11-21,5.94
2025-11-24,5.92
2025-11-25,5.9
2025-11-26,5.9
2025-11-27,5.91
2025-11-28,5.91
2025-12-01,5.94
2025-12-02,5.93
2025-12-03,5.87
2025-12-04,5.85
2025-12-05,5.79
2025-12-08,
2025-12-09,
2025-12-10,5.83
2025-12-11,5.81
2025-12-12,5.83
2025-12-15,5.76
2025-12-16,5.73
2025-12-17,5.74
2025-12-18,5.75
2025-12-19,5.83
2025-12-22,5.9
2025-12-23,5.86
2025-12-24,5.8
2025-12-25,
2025-12-26,
2025-12-29,5.89
2025-12-30,5.81
2025-12-31,5.796
