fecha,coloc_sector_privado,coloc_corporativos,coloc_arrendamiento,coloc_titulizacion,saldo_corporativos,saldo_plazo_hasta_3a,saldo_plazo_3a_5a,tasa_referencia,rend_soberano_10a_pen,rend_soberano_10a_usd,embig_peru,tasa_pref_corp_90d_mn,tasa_corp_mas360_mn
2011-01-01,446.58,180.66,13.85,0.0,14150.3921269692,2563.12028666667,3638.65349023792,3.25,5.84628571428571,5.165,145.57143,3.8403,7.20480825212354
2011-02-01,0.0,0.0,0.0,0.0,13902.5720477248,2404.05744666667,3533.23605811922,3.5,6.01595,5.3764,146.1,4.1328,7.35416964181192
2011-03-01,97.828,60.0,37.828,0.0,13887.0879126206,2331.71986666667,3511.96267779347,3.75,6.35333612040134,5.30634782608696,156.78261,4.422,7.45319066124941
2011-04-01,624.0,0.0,0.0,564.0,13803.9439053568,2326.71508,3508.5035870947,4.0,6.94410092633545,5.65989473684211,192.90476,4.9028,7.47291946579307
2011-05-01,166.71866,102.23666,0.0,64.482,13728.9247158523,2159.71871333333,3516.9416891867,4.25,6.72250202228567,5.32847619047619,187.22727,5.3829,7.68962700306516
2011-06-01,6.8475,0.0,6.8475,0.0,13622.903184683,1932.15945833333,3412.31397920721,4.25,6.45763825900731,5.23528571428572,192.36364,5.6209,7.84986533465833
2011-07-01,73.49824,50.0,23.49824,0.0,13530.6812762694,1876.26380333333,3305.56561282868,4.25,6.23626241920591,5.03678947368421,170.85714,5.4194,7.88181011506081
2011-08-01,100.0,0.0,0.0,0.0,13369.2025433705,1808.54498166667,3193.21259318276,4.25,5.92853521749067,4.65814285714286,199.56522,5.3906,7.67811464524686
2011-09-01,177.51537,0.0,6.59537,0.0,13459.7055662834,1716.57365833333,3199.53172694167,4.25,5.62017803787122,4.65722727272727,237.45455,5.317,7.7744779683529
2011-10-01,355.110453125,187.110453125,0.0,0.0,13541.5767315952,1662.274975,3362.62226828456,4.25,5.72483222108669,4.7062,231.95238,5.4037,8.06880722181612
2011-11-01,283.5,94.5,27.0,0.0,13492.4101552576,1683.65741666667,3239.62529111438,4.25,5.66734322961868,4.35095238095238,214.18182,5.1702,8.18429932294086
2011-12-01,513.1147,0.0,23.1147,0.0,13764.6512867794,1731.20163333333,3204.54936949699,4.25,5.6953293398377,4.31715789473684,216.31818,5.3604,8.29255426952091
2012-01-01,80.76,0.0,0.0,80.76,13703.0788557551,1694.87498666667,3200.80050194665,4.25,5.6877609398031,4.34477272727273,219.40909,5.2828,8.25284590289425
2012-02-01,294.0876,187.87,6.2176,0.0,13781.3721322461,1622.19914,3352.44838629626,4.25,5.55203643226112,4.07966666666667,199.2381,5.3,8.27348386309663
2012-03-01,50.0,0.0,0.0,0.0,13608.7734890453,1649.46739833333,3173.11232061254,4.25,5.40746192764249,3.90677272727273,165.59091,5.2513,8.37300111927793
2012-04-01,394.45928,40.0,14.45928,0.0,13628.6616912462,1673.34909333333,3135.99800823543,4.25,5.31709184145608,3.745,164.14286,5.265,8.43188843464642
2012-05-01,340.0,110.0,0.0,0.0,13931.2918349636,1556.73184833333,3268.39731877037,4.25,5.1611689535073,3.71418181818182,180.52174,5.1938,8.55555282489058
2012-06-01,267.9,0.0,0.0,0.0,13894.1874411945,1523.94363,3344.2814052447,4.25,5.14383563093637,3.59845,188.42857,5.1563,8.60182745997574
2012-07-01,448.97549,66.15,4.00549,0.0,14005.087591844,1474.23764666667,3539.28952601317,4.25,5.02354166666667,3.2648,162.59091,5.1698,8.5929081450795
2012-08-01,140.0,140.0,0.0,0.0,14059.6972803434,1465.60986,3523.76785238881,4.25,4.85419437482595,3.13571428571429,133.13043,5.1906,8.68128951453787
2012-09-01,7.7272,0.0,7.7272,0.0,13853.4215860276,1374.40536666667,3458.53857723782,4.25,4.67659618205868,3.06225,124.0,5.1102,8.72151201615506
2012-10-01,719.26252,511.42,7.84252,0.0,14228.6331172596,1320.37762,3280.73898799435,4.25,4.55363674242424,2.9236,108.04348,5.0611,8.76811775572671
2012-11-01,344.14,144.14,0.0,0.0,14338.337165235,1263.96044,3232.87917584067,4.25,4.45981283452211,2.9668,122.95455,5.0593,8.8966005994144
2012-12-01,229.6663,77.1,9.7563,0.0,13345.0102403209,1062.32974166667,3317.46454500038,4.25,4.16331561657297,3.01164705882353,117.19048,5.0304,9.0631777919402
2013-01-01,250.0,50.0,0.0,0.0,13293.1844065593,1045.59176666667,3284.11530427923,4.25,4.06750469795356,3.08854545454545,110.04348,5.0298,9.04238006585355
2013-02-01,293.54285,103.205,18.42785,167.91,13314.803715735,1140.73785,3306.59503451962,4.25,4.15190764118355,3.29463157894737,127.05,4.8751,9.14940540258296
2013-03-01,224.4,120.0,0.0,0.0,13359.0851295588,1108.36778833333,3281.42572954962,4.25,4.14838614187719,3.28557894736842,140.28571,4.6881,9.21137994314266
2013-04-01,197.3668688,50.0,0.0,77.3668688,13224.7916132158,1154.10701546667,3007.63060440538,4.25,4.05634051937754,3.06895454545455,132.54545,4.4482,9.15560271564023
2013-05-01,138.90836,0.0,76.80036,0.0,12186.9842748094,1136.16624326667,2901.71959187,4.25,4.20181818181818,3.25236363636364,133.73913,4.3607,9.04071529297496
2013-06-01,60.0,0.0,0.0,0.0,12061.6357858634,1040.62775093333,2845.78998826923,4.25,5.31946716260051,4.04315789473684,179.8,4.4862,8.9853489227944
2013-07-01,693.96635,0.0,0.0,623.74635,12064.2797320217,1035.75134513333,2952.94822052885,4.25,5.26015228899572,4.29876190476191,175.69565,4.7471,8.80484910504589
2013-08-01,187.52,97.5,50.58,0.0,12141.4821423738,1033.52154853333,3016.38495091346,4.25,5.46271259667266,4.54695238095238,190.54545,4.6554,8.66943327215367
2013-09-01,437.573,0.0,0.0,437.573,11855.9894203592,1039.4393076,2892.47355137154,4.25,5.60047619047619,4.56314285714286,183.38095,4.7181,8.56490763208247
2013-10-01,371.65145,82.8,7.99145,0.0,11898.0041896369,968.845815066667,3101.50645483308,4.25,5.31727272727273,4.27340909090909,172.86957,4.7076,8.54906118892347
2013-11-01,265.4196,110.0,43.4196,112.0,11992.6057189323,1013.85984266667,3077.53968460538,4.0,5.467,4.4478,183.42857,4.5043,8.51866990480899
2013-12-01,575.9648,143.46,0.0,292.5048,11995.4154476574,1051.12454266667,3071.12497869338,4.0,5.6055,4.49425,176.54545,4.4875,8.46225460748768
2014-01-01,30.0,0.0,30.0,0.0,11700.3130084365,793.3395344,3066.99385328028,4.0,5.72,4.45445454545454,176.0,4.4809,8.39783279820295
2014-02-01,327.5632,84.57,0.0,75.5132,11790.4579980896,870.022009333333,3134.22918446262,4.0,6.4255,4.365,182.25,4.7948,8.37410848580069
2014-03-01,28.1,0.0,28.1,0.0,11726.4491539943,854.262208533334,3158.63593862685,4.0,6.16490476190476,4.16752380952381,167.2381,4.9354,8.34926199159022
2014-04-01,319.947,219.947,0.0,0.0,11648.3461440413,872.261224866667,3019.25878156954,4.0,5.951,4.01075,153.54545,5.0225,8.28488301493797
2014-05-01,254.405,0.0,200.0,54.405,11475.4473639688,1069.17009473333,2892.10547481677,4.0,5.64095238095238,3.83219047619048,149.40909,5.0269,8.25593549390221
2014-06-01,298.95,298.95,0.0,0.0,11524.1410231342,1061.46367566667,2846.36015421785,4.0,5.37238095238095,3.78709523809524,145.42857,4.9535,8.29752109735162
2014-07-01,243.722,56.0,50.0,0.0,11498.5503675576,1132.80614233333,2818.53018498708,3.75,5.177,3.73633333333333,146.34783,4.7393,8.28877174921292
2014-08-01,20.0,0.0,20.0,0.0,11451.8813990455,1146.39819913333,2793.79623048689,3.75,5.19790476190476,3.69519047619048,157.28571,4.6087,8.30605360218592
2014-09-01,422.15,422.15,0.0,0.0,11716.7245190746,1190.7174918,2630.28751653396,3.5,5.33545454545455,3.79531818181818,149.68182,4.4861,8.3415644243909
2014-10-01,0.0,0.0,0.0,0.0,11436.4024763789,1170.47721906667,2369.82732808169,3.5,5.35995454545454,3.74259090909091,170.26087,4.4428,8.35015609539825
2014-11-01,93.8,0.0,0.0,0.0,11264.3198217385,1220.47721906667,2149.81732808169,3.5,5.43935,3.654,165.35,4.4378,8.3363985675794
2014-12-01,243.438,116.1,0.0,0.0,11448.2052176196,1289.5334976,2203.45027238678,3.5,5.35971428571429,3.70204761904762,181.91304,4.6632,8.31860821111633
2015-01-01,750.05,561.45,0.0,0.0,12179.415824247,1481.1584812,2252.276712974,3.25,5.2966,3.5399,201.22727,4.4829,8.20330799624513
2015-02-01,290.0,290.0,0.0,0.0,12471.4517853446,1373.0717088,2398.59082127114,3.25,5.2855,3.34735,182.85,4.1728,8.24620644636677
2015-03-01,0.0,0.0,0.0,0.0,12315.0292370864,1321.988318,2387.88815665885,3.25,5.52668181818182,3.41931818181818,184.45455,4.1913,8.210629086703
2015-04-01,463.76865,0.0,0.0,421.17665,12235.2551128275,1313.85043626667,2413.87010842304,3.25,5.53809090909091,3.20913636363636,176.95455,4.3667,8.10086813334164
2015-05-01,533.9,502.3,31.6,0.0,12698.9549459906,1230.08028666667,2698.73188326415,3.25,5.9019,3.41675,165.90476,4.4803,8.10144847599015
2015-06-01,218.4767,153.02,0.0,39.9567,12753.989934606,1228.61323,2883.36595131036,3.25,6.17166666666667,3.68176190476191,176.5,4.1341,8.07126454169475
2015-07-01,633.0,533.0,0.0,0.0,13370.7302277637,1328.07748666667,3029.0218787399,3.25,6.47165,3.7191,186.69565,4.1685,7.9716830509417
2015-08-01,0.0,0.0,0.0,0.0,13350.5628634169,1324.03472,3040.97526973373,3.25,6.66319047619047,3.91719047619048,217.47619,4.483,7.91908792812927
2015-09-01,223.786,151.175,72.611,0.0,13457.0517234928,1394.54118666667,3023.1701497174,3.5,7.23577272727273,4.06622727272727,234.27273,4.9268,7.91020063074947
2015-10-01,0.0,0.0,0.0,0.0,13491.0777280672,1394.62617833333,3039.80371529097,3.5,7.01072727272727,3.864,225.90909,4.7596,7.87004699148263
2015-11-01,0.0,0.0,0.0,0.0,13507.0606854912,1398.34995166667,3014.8635045179,3.5,6.69261904761905,3.95257142857143,218.90476,4.8417,7.87714043536655
2015-12-01,444.41584,363.99419,0.0,68.42165,13833.9695110246,1410.037395,2940.9793735505,3.75,6.70786363636364,4.07954545454545,236.65217,4.9317,7.89924707101221
2016-01-01,3.9905,3.9905,0.0,0.0,13866.0424978752,1369.327465,2955.0495666335,4.0,7.02015,4.238,267.05,4.9884,7.90094495650674
2016-02-01,11.42944,0.0,0.0,11.42944,13856.8886402277,1364.72081333333,2966.774727536,4.25,7.34585714285714,4.0577619047619,282.38095,5.2324,7.92111679006339
2016-03-01,360.51742,339.97465,20.54277,0.0,13985.2072273206,1486.71959,2908.9893339872,4.25,7.139,3.50990476190476,226.82609,5.3779,7.96682877995631
2016-04-01,450.75,0.0,0.0,0.0,14248.5400187664,1905.41964,2879.2611517952,4.25,6.54485714285714,3.22447619047619,210.04762,5.3769,8.02653324572007
2016-05-01,230.0,130.0,0.0,0.0,14367.5998650673,1910.043435,2879.5450797408,4.25,6.26581818181818,3.22086363636364,207.95455,5.4266,8.05332430208037
2016-06-01,812.5662,512.5662,0.0,0.0,14988.7628417275,2050.999595,2997.99996022563,4.25,6.08436363636364,3.06422727272727,209.90909,5.5167,8.05980500628028
2016-07-01,448.97216,436.1,12.87216,0.0,15258.9093389097,2067.52264,2832.51367710987,4.25,5.75652380952381,2.6487619047619,184.19048,5.4174,8.07355987597862
2016-08-01,296.42041,296.42041,0.0,0.0,15530.2693018978,2064.972645,2837.73098434597,4.25,5.63617391304348,2.54117391304348,169.6087,5.0871,8.10525299480707
2016-09-01,228.257,0.0,0.0,78.257,15569.4678981599,2218.27703333333,2826.089200522,4.25,5.79354545454546,2.60722727272727,161.77273,4.9469,8.14204903341092
2016-10-01,1007.60004,712.405,244.77488,0.0,15966.8321005414,2419.57188,2650.06062953547,4.25,5.77085714285714,2.75419047619048,146.52381,4.9397,8.19877047542736
2016-11-01,138.41,0.0,0.0,0.0,16054.8343674033,2507.81591,2583.14817660197,4.25,6.30986363636364,3.41454545454546,167.81818,4.9515,8.23694628022982
2016-12-01,15.0,0.0,0.0,0.0,15874.2581934769,2435.87836,2483.67284042613,4.25,6.44685714285714,3.71609523809524,164.72727,5.1925,8.2550705470513
2017-01-01,576.274,0.0,200.0,165.0,15719.2808908773,2805.59454666667,2370.5651331144,4.25,6.35095454545454,3.49077272727273,157.3,5.1127,8.28179495378865
2017-02-01,212.45,162.45,0.0,0.0,15670.7188311475,2785.35229333333,2211.00820628647,4.25,6.26035,3.3545,152.105263157895,5.0111,8.32931743428592
2017-03-01,519.87,399.87,0.0,0.0,16101.800941203,2729.72616666667,2281.04977324,4.25,6.09739130434783,3.29430434782609,141.086956521739,4.9649,8.37276932880972
2017-04-01,390.9236,371.84,19.0836,0.0,16213.2199804342,2632.58504,2306.00129619413,4.25,5.87055555555556,3.22022222222222,149.444444444444,4.9442,8.44035905120784
2017-05-01,0.0,0.0,0.0,0.0,16107.1324216797,2353.22142,2208.9928939984,4.0,5.71772727272727,3.17468181818182,141.181818181818,4.7097,8.45666595004032
2017-06-01,583.5,553.5,0.0,0.0,16458.5881235656,2394.93916666667,2146.52462026,4.0,5.57905,2.99295,143.5,4.5507,8.454424616211
2017-07-01,431.561,282.142,0.0,0.0,16522.8777035687,2306.89784,2271.7602706592,3.75,5.65947368421053,3.11636842105263,141.9,4.4816,8.44411294629431
2017-08-01,30.5856,0.0,30.5856,0.0,16446.0623563894,2332.48344,2271.7602706592,3.75,5.46204347826087,3.00717391304348,155.391304347826,4.2758,8.43404834891398
2017-09-01,621.2798,560.0,61.2798,0.0,16965.7793944896,2346.23067,2368.5341789517,3.5,5.34190476190476,2.89152380952381,144.0,3.8977,8.44522716285084
2017-10-01,181.8,135.0,0.0,0.0,16666.6009197258,2302.28558333333,2237.9827390575,3.5,5.26331818181818,3.01395454545455,139.619047619048,3.6451,8.42541769425409
2017-11-01,632.688,134.238,0.0,0.0,17101.0709604648,2650.93249666667,2368.5588366633,3.25,5.2997619047619,2.99557142857143,138.809523809524,3.5737,8.42632584501934
2017-12-01,405.88744,183.44644,158.0,0.0,17103.9654016948,2715.15548,2303.2181805364,3.25,5.24947368421053,3.04447368421053,136.15,3.5602,8.40796475027092
2018-01-01,1.91,0.0,0.0,0.0,16627.5289729623,2611.61334,2293.8445016442,3.0,4.81809523809524,3.11365,116.608695652174,3.4641,8.33453950449729
2018-02-01,200.0,200.0,0.0,0.0,16789.911162543,2612.58892,2268.9318594286,3.0,4.7945,3.593,132.2,3.3265,8.332922967143
2018-03-01,119.61256,100.0,19.61256,0.0,16370.6293550029,2599.90835,2276.9023580532,2.75,4.845,3.66215,147.045454545455,3.2356,8.2719700517584
2018-04-01,107.0635,107.0635,0.0,0.0,16473.1068971896,2601.62375,2273.86037873,2.75,5.0242,3.61835,145.238095238095,3.1521,8.18550089578463
2018-05-01,675.041,132.616,0.0,350.0,16592.5652778966,2673.08801,2271.7648469068,2.75,5.47227272727273,3.91371428571429,157.695652173913,3.2427,8.15812519738456
2018-06-01,402.10557,251.54276,11.12781,0.0,16850.0310915699,2966.49077,2092.5702569068,2.75,5.6626,3.8928,163.333333333333,3.4706,8.09929298476305
2018-07-01,826.13349,550.57349,0.0,0.0,17370.8293495625,3042.53691,2188.1702569068,2.75,5.48476190476191,3.7164,150.954545454545,3.6566,8.06241536178339
2018-08-01,140.8365,0.0,24.9315,0.0,17338.7470473477,3044.8379,2271.209049172,2.75,5.4252380952381,3.73752380952381,149.260869565217,3.7944,8.02901926695809
2018-09-01,155.0,0.0,85.0,0.0,17322.9193373345,3125.4229,2256.79315,2.75,5.5175,3.76705263157895,139.9,3.8758,7.9700014831202
2018-10-01,599.34,487.14,0.0,0.0,17779.8260228376,3161.15637666667,2289.5624725,2.75,5.73181818181818,3.97654545454545,142.695652173913,3.9819,7.91051162555102
2018-11-01,341.05,300.0,0.0,0.0,18081.8123521397,3202.74787333333,2240.678565,2.75,5.727,4.0345,156.863636363636,4.123,7.85637030572794
2018-12-01,0.0,0.0,0.0,0.0,17777.6299534362,3140.20637666667,2120.52817875,2.75,5.74363157894737,3.77252631578947,164.809523809524,4.3114,7.82982951832825
2019-01-01,677.335,570.0,0.0,0.0,17704.8602682288,3172.82024,2048.0581499,2.75,5.58772727272727,3.5215,152.391304347826,4.5276,7.77412480756175
2019-02-01,98.698,0.0,0.0,0.0,18172.209324541,3170.38612333333,2008.71357115,2.75,5.4945,3.3507,139.5,4.3563,7.79885572718277
2019-03-01,150.0,0.0,0.0,0.0,18230.098590904,3080.16246666667,2002.92419615,2.75,5.29923809523809,3.15290476190476,135.666666666667,4.0849,7.81020891110979
2019-04-01,178.685,82.8,0.0,0.0,17722.4174882882,2655.17973333333,2055.35401919,2.75,5.2158,3.0446,122.363636363636,4.0403,7.8131751460884
2019-05-01,130.0,130.0,0.0,0.0,17747.8653775391,2657.89613333333,2051.68093419,2.75,5.13735454545455,2.99745454545455,135.695652173913,4.05,7.81182226365403
2019-06-01,26.52398,0.0,26.52398,0.0,17454.3490317829,2533.27426666667,1946.05381044,2.75,4.81719,2.67335,129.15,4.0253,7.83626268381355
2019-07-01,469.31,240.0,0.0,0.0,17737.0077600544,2743.06354,1871.78884794,2.75,4.4401,2.66909523809524,116.130434782609,3.9249,7.77225596262161
2019-08-01,174.0348,5.8548,0.0,0.0,17778.4402286562,2865.1706,1844.54044169,2.5,4.228985,2.34045,127.090909090909,3.7128,7.71228944879112
2019-09-01,573.46692,343.46692,0.0,230.0,17931.1759355987,2714.29792,1838.42195169,2.5,4.15212380952381,2.41766666666667,116.428571428571,3.5263,7.6926466564655
2019-10-01,485.8329,170.8249,0.0,0.0,18202.0622570791,2657.8889,1826.21967919,2.5,4.07454285714286,2.51552380952381,126.913043478261,3.4438,7.65101237137315
2019-11-01,397.6626,182.4072,33.575,0.0,18295.3726501121,2703.341,1836.85119169,2.25,4.23969,2.59395,126.761904761905,3.3523,7.56679301096734
2019-12-01,116.41,19.86,0.0,0.0,18144.9529859186,2677.8824,1908.87466544,2.25,4.3559380952381,2.512,115.909090909091,3.2587,7.44662178370309
2020-01-01,0.0,0.0,0.0,0.0,17653.6311014306,2248.9402,1995.25624,2.25,4.50230909090909,2.40831818181818,113.869565217391,3.2747,7.35923135788744
2020-02-01,82.64045,32.64045,0.0,0.0,17693.0905262704,2335.04845,1966.5246,2.25,4.258095,2.23695,122.2,3.1977,7.35390734329301
2020-03-01,13.76,13.76,0.0,0.0,17606.5399230548,2334.45844,1976.16412,1.25,5.08725909090909,2.65986363636364,248.909090909091,3.0473,7.29802047761045
2020-04-01,0.0,0.0,0.0,0.0,17536.0739540471,2328.89714,1960.52899,0.25,5.0255,2.57965,277.954545454545,2.3516,7.20143184392124
2020-05-01,3.25507,3.25507,0.0,0.0,17511.6241074512,2327.263965,1927.57764,0.25,4.4295,2.3558,222.35,1.4852,5.80260325458287
2020-06-01,0.0,0.0,0.0,0.0,17384.4056304415,2195.54227,1905.81192,0.25,4.39,2.15714285714286,180.136363636364,1.0749,5.00634998054599
2020-07-01,0.9531,0.9531,0.0,0.0,17361.8464702455,2193.146505,1898.12844,0.25,4.24045454545455,1.85740909090909,169.347826086957,0.9011,4.83971287679542
2020-08-01,0.0,0.0,0.0,0.0,17118.6166558833,2160.29449,1898.93192,0.25,4.06714285714286,1.65052380952381,145.636363636364,1.09,4.42307239513293
2020-09-01,118.8,0.0,28.8,0.0,17072.1049847546,2124.4576,1900.3778,0.25,4.18681818181818,1.79659090909091,160.409090909091,1.0285,4.30721669458437
2020-10-01,0.0,0.0,0.0,0.0,17038.8505853663,2124.821385,1853.761775,0.25,4.20545454545454,1.76445454545455,150.181818181818,0.7759,4.1821950360515
2020-11-01,0.0,0.0,0.0,0.0,16594.2834297679,1769.49122,1853.761775,0.25,4.01450476190476,1.78771428571429,147.0,0.6906,4.09957895654608
2020-12-01,592.55,297.81,0.0,0.0,16805.3496916662,1589.46502,1972.6308,0.25,3.63264285714286,1.73285714285714,143.304347826087,0.6189,4.00137293695925
2021-01-01,0.0,0.0,0.0,0.0,16757.2621465784,1549.30444,1973.9376,0.25,3.658,1.81105,131.619047619048,0.6644,3.93054875
2021-02-01,32.3828,0.0,32.3828,0.0,16718.5919294077,1549.59165,2006.9738,0.25,3.9115,2.0384,138.1,0.5929,3.88365747957866
2021-03-01,225.0,0.0,0.0,0.0,16663.6674792627,1547.4637500125,1959.473125,0.25,4.68608695652174,2.641,165.086956521739,0.5577,3.84142498051546
2021-04-01,108.0,108.0,0.0,0.0,16630.6909680096,1548.5592566793,1917.281229,0.25,5.09,2.70985,164.5,0.5062,3.79115747642998
2021-05-01,0.0,0.0,0.0,0.0,16524.3200576514,1473.7406566794,1919.249682,0.25,4.99,2.75547619047619,163.571428571429,0.6641,3.73745845968402
2021-06-01,0.0,0.0,0.0,0.0,16111.2416321745,1243.8242833462,1722.367036,0.25,5.27323809523809,2.66280952380952,169.227272727273,0.9206,3.70401900108905
2021-07-01,0.0,0.0,0.0,0.0,15817.6166983684,1058.9843022485,1547.62224875,0.25,5.6647,2.4939,170.0,0.7924,3.79669316287069
2021-08-01,0.0,0.0,0.0,0.0,15783.9346198533,1058.3393267096,1546.492394,0.5,6.35523809523809,2.57761904761905,183.0,0.8452,3.81270919613097
2021-09-01,0.0,0.0,0.0,0.0,15662.5151315959,898.7163756456,1531.7481545,1.0,6.34227272727273,2.60063636363636,174.0,1.2422,3.88117324129765
2021-10-01,0.0,0.0,0.0,0.0,15488.482946213,854.4737533396,1496.99723125,1.5,5.9495,2.75625,171.619047619048,1.7906,3.94905991486097
2021-11-01,0.0,0.0,0.0,0.0,15277.8056257235,808.3823870824,1396.7593625,2.0,5.86571428571429,2.85347619047619,179.363636363636,2.3431,4.02097586013207
2021-12-01,19.32199,19.32199,0.0,0.0,15016.1629380279,809.6716986988,1389.11780875,2.5,5.92563636363636,2.80695454545455,174.304347826087,2.8714,4.11394529379854
2022-01-01,0.0,0.0,0.0,0.0,14950.1020099059,806.0953710336,1384.14448,3.0,6.07457142857143,3.09204761904762,176.761904761905,3.5743,4.20262820902694
2022-02-01,157.92,0.0,0.0,0.0,14864.1525519803,745.1160924704,1381.08397,3.5,6.071,3.4629,197.75,4.1679,4.2906273925101
2022-03-01,28.86687,10.08477,18.7821,0.0,14701.0081089488,739.3392237399,1273.38468375,4.0,6.59782608695652,3.5704347826087,200.739130434783,4.553,4.39096306762848
2022-04-01,0.0,0.0,0.0,0.0,14667.940209806,740.8662945593,1256.76978625,4.5,7.37315789473684,4.16131578947368,186.666666666667,5.3908,4.53163792121834
2022-05-01,0.0,0.0,0.0,0.0,14449.5904301786,669.448300227,1191.4078875,5.0,7.92363636363636,4.56222727272727,217.545454545455,6.1156,4.70692227109288
2022-06-01,0.0,0.0,0.0,0.0,14472.4750224672,670.7572180722,1191.6749675,5.5,7.858,4.77219047619048,213.545454545455,6.5066,4.95452828665271
2022-07-01,0.0,0.0,0.0,0.0,14115.9315974223,442.5379829432,1055.67693,6.0,8.21631578947368,4.74931578947368,235.428571428571,7.1747,5.13409390416655
2022-08-01,0.0,0.0,0.0,0.0,13848.3965835838,283.4853710464,1045.22256,6.5,7.90872727272727,4.53818181818182,211.0,7.8556,5.35904493680998
2022-09-01,0.0,0.0,0.0,0.0,13774.2898128912,279.7057752124,946.0833825,6.75,8.30590909090909,5.26540909090909,225.273454545455,7.9938,5.58356719333656
2022-10-01,0.0,0.0,0.0,0.0,13298.6875660428,129.78236973544,923.5953295,7.0,8.64571428571429,6.02866666666667,242.587095238095,8.2644,5.86119286699759
2022-11-01,0.0,0.0,0.0,0.0,12848.3452696378,36.861114213,918.67136875,7.25,7.86476190476191,5.48057142857143,203.406909090909,8.4504,6.10406191790094
2022-12-01,0.0,0.0,0.0,0.0,12836.9170856539,36.4781415978,904.93307125,7.5,7.8615,5.17145,195.5,8.7459,6.3692162201999
2023-01-01,0.0,0.0,0.0,0.0,12816.0718134113,31.086114213,880.304675,7.75,7.95952380952381,5.21561904761905,207.045454545455,9.4381,6.63189134989598
2023-02-01,0.0,0.0,0.0,0.0,12531.4944874052,10.133333384,879.0189,7.75,7.87935,5.3419,192.3,9.4919,6.850617510557
2023-03-01,0.0,0.0,0.0,0.0,12316.1864207315,5.013333396,869.08566,7.75,7.71669565217391,5.34278260869565,203.826086956522,9.0567,7.10922194994223
2023-04-01,0.0,0.0,0.0,0.0,12011.5655862416,4.9466667285,772.0332975,7.75,7.48888888888889,5.19622222222222,201.9,9.0685,7.38043153540864
2023-05-01,220.8,0.0,0.0,0.0,11949.5372385756,4.906666728,771.33288,7.75,7.275,5.24172727272727,197.391304347826,9.1889,7.61044798189717
2023-06-01,0.0,0.0,0.0,0.0,11609.8752372674,4.8400000605,765.1742675,7.75,7.07380952380952,5.24138095238095,181.090909090909,9.3105,7.81145511418098
2023-07-01,0.0,0.0,0.0,0.0,11376.7369060458,4.8133333935,664.7348225,7.75,6.7555,5.2575,168.904761904762,9.244,7.99690744269487
2023-08-01,0.0,0.0,0.0,0.0,11308.2622041387,4.9200000615,593.0276025,7.75,6.84409090909091,5.58609090909091,167.227272727273,9.041,8.14090107239871
2023-09-01,0.0,0.0,0.0,0.0,11317.1858458267,0.0,591.9085775,7.5,6.96857142857143,5.81652380952381,169.095238095238,8.8215,8.28878510406768
2023-10-01,0.0,0.0,0.0,0.0,11248.9220776787,0.0,581.52168,7.25,7.62454545454545,6.32286363636364,179.954545454545,8.3505,8.44068972530412
2023-11-01,0.0,0.0,0.0,0.0,11213.2369748787,0.0,575.093355,7.0,7.17190476190476,5.93028571428571,175.181818181818,7.9954,8.53156476033984
2023-12-01,175.0,175.0,0.0,0.0,11327.751283706,0.0,572.2681075,6.75,6.86847368421053,5.22494736842105,162.428571428571,7.656,8.62378590230264
2024-01-01,0.0,0.0,0.0,0.0,11332.8820605893,0.0,573.73135,6.5,6.67952380952381,5.4167619047619,170.434782608696,7.294,8.69869046961524
2024-02-01,22.5855,0.0,22.5855,0.0,11152.8651702971,0.0,591.799665,6.25,6.75380952380952,5.53071428571429,160.285714285714,6.8902,8.74071778178379
2024-03-01,0.0,0.0,0.0,0.0,11115.0905799904,0.0,588.20721,6.25,7.00578947368421,5.50626315789474,152.666666666667,6.5961,8.76694823582294
2024-04-01,0.0,0.0,0.0,0.0,10977.7741776237,0.0,586.43625,6.0,7.38204545454545,5.85754545454545,153.772727272727,6.4786,8.78031366488921
2024-05-01,0.0,0.0,0.0,0.0,10959.2431270024,0.0,586.23762,5.75,7.09540909090909,5.76072727272727,155.826086956522,6.3612,8.80480909118507
2024-06-01,133.2074,0.0,0.0,0.0,10767.2291421688,0.0,585.63154,5.75,7.08842105263158,5.63131578947368,160.9,6.238,8.79372542941437
2024-07-01,0.0,0.0,0.0,0.0,10708.3453168213,0.0,583.51536,5.75,6.9725,5.5434,158.695652173913,5.9434,8.882805081995
2024-08-01,0.0,0.0,0.0,0.0,10694.1426242753,0.0,577.693125,5.5,6.5835,5.1731,169.5,5.736,8.92989630054711
2024-09-01,0.0,0.0,0.0,0.0,10571.183758234,0.0,574.673115,5.25,6.36185714285714,5.02190476190476,162.578947368421,5.5418,8.96187040666967
2024-10-01,110.0,110.0,0.0,0.0,10245.3721785579,0.0,683.2888425,5.25,6.52246818181818,5.36572727272727,153.68,5.5019,8.7951748787329
2024-11-01,107.6475,0.0,0.0,0.0,10164.2545021638,0.0,682.9634375,5.0,6.669,5.6087,155.263157894737,5.4011,7.44683165341243
2024-12-01,101.131,101.131,0.0,0.0,10173.1871789953,1.131,684.3825925,5.0,6.62515789473684,5.67389473684211,154.380952380952,5.1856,7.47131200827443
2025-01-01,1.8414,1.8414,0.0,0.0,10127.5915782984,2.9574,683.60033,4.75,6.69,5.90368181818182,156.761904761905,5.0934,7.49907664706817
2025-02-01,1.9136,1.9136,0.0,0.0,10118.3624899182,4.8392,676.6946,4.75,6.4725,5.74665,158.25,5.0581,7.52122935000511
2025-03-01,166.85639,0.0,0.0,0.0,10091.9737894426,4.82605,673.302675,4.75,6.4852380952381,5.59780952380952,163.354838709677,4.9808,7.55728149897883
2025-04-01,0.0,0.0,0.0,0.0,9962.28886481537,4.82605,673.302675,4.75,6.604,5.6705,177.571428571429,5.1185,7.52794557568402
2025-05-01,0.0,0.0,0.0,0.0,9897.28519867308,4.77345,672.780575,4.5,6.48666666666667,5.60052380952381,158.58064516129,5.0515,7.55206145805733
2025-06-01,24.78,0.0,24.78,0.0,9814.91853108529,4.6551,696.38585,4.5,6.41190476190476,5.51895238095238,153.833333333333,4.9998,7.54014850637851
2025-07-01,0.0,0.0,0.0,0.0,9598.0429199612,4.72085,697.388475,4.5,6.18745,5.5105,140.612903225806,5.0848,7.54163430944622
2025-08-01,162.551,0.0,0.0,0.0,9578.6182582157,4.64195,696.185325,4.5,6.01696,5.3269,133.322580645161,5.0419,7.56402905364994
2025-09-01,0.0,0.0,0.0,0.0,9463.86800620784,4.56305,622.910585,4.25,6.12590909090909,5.11172727272727,124.107142857143,4.9333,7.56109725841028
2025-10-01,65.33082,0.0,0.0,0.0,9390.68446682204,4.43155,620.965035,4.25,6.10583636363637,5.07618181818182,123.516129032258,4.8992,7.55898200976963
2025-11-01,0.0,0.0,0.0,0.0,9233.41811470939,4.4184,618.63268,4.25,6.00445,5.1118,125.6,4.8408,7.54117283637899
2025-12-01,371.2,220.0,0.0,0.0,9226.84717627117,44.4184,472.29708,4.25,5.82715789473684,5.09484210526316,127.0,4.7816,7.44751485314968
