Fecha,Tasas de interés - Rendimiento del Bono del gobierno peruano a 10 años (en S/)
13May05,9.35
16May05,9.30
17May05,9.30
18May05,9.30
19May05,9.30
20May05,9.30
23May05,9.30
24May05,9.30
25May05,9.24
26May05,9.24
27May05,9.24
30May05,9.24
31May05,9.02
01Jun05,8.90
02Jun05,n.d.
03Jun05,9.13
06Jun05,9.10
07Jun05,8.75
08Jun05,8.98
09Jun05,8.70
10Jun05,8.93
13Jun05,8.89
14Jun05,8.69
15Jun05,8.84
16Jun05,8.81
17Jun05,8.83
20Jun05,8.81
21Jun05,8.68
22Jun05,8.63
23Jun05,8.51
24Jun05,8.43
27Jun05,8.61
28Jun05,8.30
29Jun05,n.d.
30Jun05,8.25
01Jul05,8.42
04Jul05,8.40
05Jul05,8.40
06Jul05,8.35
07Jul05,8.36
08Jul05,8.64
11Jul05,8.41
12Jul05,8.36
13Jul05,8.20
14Jul05,8.12
15Jul05,8.12
18Jul05,8.12
19Jul05,7.80
20Jul05,7.80
21Jul05,7.84
22Jul05,7.85
25Jul05,7.90
26Jul05,7.90
27Jul05,7.90
28Jul05,n.d.
29Jul05,n.d.
01Ago05,7.90
02Ago05,7.90
03Ago05,7.80
04Ago05,7.80
05Ago05,7.80
08Ago05,7.62
09Ago05,7.63
10Ago05,7.63
11Ago05,7.60
12Ago05,7.60
15Ago05,n.d.
16Ago05,7.60
17Ago05,7.55
18Ago05,7.55
19Ago05,7.55
22Ago05,7.55
23Ago05,7.55
24Ago05,7.55
25Ago05,7.55
26Ago05,7.55
29Ago05,7.55
30Ago05,n.d.
31Ago05,7.55
01Set05,7.55
02Set05,7.55
05Set05,n.d.
06Set05,n.d.
07Set05,7.55
08Set05,7.55
09Set05,7.40
12Set05,7.40
13Set05,7.40
14Set05,7.40
15Set05,7.20
16Set05,7.20
19Set05,7.20
20Set05,7.20
21Set05,7.20
22Set05,7.20
23Set05,7.20
26Set05,7.20
27Set05,7.20
28Set05,7.20
29Set05,7.20
30Set05,7.20
03Oct05,7.20
04Oct05,7.20
05Oct05,7.20
06Oct05,7.20
07Oct05,7.20
10Oct05,7.20
11Oct05,7.20
12Oct05,7.20
13Oct05,7.20
14Oct05,7.20
17Oct05,n.d.
18Oct05,7.20
19Oct05,7.20
20Oct05,7.79
21Oct05,7.79
24Oct05,7.79
25Oct05,7.79
26Oct05,7.79
27Oct05,7.79
28Oct05,7.79
31Oct05,7.79
01Nov05,n.d.
02Nov05,7.79
03Nov05,7.73
04Nov05,7.73
07Nov05,7.73
08Nov05,7.73
09Nov05,7.70
10Nov05,7.70
11Nov05,7.70
14Nov05,7.70
15Nov05,7.70
16Nov05,7.65
17Nov05,7.65
18Nov05,7.60
21Nov05,7.60
22Nov05,7.60
23Nov05,7.60
24Nov05,7.60
25Nov05,7.51
28Nov05,7.53
29Nov05,7.57
30Nov05,7.57
01Dic05,7.57
02Dic05,n.d.
05Dic05,7.57
06Dic05,n.d.
07Dic05,n.d.
08Dic05,n.d.
09Dic05,7.57
12Dic05,7.57
13Dic05,7.57
14Dic05,n.d.
15Dic05,7.57
16Dic05,7.57
19Dic05,n.d.
20Dic05,8.20
21Dic05,8.20
22Dic05,8.20
23Dic05,8.20
26Dic05,8.20
27Dic05,n.d.
28Dic05,8.35
29Dic05,n.d.
30Dic05,8.35
02Ene06,n.d.
03Ene06,8.20
04Ene06,8.20
05Ene06,8.20
06Ene06,8.20
09Ene06,8.28
10Ene06,8.28
11Ene06,8.28
12Ene06,8.28
13Ene06,8.28
16Ene06,8.28
17Ene06,8.28
18Ene06,8.20
19Ene06,8.14
20Ene06,8.16
23Ene06,8.15
24Ene06,8.09
25Ene06,8.06
26Ene06,7.87
27Ene06,7.92
30Ene06,7.87
31Ene06,7.93
01Feb06,7.88
02Feb06,7.70
03Feb06,7.67
06Feb06,7.67
07Feb06,7.67
08Feb06,7.67
09Feb06,7.64
10Feb06,7.50
13Feb06,7.45
14Feb06,7.45
15Feb06,7.37
16Feb06,7.35
17Feb06,7.35
20Feb06,n.d.
21Feb06,7.35
22Feb06,7.35
23Feb06,7.35
24Feb06,7.25
27Feb06,7.25
28Feb06,7.25
01Mar06,7.25
02Mar06,7.25
03Mar06,7.25
06Mar06,7.55
07Mar06,7.55
08Mar06,7.59
09Mar06,7.55
10Mar06,7.55
13Mar06,n.d.
14Mar06,7.55
15Mar06,7.55
16Mar06,7.55
17Mar06,7.55
20Mar06,7.55
21Mar06,7.55
22Mar06,7.95
23Mar06,8.05
24Mar06,8.01
27Mar06,8.01
28Mar06,8.01
29Mar06,7.98
30Mar06,8.00
31Mar06,8.00
03Abr06,8.00
04Abr06,8.00
05Abr06,8.06
06Abr06,8.07
07Abr06,8.06
10Abr06,8.00
11Abr06,8.00
12Abr06,7.97
13Abr06,n.d.
14Abr06,n.d.
17Abr06,7.97
18Abr06,7.96
19Abr06,7.95
20Abr06,7.91
21Abr06,7.91
24Abr06,7.94
25Abr06,7.94
26Abr06,7.94
27Abr06,7.94
28Abr06,7.89
01May06,n.d.
02May06,7.93
03May06,7.93
04May06,7.80
05May06,7.80
08May06,7.74
09May06,7.71
10May06,7.66
11May06,7.69
12May06,7.69
15May06,7.69
16May06,7.61
17May06,7.61
18May06,7.61
19May06,7.59
22May06,7.59
23May06,7.59
24May06,7.64
25May06,7.64
26May06,7.61
29May06,7.61
30May06,7.69
31May06,7.69
01Jun06,7.71
02Jun06,7.71
05Jun06,7.64
06Jun06,7.65
07Jun06,7.65
08Jun06,7.68
09Jun06,7.68
12Jun06,7.68
13Jun06,7.68
14Jun06,7.68
15Jun06,7.74
16Jun06,7.74
19Jun06,7.74
20Jun06,7.73
21Jun06,7.74
22Jun06,7.79
23Jun06,7.79
26Jun06,7.79
27Jun06,7.87
28Jun06,7.99
29Jun06,n.d.
30Jun06,7.99
03Jul06,7.99
04Jul06,n.d.
05Jul06,7.95
06Jul06,7.86
07Jul06,7.83
10Jul06,7.83
11Jul06,7.73
12Jul06,7.70
13Jul06,7.69
14Jul06,7.69
17Jul06,7.68
18Jul06,7.68
19Jul06,7.62
20Jul06,7.62
21Jul06,7.37
24Jul06,7.42
25Jul06,7.43
26Jul06,7.43
27Jul06,7.38
28Jul06,n.d.
31Jul06,7.36
01Ago06,7.35
02Ago06,7.28
03Ago06,7.28
04Ago06,7.28
07Ago06,7.28
08Ago06,7.23
09Ago06,7.17
10Ago06,7.15
11Ago06,7.15
14Ago06,7.15
15Ago06,7.08
16Ago06,7.08
17Ago06,7.03
18Ago06,7.03
21Ago06,7.03
22Ago06,7.03
23Ago06,7.02
24Ago06,7.05
25Ago06,7.08
28Ago06,7.08
29Ago06,7.08
30Ago06,n.d.
31Ago06,7.03
01Set06,7.02
04Set06,7.02
05Set06,7.02
06Set06,7.02
07Set06,6.99
08Set06,6.99
11Set06,6.99
12Set06,6.99
13Set06,6.97
14Set06,6.97
15Set06,6.92
18Set06,6.92
19Set06,6.92
20Set06,6.89
21Set06,6.89
22Set06,6.92
25Set06,6.93
26Set06,6.93
27Set06,6.91
28Set06,n.d.
29Set06,6.90
02Oct06,6.88
03Oct06,6.88
04Oct06,6.88
05Oct06,n.d.
06Oct06,6.85
09Oct06,6.85
10Oct06,6.63
11Oct06,6.58
12Oct06,6.58
13Oct06,6.58
16Oct06,6.58
17Oct06,6.58
18Oct06,6.58
19Oct06,6.58
20Oct06,6.58
23Oct06,6.58
24Oct06,6.58
25Oct06,6.58
26Oct06,6.58
27Oct06,6.58
30Oct06,6.58
31Oct06,6.58
01Nov06,n.d.
02Nov06,6.58
03Nov06,6.55
06Nov06,6.55
07Nov06,6.53
08Nov06,6.53
09Nov06,6.45
10Nov06,6.40
13Nov06,6.40
14Nov06,6.40
15Nov06,6.38
16Nov06,6.40
17Nov06,6.40
20Nov06,6.40
21Nov06,6.40
22Nov06,6.39
23Nov06,6.40
24Nov06,6.43
27Nov06,6.43
28Nov06,6.43
29Nov06,6.46
30Nov06,6.49
01Dic06,6.47
04Dic06,6.43
05Dic06,6.33
06Dic06,6.30
07Dic06,6.30
08Dic06,n.d.
11Dic06,6.30
12Dic06,6.30
13Dic06,6.30
14Dic06,6.25
15Dic06,6.23
18Dic06,6.23
19Dic06,6.23
20Dic06,6.23
21Dic06,6.20
22Dic06,6.20
25Dic06,n.d.
26Dic06,6.20
27Dic06,6.20
28Dic06,6.23
29Dic06,6.23
01Ene07,n.d.
02Ene07,6.23
03Ene07,6.18
04Ene07,6.18
05Ene07,6.18
08Ene07,6.18
09Ene07,6.18
10Ene07,6.18
11Ene07,6.18
12Ene07,6.18
15Ene07,6.15
16Ene07,6.15
17Ene07,6.15
18Ene07,6.15
19Ene07,6.15
22Ene07,6.15
23Ene07,6.22
24Ene07,6.25
25Ene07,6.27
26Ene07,6.30
29Ene07,6.30
30Ene07,6.30
31Ene07,6.30
01Feb07,6.28
02Feb07,6.27
05Feb07,6.27
06Feb07,6.25
07Feb07,6.25
08Feb07,6.23
09Feb07,6.22
12Feb07,6.22
13Feb07,6.22
14Feb07,6.22
15Feb07,6.22
16Feb07,6.22
19Feb07,6.18
20Feb07,6.16
21Feb07,6.16
22Feb07,6.16
23Feb07,6.08
26Feb07,6.03
27Feb07,6.03
28Feb07,6.04
01Mar07,6.01
02Mar07,6.01
05Mar07,6.01
06Mar07,6.01
07Mar07,5.98
08Mar07,5.98
09Mar07,5.98
12Mar07,5.98
13Mar07,5.98
14Mar07,5.98
15Mar07,5.98
16Mar07,5.98
19Mar07,5.98
20Mar07,5.98
21Mar07,5.98
22Mar07,5.98
23Mar07,5.87
26Mar07,5.87
27Mar07,5.87
28Mar07,5.87
29Mar07,5.87
30Mar07,5.87
02Abr07,5.87
03Abr07,5.87
04Abr07,5.89
05Abr07,n.d.
06Abr07,n.d.
09Abr07,5.84
10Abr07,5.84
11Abr07,5.84
12Abr07,5.73
13Abr07,5.70
16Abr07,5.72
17Abr07,5.72
18Abr07,5.72
19Abr07,5.72
20Abr07,5.63
23Abr07,5.63
24Abr07,5.63
25Abr07,5.63
26Abr07,5.63
27Abr07,5.63
30Abr07,5.63
01May07,n.d.
02May07,5.63
03May07,n.d.
04May07,5.63
07May07,5.73
08May07,5.73
09May07,5.72
10May07,5.69
11May07,5.70
14May07,5.72
15May07,5.72
16May07,5.71
17May07,5.70
18May07,5.70
21May07,5.67
22May07,5.68
23May07,5.69
24May07,5.69
25May07,5.70
28May07,n.d.
29May07,5.68
30May07,5.69
31May07,5.70
01Jun07,5.70
04Jun07,5.67
05Jun07,5.72
06Jun07,5.75
07Jun07,5.77
08Jun07,5.90
11Jun07,5.92
12Jun07,5.92
13Jun07,5.95
14Jun07,5.94
15Jun07,5.94
18Jun07,5.91
19Jun07,5.91
20Jun07,5.91
21Jun07,5.91
22Jun07,5.90
25Jun07,5.90
26Jun07,5.94
27Jun07,5.95
28Jun07,5.95
29Jun07,n.d.
02Jul07,5.95
03Jul07,5.94
04Jul07,5.94
05Jul07,5.95
06Jul07,6.00
09Jul07,6.03
10Jul07,6.06
11Jul07,6.08
12Jul07,6.10
13Jul07,6.12
16Jul07,6.12
17Jul07,6.12
18Jul07,6.16
19Jul07,6.14
20Jul07,6.17
23Jul07,6.17
24Jul07,6.21
25Jul07,6.27
26Jul07,6.29
27Jul07,6.27
30Jul07,6.36
31Jul07,6.30
01Ago07,6.29
02Ago07,6.29
03Ago07,6.29
06Ago07,6.30
07Ago07,6.31
08Ago07,6.33
09Ago07,6.30
10Ago07,6.35
13Ago07,6.33
14Ago07,6.35
15Ago07,6.32
16Ago07,6.37
17Ago07,6.52
20Ago07,6.56
21Ago07,6.54
22Ago07,6.61
23Ago07,6.61
24Ago07,6.64
27Ago07,6.61
28Ago07,6.63
29Ago07,6.61
30Ago07,n.d.
31Ago07,6.59
03Set07,6.53
04Set07,6.52
05Set07,6.52
06Set07,6.52
07Set07,6.53
10Set07,6.49
11Set07,6.45
12Set07,6.36
13Set07,6.33
14Set07,6.36
17Set07,6.35
18Set07,6.27
19Set07,6.26
20Set07,6.26
21Set07,6.25
24Set07,6.28
25Set07,6.26
26Set07,6.27
27Set07,6.27
28Set07,6.25
01Oct07,6.28
02Oct07,6.32
03Oct07,6.32
04Oct07,6.29
05Oct07,6.32
08Oct07,n.d.
09Oct07,6.31
10Oct07,6.31
11Oct07,6.26
12Oct07,6.26
15Oct07,6.30
16Oct07,6.27
17Oct07,6.30
18Oct07,6.29
19Oct07,6.29
22Oct07,6.30
23Oct07,6.31
24Oct07,6.32
25Oct07,6.28
26Oct07,6.26
29Oct07,6.25
30Oct07,6.22
31Oct07,6.19
01Nov07,n.d.
02Nov07,6.14
05Nov07,6.18
06Nov07,6.21
07Nov07,6.17
08Nov07,6.22
09Nov07,6.19
12Nov07,6.19
13Nov07,6.16
14Nov07,6.13
15Nov07,6.16
16Nov07,6.17
19Nov07,6.17
20Nov07,6.17
21Nov07,6.14
22Nov07,6.14
23Nov07,6.18
26Nov07,6.12
27Nov07,6.18
28Nov07,6.26
29Nov07,6.29
30Nov07,6.26
03Dic07,6.26
04Dic07,6.26
05Dic07,6.23
06Dic07,6.26
07Dic07,6.23
10Dic07,6.23
11Dic07,6.28
12Dic07,6.29
13Dic07,6.32
14Dic07,6.29
17Dic07,6.31
18Dic07,6.33
19Dic07,6.36
20Dic07,n.d.
21Dic07,n.d.
24Dic07,n.d.
25Dic07,n.d.
26Dic07,6.34
27Dic07,6.35
28Dic07,6.36
31Dic07,6.34
01Ene08,n.d.
02Ene08,6.35
03Ene08,6.35
04Ene08,6.35
07Ene08,6.36
08Ene08,6.35
09Ene08,6.38
10Ene08,6.39
11Ene08,6.45
14Ene08,6.52
15Ene08,6.66
16Ene08,6.68
17Ene08,6.72
18Ene08,6.74
21Ene08,n.d.
22Ene08,6.69
23Ene08,6.69
24Ene08,6.75
25Ene08,6.62
28Ene08,6.56
29Ene08,6.54
30Ene08,6.51
31Ene08,6.40
01Feb08,6.34
04Feb08,6.31
05Feb08,6.33
06Feb08,6.30
07Feb08,6.29
08Feb08,6.30
11Feb08,6.31
12Feb08,6.30
13Feb08,6.30
14Feb08,6.31
15Feb08,6.31
18Feb08,6.33
19Feb08,6.35
20Feb08,6.38
21Feb08,6.40
22Feb08,6.44
25Feb08,6.44
26Feb08,6.46
27Feb08,6.48
28Feb08,6.47
29Feb08,6.47
03Mar08,6.52
04Mar08,6.53
05Mar08,6.53
06Mar08,6.53
07Mar08,n.d.
10Mar08,6.52
11Mar08,6.52
12Mar08,6.50
13Mar08,6.49
14Mar08,6.49
17Mar08,6.49
18Mar08,6.48
19Mar08,6.43
20Mar08,n.d.
21Mar08,n.d.
24Mar08,6.43
25Mar08,6.43
26Mar08,6.41
27Mar08,6.41
28Mar08,6.36
31Mar08,6.32
01Abr08,6.35
02Abr08,6.37
03Abr08,6.33
04Abr08,6.33
07Abr08,6.31
08Abr08,6.31
09Abr08,6.38
10Abr08,6.48
11Abr08,6.50
14Abr08,6.52
15Abr08,6.45
16Abr08,6.48
17Abr08,6.40
18Abr08,6.37
21Abr08,6.33
22Abr08,6.33
23Abr08,6.41
24Abr08,6.42
25Abr08,6.42
28Abr08,6.42
29Abr08,6.42
30Abr08,6.43
01May08,n.d.
02May08,6.43
05May08,6.40
06May08,6.40
07May08,6.40
08May08,6.36
09May08,6.36
12May08,6.37
13May08,6.37
14May08,6.37
15May08,n.d.
16May08,n.d.
19May08,6.37
20May08,6.30
21May08,6.30
22May08,6.30
23May08,6.38
26May08,6.38
27May08,6.38
28May08,6.40
29May08,6.43
30May08,n.d.
02Jun08,n.d.
03Jun08,6.42
04Jun08,n.d.
05Jun08,6.47
06Jun08,6.51
09Jun08,6.51
10Jun08,6.53
11Jun08,6.54
12Jun08,6.54
13Jun08,6.61
16Jun08,6.63
17Jun08,6.64
18Jun08,6.67
19Jun08,6.67
20Jun08,6.68
23Jun08,6.78
24Jun08,6.75
25Jun08,6.77
26Jun08,6.85
27Jun08,6.95
30Jun08,7.00
01Jul08,7.22
02Jul08,7.31
03Jul08,7.40
04Jul08,7.42
07Jul08,7.47
08Jul08,7.56
09Jul08,7.54
10Jul08,7.72
11Jul08,7.69
14Jul08,7.69
15Jul08,7.69
16Jul08,7.69
17Jul08,n.d.
18Jul08,7.73
21Jul08,7.75
22Jul08,7.74
23Jul08,7.66
24Jul08,7.68
25Jul08,7.68
28Jul08,n.d.
29Jul08,n.d.
30Jul08,7.73
31Jul08,7.73
01Ago08,7.74
04Ago08,7.76
05Ago08,7.76
06Ago08,7.77
07Ago08,7.78
08Ago08,7.80
11Ago08,7.81
12Ago08,7.85
13Ago08,7.88
14Ago08,7.95
15Ago08,7.98
18Ago08,7.95
19Ago08,7.92
20Ago08,7.83
21Ago08,7.88
22Ago08,7.89
25Ago08,7.98
26Ago08,7.95
27Ago08,7.91
28Ago08,7.94
29Ago08,7.96
01Set08,n.d.
02Set08,8.03
03Set08,7.94
04Set08,7.92
05Set08,7.94
08Set08,7.91
09Set08,7.96
10Set08,7.96
11Set08,7.96
12Set08,7.98
15Set08,8.00
16Set08,8.08
17Set08,8.42
18Set08,8.48
19Set08,8.40
22Set08,8.47
23Set08,8.38
24Set08,8.41
25Set08,8.47
26Set08,8.47
29Set08,8.53
30Set08,8.46
01Oct08,8.53
02Oct08,8.58
03Oct08,8.68
06Oct08,8.70
07Oct08,8.89
08Oct08,n.d.
09Oct08,9.08
10Oct08,9.23
13Oct08,n.d.
14Oct08,9.41
15Oct08,9.48
16Oct08,9.62
17Oct08,9.62
20Oct08,9.55
21Oct08,9.60
22Oct08,9.64
23Oct08,9.72
24Oct08,9.82
27Oct08,9.84
28Oct08,10.05
29Oct08,10.00
30Oct08,9.96
31Oct08,9.53
03Nov08,9.25
04Nov08,8.35
05Nov08,8.35
06Nov08,8.43
07Nov08,8.32
10Nov08,8.26
11Nov08,8.38
12Nov08,8.61
13Nov08,8.78
14Nov08,8.69
17Nov08,n.d.
18Nov08,8.58
19Nov08,8.60
20Nov08,n.d.
21Nov08,n.d.
24Nov08,8.47
25Nov08,8.22
26Nov08,8.12
27Nov08,8.18
28Nov08,8.17
01Dic08,8.04
02Dic08,8.11
03Dic08,7.75
04Dic08,7.77
05Dic08,7.84
08Dic08,n.d.
09Dic08,7.85
10Dic08,7.82
11Dic08,7.89
12Dic08,7.89
15Dic08,7.79
16Dic08,7.77
17Dic08,7.74
18Dic08,7.72
19Dic08,7.69
22Dic08,7.69
23Dic08,7.66
24Dic08,7.72
25Dic08,n.d.
26Dic08,n.d.
29Dic08,7.58
30Dic08,7.65
31Dic08,7.65
01Ene09,n.d.
02Ene09,n.d.
05Ene09,7.59
06Ene09,7.46
07Ene09,7.27
08Ene09,7.31
09Ene09,7.23
12Ene09,7.18
13Ene09,7.20
14Ene09,7.21
15Ene09,7.29
16Ene09,7.34
19Ene09,7.34
20Ene09,7.30
21Ene09,7.31
22Ene09,7.32
23Ene09,7.33
26Ene09,7.32
27Ene09,7.28
28Ene09,7.26
29Ene09,7.27
30Ene09,7.25
02Feb09,7.30
03Feb09,7.35
04Feb09,7.33
05Feb09,7.37
06Feb09,7.42
09Feb09,7.42
10Feb09,7.38
11Feb09,7.38
12Feb09,7.35
13Feb09,7.32
16Feb09,7.30
17Feb09,7.35
18Feb09,7.38
19Feb09,7.38
20Feb09,7.38
23Feb09,7.40
24Feb09,7.45
25Feb09,7.37
26Feb09,7.38
27Feb09,7.38
02Mar09,7.36
03Mar09,7.33
04Mar09,7.20
05Mar09,7.15
06Mar09,7.10
09Mar09,7.10
10Mar09,7.08
11Mar09,7.08
12Mar09,7.09
13Mar09,7.05
16Mar09,7.05
17Mar09,7.03
18Mar09,6.93
19Mar09,6.84
20Mar09,6.74
23Mar09,6.77
24Mar09,6.71
25Mar09,6.68
26Mar09,6.60
27Mar09,6.53
30Mar09,6.59
31Mar09,6.56
01Abr09,6.57
02Abr09,6.55
03Abr09,6.57
06Abr09,6.40
07Abr09,6.42
08Abr09,6.43
09Abr09,n.d.
10Abr09,n.d.
13Abr09,5.97
14Abr09,5.95
15Abr09,5.84
16Abr09,5.37
17Abr09,5.36
20Abr09,5.40
21Abr09,5.39
22Abr09,5.35
23Abr09,5.36
24Abr09,5.34
27Abr09,5.33
28Abr09,5.31
29Abr09,5.31
30Abr09,5.34
01May09,n.d.
04May09,5.35
05May09,5.36
06May09,5.40
07May09,5.45
08May09,5.46
11May09,5.52
12May09,5.54
13May09,6.00
14May09,5.95
15May09,5.97
18May09,5.97
19May09,5.91
20May09,5.84
21May09,5.79
22May09,5.87
25May09,5.71
26May09,5.76
27May09,5.76
28May09,5.90
29May09,5.85
01Jun09,5.89
02Jun09,5.88
03Jun09,5.88
04Jun09,5.94
05Jun09,5.89
08Jun09,5.96
09Jun09,5.99
10Jun09,6.01
11Jun09,6.02
12Jun09,6.04
15Jun09,6.04
16Jun09,6.01
17Jun09,6.02
18Jun09,5.98
19Jun09,6.02
22Jun09,6.02
23Jun09,6.01
24Jun09,6.07
25Jun09,6.10
26Jun09,6.03
29Jun09,n.d.
30Jun09,5.99
01Jul09,5.99
02Jul09,5.99
03Jul09,5.99
06Jul09,5.97
07Jul09,6.00
08Jul09,5.97
09Jul09,5.91
10Jul09,5.90
13Jul09,5.92
14Jul09,5.92
15Jul09,5.96
16Jul09,5.95
17Jul09,6.02
20Jul09,n.d.
21Jul09,6.02
22Jul09,6.04
23Jul09,6.03
24Jul09,6.00
27Jul09,n.d.
28Jul09,n.d.
29Jul09,n.d.
30Jul09,5.96
31Jul09,5.95
03Ago09,6.08
04Ago09,6.09
05Ago09,6.05
06Ago09,6.00
07Ago09,5.96
10Ago09,5.93
11Ago09,5.88
12Ago09,5.87
13Ago09,5.87
14Ago09,5.88
17Ago09,5.87
18Ago09,5.88
19Ago09,5.87
20Ago09,5.86
21Ago09,5.81
24Ago09,5.79
25Ago09,5.80
26Ago09,5.78
27Ago09,5.76
28Ago09,5.74
31Ago09,5.71
01Set09,5.67
02Set09,5.66
03Set09,5.64
04Set09,5.62
07Set09,5.63
08Set09,5.61
09Set09,5.59
10Set09,5.56
11Set09,n.d.
14Set09,5.53
15Set09,5.54
16Set09,5.54
17Set09,5.53
18Set09,5.51
21Set09,5.52
22Set09,5.55
23Set09,5.55
24Set09,5.55
25Set09,5.56
28Set09,5.58
29Set09,5.59
30Set09,5.59
01Oct09,5.57
02Oct09,5.58
05Oct09,5.57
06Oct09,5.57
07Oct09,5.57
08Oct09,n.d.
09Oct09,n.d.
12Oct09,5.57
13Oct09,5.48
14Oct09,5.46
15Oct09,5.49
16Oct09,5.49
19Oct09,5.51
20Oct09,5.52
21Oct09,5.49
22Oct09,5.51
23Oct09,5.53
26Oct09,5.54
27Oct09,5.58
28Oct09,5.63
29Oct09,5.53
30Oct09,5.57
02Nov09,5.70
03Nov09,5.70
04Nov09,5.75
05Nov09,5.77
06Nov09,5.77
09Nov09,5.81
10Nov09,5.81
11Nov09,5.81
12Nov09,5.85
13Nov09,5.88
16Nov09,5.89
17Nov09,5.89
18Nov09,5.87
19Nov09,5.85
20Nov09,5.82
23Nov09,5.79
24Nov09,5.79
25Nov09,5.77
26Nov09,5.81
27Nov09,5.79
30Nov09,5.77
01Dic09,5.79
02Dic09,5.75
03Dic09,5.72
04Dic09,5.73
07Dic09,5.73
08Dic09,n.d.
09Dic09,5.73
10Dic09,5.74
11Dic09,5.76
14Dic09,5.76
15Dic09,5.75
16Dic09,5.76
17Dic09,5.78
18Dic09,5.78
21Dic09,5.80
22Dic09,5.84
23Dic09,5.86
24Dic09,n.d.
25Dic09,n.d.
28Dic09,5.87
29Dic09,5.87
30Dic09,5.87
31Dic09,n.d.
01Ene10,n.d.
04Ene10,5.83
05Ene10,5.79
06Ene10,5.74
07Ene10,5.72
08Ene10,5.72
11Ene10,5.74
12Ene10,5.75
13Ene10,5.76
14Ene10,5.76
15Ene10,5.75
18Ene10,5.75
19Ene10,5.73
20Ene10,5.74
21Ene10,5.75
22Ene10,5.75
25Ene10,5.74
26Ene10,5.75
27Ene10,5.76
28Ene10,5.78
29Ene10,5.83
01Feb10,5.87
02Feb10,5.93
03Feb10,6.12
04Feb10,6.13
05Feb10,6.11
08Feb10,6.13
09Feb10,6.12
10Feb10,6.11
11Feb10,6.10
12Feb10,6.08
15Feb10,6.09
16Feb10,6.07
17Feb10,6.05
18Feb10,6.11
19Feb10,6.13
22Feb10,6.14
23Feb10,6.16
24Feb10,6.16
25Feb10,6.19
26Feb10,6.19
01Mar10,6.19
02Mar10,6.18
03Mar10,6.16
04Mar10,6.13
05Mar10,6.10
08Mar10,6.08
09Mar10,6.08
10Mar10,6.08
11Mar10,6.10
12Mar10,6.12
15Mar10,6.12
16Mar10,6.12
17Mar10,6.07
18Mar10,6.06
19Mar10,6.07
22Mar10,6.08
23Mar10,6.05
24Mar10,6.06
25Mar10,6.07
26Mar10,6.07
29Mar10,6.06
30Mar10,6.05
31Mar10,6.05
01Abr10,n.d.
02Abr10,n.d.
05Abr10,6.05
06Abr10,6.06
07Abr10,6.04
08Abr10,6.00
09Abr10,6.02
12Abr10,5.99
13Abr10,5.98
14Abr10,5.94
15Abr10,5.93
16Abr10,5.93
19Abr10,5.94
20Abr10,5.93
21Abr10,5.94
22Abr10,5.94
23Abr10,5.96
26Abr10,5.96
27Abr10,5.98
28Abr10,5.99
29Abr10,6.01
30Abr10,6.04
03May10,6.03
04May10,6.04
05May10,6.06
06May10,6.08
07May10,6.11
10May10,6.13
11May10,6.18
12May10,6.15
13May10,6.15
14May10,6.15
17May10,6.19
18May10,6.17
19May10,6.17
20May10,6.17
21May10,6.18
24May10,6.19
25May10,6.28
26May10,6.22
27May10,6.26
28May10,6.26
31May10,6.25
01Jun10,6.28
02Jun10,6.33
03Jun10,6.37
04Jun10,6.49
07Jun10,6.48
08Jun10,6.46
09Jun10,6.45
10Jun10,6.40
11Jun10,6.38
14Jun10,6.35
15Jun10,6.30
16Jun10,6.25
17Jun10,6.27
18Jun10,6.27
21Jun10,6.27
22Jun10,6.26
23Jun10,6.26
24Jun10,6.25
25Jun10,6.24
28Jun10,n.d.
29Jun10,n.d.
30Jun10,6.23
01Jul10,6.23
02Jul10,6.23
05Jul10,6.23
06Jul10,6.18
07Jul10,6.13
08Jul10,6.08
09Jul10,6.03
12Jul10,6.00
13Jul10,5.96
14Jul10,5.94
15Jul10,5.96
16Jul10,6.03
19Jul10,6.04
20Jul10,6.01
21Jul10,5.99
22Jul10,5.85
23Jul10,5.80
26Jul10,5.76
27Jul10,5.73
28Jul10,n.d.
29Jul10,n.d.
30Jul10,n.d.
02Ago10,5.72
03Ago10,5.73
04Ago10,5.71
05Ago10,5.64
06Ago10,5.69
09Ago10,5.63
10Ago10,5.64
11Ago10,5.65
12Ago10,5.65
13Ago10,5.65
16Ago10,5.65
17Ago10,5.61
18Ago10,5.58
19Ago10,5.55
20Ago10,5.54
23Ago10,5.53
24Ago10,5.53
25Ago10,5.53
26Ago10,5.53
27Ago10,5.60
30Ago10,n.d.
31Ago10,5.71
01Set10,5.71
02Set10,5.71
03Set10,5.72
06Set10,5.75
07Set10,5.75
08Set10,5.78
09Set10,5.78
10Set10,5.78
13Set10,5.78
14Set10,5.79
15Set10,5.80
16Set10,5.78
17Set10,5.77
20Set10,5.78
21Set10,5.74
22Set10,5.74
23Set10,5.73
24Set10,5.67
27Set10,5.69
28Set10,5.63
29Set10,5.65
30Set10,5.62
01Oct10,5.61
04Oct10,5.55
05Oct10,5.58
06Oct10,5.50
07Oct10,5.54
08Oct10,n.d.
11Oct10,5.47
12Oct10,5.52
13Oct10,5.47
14Oct10,5.50
15Oct10,5.43
18Oct10,5.46
19Oct10,5.45
20Oct10,5.42
21Oct10,5.44
22Oct10,5.46
25Oct10,5.46
26Oct10,5.48
27Oct10,5.53
28Oct10,5.52
29Oct10,5.47
01Nov10,n.d.
02Nov10,5.45
03Nov10,5.42
04Nov10,5.40
05Nov10,5.40
08Nov10,5.45
09Nov10,5.59
10Nov10,5.66
11Nov10,5.69
12Nov10,5.69
15Nov10,5.78
16Nov10,5.87
17Nov10,5.84
18Nov10,5.85
19Nov10,5.83
22Nov10,5.83
23Nov10,5.80
24Nov10,5.81
25Nov10,5.82
26Nov10,5.84
29Nov10,5.92
30Nov10,5.90
01Dic10,5.95
02Dic10,5.92
03Dic10,5.92
06Dic10,5.90
07Dic10,5.90
08Dic10,n.d.
09Dic10,5.86
10Dic10,5.91
13Dic10,5.91
14Dic10,5.90
15Dic10,5.93
16Dic10,5.97
17Dic10,5.95
20Dic10,5.91
21Dic10,5.80
22Dic10,5.85
23Dic10,5.86
24Dic10,n.d.
27Dic10,5.87
28Dic10,5.88
29Dic10,5.90
30Dic10,5.89
31Dic10,n.d.
03Ene11,5.88
04Ene11,5.84
05Ene11,5.86
06Ene11,5.86
07Ene11,5.81
10Ene11,5.81
11Ene11,5.82
12Ene11,5.83
13Ene11,5.82
14Ene11,5.82
17Ene11,5.83
18Ene11,5.83
19Ene11,5.83
20Ene11,5.84
21Ene11,5.86
24Ene11,5.87
25Ene11,5.88
26Ene11,5.87
27Ene11,5.87
28Ene11,5.87
31Ene11,5.87
01Feb11,5.88
02Feb11,5.93
03Feb11,5.94
04Feb11,5.94
07Feb11,6.00
08Feb11,6.00
09Feb11,5.98
10Feb11,5.98
11Feb11,5.98
14Feb11,5.99
15Feb11,6.08
16Feb11,6.04
17Feb11,6.02
18Feb11,6.00
21Feb11,6.01
22Feb11,6.04
23Feb11,6.05
24Feb11,6.16
25Feb11,6.17
28Feb11,6.15
01Mar11,6.20
02Mar11,6.26
03Mar11,6.26
04Mar11,6.26
07Mar11,6.30
08Mar11,6.22
09Mar11,6.24
10Mar11,6.24
11Mar11,6.21
14Mar11,6.19
15Mar11,6.20
16Mar11,6.24
17Mar11,6.25
18Mar11,6.25
21Mar11,6.31
22Mar11,6.43
23Mar11,6.42
24Mar11,6.47
25Mar11,6.51
28Mar11,6.56
29Mar11,6.64
30Mar11,6.74
31Mar11,6.73
01Abr11,6.72
04Abr11,6.77
05Abr11,6.73
06Abr11,6.69
07Abr11,6.63
08Abr11,6.59
11Abr11,6.61
12Abr11,6.70
13Abr11,6.79
14Abr11,7.02
15Abr11,7.11
18Abr11,7.16
19Abr11,7.19
20Abr11,7.20
21Abr11,n.d.
22Abr11,n.d.
25Abr11,7.21
26Abr11,7.25
27Abr11,7.35
28Abr11,7.20
29Abr11,7.03
02May11,n.d.
03May11,6.95
04May11,6.79
05May11,6.80
06May11,6.73
09May11,6.61
10May11,6.75
11May11,6.83
12May11,6.75
13May11,6.69
16May11,6.72
17May11,6.72
18May11,6.68
19May11,6.72
20May11,6.70
23May11,6.69
24May11,6.70
25May11,6.69
26May11,6.65
27May11,6.64
30May11,6.70
31May11,6.67
01Jun11,6.70
02Jun11,6.59
03Jun11,6.54
06Jun11,6.81
07Jun11,6.68
08Jun11,6.54
09Jun11,6.51
10Jun11,6.42
13Jun11,6.40
14Jun11,6.46
15Jun11,6.44
16Jun11,6.46
17Jun11,6.39
20Jun11,6.38
21Jun11,6.32
22Jun11,6.30
23Jun11,6.33
24Jun11,6.38
27Jun11,6.30
28Jun11,6.37
29Jun11,n.d.
30Jun11,6.30
01Jul11,6.26
04Jul11,6.31
05Jul11,6.22
06Jul11,6.20
07Jul11,6.23
08Jul11,6.29
11Jul11,6.27
12Jul11,6.27
13Jul11,6.25
14Jul11,6.25
15Jul11,6.25
18Jul11,6.24
19Jul11,6.24
20Jul11,6.22
21Jul11,6.20
22Jul11,6.21
25Jul11,6.20
26Jul11,6.19
27Jul11,6.19
28Jul11,n.d.
29Jul11,n.d.
01Ago11,6.14
02Ago11,6.09
03Ago11,6.09
04Ago11,6.11
05Ago11,6.12
08Ago11,6.12
09Ago11,6.12
10Ago11,6.07
11Ago11,6.02
12Ago11,5.99
15Ago11,5.98
16Ago11,5.98
17Ago11,5.95
18Ago11,5.90
19Ago11,5.87
22Ago11,5.80
23Ago11,5.72
24Ago11,5.65
25Ago11,5.61
26Ago11,5.64
29Ago11,n.d.
30Ago11,n.d.
31Ago11,5.53
01Set11,5.54
02Set11,5.51
05Set11,5.45
06Set11,5.41
07Set11,5.40
08Set11,5.41
09Set11,5.38
12Set11,5.42
13Set11,5.46
14Set11,5.50
15Set11,5.55
16Set11,5.64
19Set11,5.68
20Set11,5.68
21Set11,5.73
22Set11,5.93
23Set11,5.83
26Set11,5.80
27Set11,5.75
28Set11,5.87
29Set11,5.86
30Set11,5.86
03Oct11,5.93
04Oct11,5.88
05Oct11,5.86
06Oct11,5.78
07Oct11,5.75
10Oct11,5.73
11Oct11,5.73
12Oct11,5.71
13Oct11,5.65
14Oct11,5.63
17Oct11,5.70
18Oct11,5.72
19Oct11,5.69
20Oct11,5.70
21Oct11,5.68
24Oct11,5.70
25Oct11,5.71
26Oct11,5.74
27Oct11,5.61
28Oct11,5.60
31Oct11,n.d.
01Nov11,n.d.
02Nov11,5.62
03Nov11,5.66
04Nov11,5.66
07Nov11,5.67
08Nov11,5.65
09Nov11,5.68
10Nov11,5.66
11Nov11,5.62
14Nov11,5.60
15Nov11,5.63
16Nov11,5.63
17Nov11,5.62
18Nov11,5.61
21Nov11,5.68
22Nov11,5.70
23Nov11,5.73
24Nov11,5.75
25Nov11,5.74
28Nov11,5.72
29Nov11,5.72
30Nov11,5.67
01Dic11,5.62
02Dic11,5.62
05Dic11,5.65
06Dic11,5.66
07Dic11,5.65
08Dic11,n.d.
09Dic11,5.64
12Dic11,5.72
13Dic11,5.73
14Dic11,5.74
15Dic11,5.73
16Dic11,5.69
19Dic11,5.70
20Dic11,5.70
21Dic11,5.70
22Dic11,5.72
23Dic11,n.d.
26Dic11,5.77
27Dic11,5.72
28Dic11,5.72
29Dic11,5.74
30Dic11,n.d.
02Ene12,5.71
03Ene12,5.67
04Ene12,5.69
05Ene12,5.66
06Ene12,5.65
09Ene12,5.66
10Ene12,5.65
11Ene12,5.68
12Ene12,5.70
13Ene12,5.73
16Ene12,5.72
17Ene12,5.72
18Ene12,5.72
19Ene12,5.70
20Ene12,5.69
23Ene12,5.69
24Ene12,5.68
25Ene12,5.74
26Ene12,5.69
27Ene12,5.66
30Ene12,5.67
31Ene12,5.65
01Feb12,5.62
02Feb12,5.60
03Feb12,5.58
06Feb12,5.62
07Feb12,5.65
08Feb12,5.62
09Feb12,5.60
10Feb12,5.57
13Feb12,5.54
14Feb12,5.58
15Feb12,5.57
16Feb12,5.57
17Feb12,5.54
20Feb12,5.53
21Feb12,5.53
22Feb12,5.51
23Feb12,5.51
24Feb12,5.48
27Feb12,5.47
28Feb12,5.47
29Feb12,5.44
01Mar12,5.45
02Mar12,5.44
05Mar12,5.44
06Mar12,5.43
07Mar12,5.45
08Mar12,5.46
09Mar12,5.39
12Mar12,5.33
13Mar12,5.32
14Mar12,5.38
15Mar12,5.40
16Mar12,5.39
19Mar12,5.36
20Mar12,5.39
21Mar12,5.37
22Mar12,5.39
23Mar12,5.43
26Mar12,5.48
27Mar12,5.43
28Mar12,5.40
29Mar12,5.43
30Mar12,5.40
02Abr12,5.43
03Abr12,5.43
04Abr12,5.44
05Abr12,n.d.
06Abr12,n.d.
09Abr12,5.42
10Abr12,5.41
11Abr12,5.40
12Abr12,5.41
13Abr12,5.37
16Abr12,5.32
17Abr12,5.25
18Abr12,5.28
19Abr12,5.28
20Abr12,5.27
23Abr12,5.26
24Abr12,5.23
25Abr12,5.20
26Abr12,5.16
27Abr12,5.14
30Abr12,n.d.
01May12,n.d.
02May12,5.03
03May12,4.99
04May12,4.96
07May12,4.98
08May12,5.04
09May12,5.09
10May12,5.09
11May12,5.10
14May12,5.15
15May12,5.13
16May12,5.14
17May12,5.15
18May12,5.17
21May12,5.20
22May12,5.22
23May12,5.28
24May12,5.34
25May12,5.34
28May12,5.30
29May12,5.24
30May12,5.31
31May12,5.30
01Jun12,5.30
04Jun12,5.25
05Jun12,5.22
06Jun12,5.14
07Jun12,5.08
08Jun12,5.12
11Jun12,5.16
12Jun12,5.18
13Jun12,5.14
14Jun12,5.13
15Jun12,5.08
18Jun12,5.03
19Jun12,5.03
20Jun12,5.04
21Jun12,5.04
22Jun12,5.19
25Jun12,5.19
26Jun12,5.20
27Jun12,5.16
28Jun12,5.18
29Jun12,n.d.
02Jul12,5.14
03Jul12,5.15
04Jul12,5.23
05Jul12,5.13
06Jul12,5.17
09Jul12,5.17
10Jul12,5.10
11Jul12,5.03
12Jul12,4.86
13Jul12,4.86
16Jul12,4.78
17Jul12,4.98
18Jul12,4.91
19Jul12,4.80
20Jul12,4.75
23Jul12,4.95
24Jul12,n.d.
25Jul12,4.82
26Jul12,4.82
27Jul12,n.d.
30Jul12,4.94
31Jul12,5.88
01Ago12,5.88
02Ago12,4.65
03Ago12,4.85
06Ago12,4.80
07Ago12,4.84
08Ago12,4.85
09Ago12,4.79
10Ago12,4.78
13Ago12,4.78
14Ago12,4.82
15Ago12,4.81
16Ago12,4.83
17Ago12,4.80
20Ago12,4.83
21Ago12,4.83
22Ago12,4.81
23Ago12,4.83
24Ago12,4.80
27Ago12,4.79
28Ago12,4.78
29Ago12,4.80
30Ago12,n.d.
31Ago12,n.d.
03Set12,4.83
04Set12,4.78
05Set12,4.78
06Set12,4.78
07Set12,4.80
10Set12,4.75
11Set12,4.75
12Set12,4.75
13Set12,4.69
14Set12,4.68
17Set12,4.68
18Set12,4.61
19Set12,4.56
20Set12,4.53
21Set12,4.59
24Set12,4.58
25Set12,4.61
26Set12,4.61
27Set12,4.61
28Set12,4.57
01Oct12,n.d.
02Oct12,n.d.
03Oct12,4.62
04Oct12,4.62
05Oct12,4.62
08Oct12,n.d.
09Oct12,4.61
10Oct12,4.62
11Oct12,4.60
12Oct12,4.65
15Oct12,4.65
16Oct12,4.53
17Oct12,4.52
18Oct12,4.51
19Oct12,4.45
22Oct12,4.50
23Oct12,4.47
24Oct12,4.47
25Oct12,4.50
26Oct12,4.56
29Oct12,4.56
30Oct12,4.51
31Oct12,4.51
01Nov12,n.d.
02Nov12,n.d.
05Nov12,4.51
06Nov12,4.52
07Nov12,4.48
08Nov12,4.50
09Nov12,4.55
12Nov12,4.55
13Nov12,4.51
14Nov12,4.50
15Nov12,4.45
16Nov12,4.45
19Nov12,4.51
20Nov12,4.44
21Nov12,4.45
22Nov12,4.46
23Nov12,4.44
26Nov12,4.40
27Nov12,4.39
28Nov12,4.40
29Nov12,4.37
30Nov12,4.31
03Dic12,4.27
04Dic12,4.23
05Dic12,4.21
06Dic12,4.18
07Dic12,4.20
10Dic12,4.23
11Dic12,4.19
12Dic12,4.15
13Dic12,4.13
14Dic12,4.13
17Dic12,4.12
18Dic12,4.13
19Dic12,4.13
20Dic12,4.12
21Dic12,4.17
24Dic12,n.d.
25Dic12,n.d.
26Dic12,4.11
27Dic12,4.10
28Dic12,n.d.
31Dic12,n.d.
01Ene13,n.d.
02Ene13,4.09
03Ene13,4.10
04Ene13,4.13
07Ene13,4.10
08Ene13,4.13
09Ene13,4.10
10Ene13,4.05
11Ene13,4.03
14Ene13,4.02
15Ene13,3.98
16Ene13,4.00
17Ene13,4.04
18Ene13,4.01
21Ene13,4.00
22Ene13,4.01
23Ene13,4.02
24Ene13,4.02
25Ene13,4.16
28Ene13,4.15
29Ene13,4.12
30Ene13,4.14
31Ene13,4.09
01Feb13,4.05
04Feb13,4.09
05Feb13,4.11
06Feb13,4.12
07Feb13,4.11
08Feb13,4.12
11Feb13,n.d.
12Feb13,4.13
13Feb13,4.17
14Feb13,4.20
15Feb13,4.12
18Feb13,4.16
19Feb13,4.13
20Feb13,4.18
21Feb13,4.14
22Feb13,4.15
25Feb13,4.19
26Feb13,4.30
27Feb13,4.23
28Feb13,4.18
01Mar13,4.13
04Mar13,4.15
05Mar13,4.14
06Mar13,4.15
07Mar13,4.15
08Mar13,4.16
11Mar13,4.16
12Mar13,4.18
13Mar13,4.15
14Mar13,4.15
15Mar13,4.13
18Mar13,4.12
19Mar13,4.15
20Mar13,4.16
21Mar13,4.15
22Mar13,4.16
25Mar13,4.17
26Mar13,4.15
27Mar13,4.13
28Mar13,n.d.
29Mar13,n.d.
01Abr13,4.13
02Abr13,4.12
03Abr13,4.12
04Abr13,4.12
05Abr13,4.09
08Abr13,4.08
09Abr13,4.08
10Abr13,4.06
11Abr13,4.05
12Abr13,4.05
15Abr13,4.03
16Abr13,4.04
17Abr13,4.01
18Abr13,3.98
19Abr13,3.94
22Abr13,3.96
23Abr13,3.97
24Abr13,3.99
25Abr13,4.07
26Abr13,4.10
29Abr13,4.14
30Abr13,4.11
01May13,n.d.
02May13,4.10
03May13,4.07
06May13,4.06
07May13,4.07
08May13,4.03
09May13,4.03
10May13,4.07
13May13,4.07
14May13,4.05
15May13,4.01
16May13,3.99
17May13,4.02
20May13,4.07
21May13,4.11
22May13,4.15
23May13,4.32
24May13,4.38
27May13,4.45
28May13,4.38
29May13,4.45
30May13,4.75
31May13,4.81
03Jun13,4.80
04Jun13,4.89
05Jun13,4.97
06Jun13,5.27
07Jun13,4.97
10Jun13,5.28
11Jun13,5.36
12Jun13,5.38
13Jun13,5.26
14Jun13,5.12
17Jun13,5.14
18Jun13,5.26
19Jun13,5.20
20Jun13,5.60
21Jun13,5.73
24Jun13,5.91
25Jun13,5.76
26Jun13,5.62
27Jun13,5.56
28Jun13,n.d.
01Jul13,5.49
02Jul13,5.48
03Jul13,5.47
04Jul13,5.40
05Jul13,5.52
08Jul13,5.38
09Jul13,5.21
10Jul13,5.21
11Jul13,5.18
12Jul13,5.18
15Jul13,5.20
16Jul13,5.24
17Jul13,5.15
18Jul13,5.17
19Jul13,5.26
22Jul13,5.19
23Jul13,5.09
24Jul13,5.13
25Jul13,5.15
26Jul13,5.16
29Jul13,n.d.
30Jul13,n.d.
31Jul13,5.20
01Ago13,5.18
02Ago13,5.18
05Ago13,5.14
06Ago13,5.14
07Ago13,5.22
08Ago13,5.26
09Ago13,5.20
12Ago13,5.29
13Ago13,5.20
14Ago13,5.31
15Ago13,5.40
16Ago13,5.52
19Ago13,5.60
20Ago13,5.55
21Ago13,5.75
22Ago13,5.70
23Ago13,5.70
26Ago13,5.70
27Ago13,5.83
28Ago13,5.88
29Ago13,5.98
30Ago13,n.d.
02Set13,6.01
03Set13,6.01
04Set13,6.01
05Set13,6.08
06Set13,6.00
09Set13,5.98
10Set13,6.02
11Set13,5.97
12Set13,5.69
13Set13,5.60
16Set13,5.39
17Set13,5.39
18Set13,5.42
19Set13,5.16
20Set13,5.12
23Set13,5.13
24Set13,5.23
25Set13,5.25
26Set13,5.30
27Set13,5.37
30Set13,5.48
01Oct13,5.25
02Oct13,5.36
03Oct13,5.30
04Oct13,5.40
07Oct13,5.38
08Oct13,n.d.
09Oct13,5.78
10Oct13,5.51
11Oct13,5.45
14Oct13,5.45
15Oct13,5.42
16Oct13,5.36
17Oct13,5.26
18Oct13,5.29
21Oct13,5.32
22Oct13,5.24
23Oct13,5.17
24Oct13,5.13
25Oct13,5.10
28Oct13,5.07
29Oct13,5.19
30Oct13,5.18
31Oct13,5.37
01Nov13,n.d.
04Nov13,5.37
05Nov13,5.44
06Nov13,5.41
07Nov13,5.41
08Nov13,5.56
11Nov13,5.56
12Nov13,5.54
13Nov13,5.46
14Nov13,5.45
15Nov13,5.44
18Nov13,5.44
19Nov13,5.46
20Nov13,5.45
21Nov13,5.50
22Nov13,5.49
25Nov13,5.50
26Nov13,5.49
27Nov13,5.47
28Nov13,5.47
29Nov13,5.43
02Dic13,5.47
03Dic13,5.55
04Dic13,5.58
05Dic13,5.58
06Dic13,5.56
09Dic13,5.63
10Dic13,5.66
11Dic13,5.61
12Dic13,5.66
13Dic13,5.67
16Dic13,5.71
17Dic13,5.63
18Dic13,5.67
19Dic13,5.67
20Dic13,5.66
23Dic13,5.53
24Dic13,5.53
25Dic13,n.d.
26Dic13,5.60
27Dic13,5.54
30Dic13,5.60
31Dic13,n.d.
01Ene14,n.d.
02Ene14,5.49
03Ene14,5.50
06Ene14,5.55
07Ene14,5.58
08Ene14,5.65
09Ene14,5.55
10Ene14,5.52
13Ene14,5.55
14Ene14,5.58
15Ene14,5.63
16Ene14,5.62
17Ene14,5.61
20Ene14,5.68
21Ene14,5.63
22Ene14,5.67
23Ene14,5.60
24Ene14,5.80
27Ene14,5.96
28Ene14,6.12
29Ene14,6.21
30Ene14,6.12
31Ene14,6.22
03Feb14,6.40
04Feb14,6.37
05Feb14,6.39
06Feb14,6.36
07Feb14,6.35
10Feb14,6.38
11Feb14,6.41
12Feb14,6.37
13Feb14,6.44
14Feb14,6.50
17Feb14,6.40
18Feb14,6.38
19Feb14,6.38
20Feb14,6.52
21Feb14,6.68
24Feb14,6.67
25Feb14,6.56
26Feb14,6.46
27Feb14,6.34
28Feb14,6.15
03Mar14,6.20
04Mar14,6.20
05Mar14,6.18
06Mar14,6.15
07Mar14,6.22
10Mar14,6.27
11Mar14,6.24
12Mar14,6.25
13Mar14,6.26
14Mar14,6.21
17Mar14,6.20
18Mar14,6.17
19Mar14,6.07
20Mar14,6.20
21Mar14,6.14
24Mar14,6.24
25Mar14,6.14
26Mar14,6.09
27Mar14,6.02
28Mar14,6.02
31Mar14,5.99
01Abr14,6.05
02Abr14,6.06
03Abr14,6.07
04Abr14,6.05
07Abr14,5.98
08Abr14,5.91
09Abr14,5.88
10Abr14,5.87
11Abr14,5.94
14Abr14,5.94
15Abr14,5.96
16Abr14,6.01
17Abr14,n.d.
18Abr14,n.d.
21Abr14,6.01
22Abr14,5.64
23Abr14,5.92
24Abr14,5.95
25Abr14,5.89
28Abr14,5.99
29Abr14,5.99
30Abr14,5.91
01May14,n.d.
02May14,5.81
05May14,5.82
06May14,5.80
07May14,5.75
08May14,5.78
09May14,5.76
12May14,5.77
13May14,5.66
14May14,5.66
15May14,5.64
16May14,5.61
19May14,5.62
20May14,5.64
21May14,5.59
22May14,5.54
23May14,5.53
26May14,5.61
27May14,5.56
28May14,5.48
29May14,5.43
30May14,5.40
02Jun14,5.40
03Jun14,5.41
04Jun14,5.50
05Jun14,5.46
06Jun14,5.41
09Jun14,5.38
10Jun14,5.40
11Jun14,5.35
12Jun14,5.29
13Jun14,5.30
16Jun14,5.31
17Jun14,5.37
18Jun14,5.38
19Jun14,5.32
20Jun14,5.39
23Jun14,5.37
24Jun14,5.39
25Jun14,5.38
26Jun14,5.33
27Jun14,5.40
30Jun14,5.28
01Jul14,5.26
02Jul14,5.34
03Jul14,5.28
04Jul14,5.26
07Jul14,5.25
08Jul14,5.24
09Jul14,5.28
10Jul14,5.24
11Jul14,5.17
14Jul14,5.12
15Jul14,5.07
16Jul14,5.05
17Jul14,5.11
18Jul14,5.12
21Jul14,5.09
22Jul14,5.11
23Jul14,5.11
24Jul14,5.12
25Jul14,5.10
28Jul14,n.d.
29Jul14,n.d.
30Jul14,5.19
31Jul14,5.20
01Ago14,5.21
04Ago14,5.22
05Ago14,5.22
06Ago14,5.17
07Ago14,5.18
08Ago14,5.25
11Ago14,5.24
12Ago14,5.23
13Ago14,5.21
14Ago14,5.17
15Ago14,5.15
18Ago14,5.18
19Ago14,5.14
20Ago14,5.20
21Ago14,5.20
22Ago14,5.20
25Ago14,5.19
26Ago14,5.17
27Ago14,5.20
28Ago14,5.21
29Ago14,5.22
01Set14,5.18
02Set14,5.19
03Set14,5.18
04Set14,5.17
05Set14,5.16
08Set14,5.13
09Set14,5.17
10Set14,5.19
11Set14,5.20
12Set14,5.28
15Set14,5.35
16Set14,5.32
17Set14,5.32
18Set14,5.40
19Set14,5.38
22Set14,5.39
23Set14,5.46
24Set14,5.49
25Set14,5.57
26Set14,5.60
29Set14,5.64
30Set14,5.61
01Oct14,5.57
02Oct14,5.56
03Oct14,5.54
06Oct14,5.46
07Oct14,5.39
08Oct14,n.d.
09Oct14,5.28
10Oct14,5.34
13Oct14,5.34
14Oct14,5.32
15Oct14,5.27
16Oct14,5.30
17Oct14,5.25
20Oct14,5.28
21Oct14,5.25
22Oct14,5.24
23Oct14,5.35
24Oct14,5.34
27Oct14,5.34
28Oct14,5.36
29Oct14,5.35
30Oct14,5.46
31Oct14,5.33
03Nov14,5.43
04Nov14,5.47
05Nov14,5.55
06Nov14,5.55
07Nov14,5.48
10Nov14,5.46
11Nov14,5.47
12Nov14,5.48
13Nov14,5.51
14Nov14,5.47
17Nov14,5.43
18Nov14,5.42
19Nov14,5.46
20Nov14,5.45
21Nov14,5.43
24Nov14,5.43
25Nov14,5.36
26Nov14,5.30
27Nov14,5.33
28Nov14,5.31
01Dic14,5.21
02Dic14,5.24
03Dic14,5.24
04Dic14,5.26
05Dic14,5.28
08Dic14,n.d.
09Dic14,5.27
10Dic14,5.29
11Dic14,5.40
12Dic14,5.39
15Dic14,5.43
16Dic14,5.49
17Dic14,5.41
18Dic14,5.37
19Dic14,5.39
22Dic14,5.38
23Dic14,5.39
24Dic14,5.40
25Dic14,n.d.
26Dic14,5.44
29Dic14,5.40
30Dic14,5.43
31Dic14,5.44
01Ene15,n.d.
02Ene15,n.d.
05Ene15,5.45
06Ene15,5.40
07Ene15,5.41
08Ene15,5.43
09Ene15,5.45
12Ene15,5.47
13Ene15,5.47
14Ene15,5.41
15Ene15,5.44
16Ene15,5.22
19Ene15,5.22
20Ene15,5.19
21Ene15,5.25
22Ene15,5.25
23Ene15,5.17
26Ene15,5.19
27Ene15,5.08
28Ene15,5.12
29Ene15,5.17
30Ene15,5.15
02Feb15,5.20
03Feb15,5.18
04Feb15,5.19
05Feb15,5.23
06Feb15,5.27
09Feb15,5.31
10Feb15,5.27
11Feb15,5.25
12Feb15,5.24
13Feb15,5.26
16Feb15,5.17
17Feb15,5.28
18Feb15,5.36
19Feb15,5.40
20Feb15,5.38
23Feb15,5.38
24Feb15,5.36
25Feb15,5.35
26Feb15,5.34
27Feb15,5.29
02Mar15,5.31
03Mar15,5.35
04Mar15,5.40
05Mar15,5.39
06Mar15,5.39
09Mar15,5.39
10Mar15,5.39
11Mar15,5.39
12Mar15,5.50
13Mar15,5.61
16Mar15,5.70
17Mar15,5.65
18Mar15,5.63
19Mar15,5.67
20Mar15,5.62
23Mar15,5.61
24Mar15,5.61
25Mar15,5.57
26Mar15,5.63
27Mar15,5.63
30Mar15,5.57
31Mar15,5.57
01Abr15,5.52
02Abr15,5.39
03Abr15,5.56
06Abr15,5.39
07Abr15,5.45
08Abr15,5.43
09Abr15,5.45
10Abr15,5.46
13Abr15,5.49
14Abr15,5.47
15Abr15,5.50
16Abr15,5.55
17Abr15,5.53
20Abr15,5.56
21Abr15,5.59
22Abr15,5.60
23Abr15,5.63
24Abr15,5.64
27Abr15,5.65
28Abr15,5.63
29Abr15,5.67
30Abr15,5.68
01May15,n.d.
04May15,5.80
05May15,5.85
06May15,5.90
07May15,5.90
08May15,5.84
11May15,5.90
12May15,5.89
13May15,5.92
14May15,5.92
15May15,5.87
18May15,5.90
19May15,5.91
20May15,5.94
21May15,5.93
22May15,5.93
25May15,5.92
26May15,5.94
27May15,5.93
28May15,5.93
29May15,5.92
01Jun15,5.96
02Jun15,6.02
03Jun15,6.10
04Jun15,6.05
05Jun15,6.05
08Jun15,6.09
09Jun15,6.20
10Jun15,6.17
11Jun15,6.17
12Jun15,6.14
15Jun15,6.15
16Jun15,6.17
17Jun15,6.19
18Jun15,6.20
19Jun15,6.16
22Jun15,6.22
23Jun15,6.19
24Jun15,6.28
25Jun15,6.32
26Jun15,6.35
29Jun15,n.d.
30Jun15,6.43
01Jul15,6.46
02Jul15,6.51
03Jul15,6.51
06Jul15,6.50
07Jul15,6.54
08Jul15,6.53
09Jul15,6.54
10Jul15,6.56
13Jul15,6.56
14Jul15,6.51
15Jul15,6.54
16Jul15,6.53
17Jul15,6.42
20Jul15,6.40
21Jul15,6.41
22Jul15,6.33
23Jul15,6.32
24Jul15,6.37
27Jul15,n.d.
28Jul15,n.d.
29Jul15,n.d.
30Jul15,6.45
31Jul15,6.44
03Ago15,6.45
04Ago15,6.43
05Ago15,6.43
06Ago15,6.45
07Ago15,6.44
10Ago15,6.47
11Ago15,6.47
12Ago15,6.48
13Ago15,6.53
14Ago15,6.57
17Ago15,6.63
18Ago15,6.74
19Ago15,6.63
20Ago15,6.67
21Ago15,6.74
24Ago15,6.88
25Ago15,6.81
26Ago15,6.98
27Ago15,6.99
28Ago15,7.07
31Ago15,7.06
01Set15,7.17
02Set15,7.16
03Set15,7.28
04Set15,7.22
07Set15,7.16
08Set15,7.29
09Set15,7.30
10Set15,7.30
11Set15,7.38
14Set15,7.34
15Set15,7.35
16Set15,7.29
17Set15,7.27
18Set15,7.08
21Set15,7.11
22Set15,7.15
23Set15,7.21
24Set15,7.21
25Set15,7.23
28Set15,7.24
29Set15,7.27
30Set15,7.17
01Oct15,7.17
02Oct15,7.16
05Oct15,7.21
06Oct15,7.15
07Oct15,7.17
08Oct15,7.22
09Oct15,7.22
12Oct15,7.17
13Oct15,7.17
14Oct15,7.13
15Oct15,7.06
16Oct15,7.00
19Oct15,7.22
20Oct15,6.94
21Oct15,6.90
22Oct15,6.86
23Oct15,6.76
26Oct15,6.78
27Oct15,6.69
28Oct15,6.81
29Oct15,6.75
30Oct15,6.70
02Nov15,6.81
03Nov15,6.71
04Nov15,6.79
05Nov15,6.85
06Nov15,6.85
09Nov15,6.89
10Nov15,6.83
11Nov15,6.81
12Nov15,6.75
13Nov15,6.85
16Nov15,6.85
17Nov15,6.61
18Nov15,6.62
19Nov15,6.64
20Nov15,6.64
23Nov15,6.49
24Nov15,6.48
25Nov15,6.52
26Nov15,6.54
27Nov15,6.53
30Nov15,6.50
01Dic15,6.57
02Dic15,6.55
03Dic15,6.55
04Dic15,6.55
07Dic15,6.57
08Dic15,n.d.
09Dic15,6.57
10Dic15,6.60
11Dic15,6.52
14Dic15,6.68
15Dic15,6.68
16Dic15,6.80
17Dic15,6.79
18Dic15,6.76
21Dic15,6.79
22Dic15,6.78
23Dic15,6.79
24Dic15,6.80
25Dic15,6.80
28Dic15,6.80
29Dic15,6.85
30Dic15,6.95
31Dic15,6.85
01Ene16,n.d.
04Ene16,7.01
05Ene16,6.88
06Ene16,6.90
07Ene16,6.93
08Ene16,7.00
11Ene16,7.00
12Ene16,7.05
13Ene16,7.05
14Ene16,7.01
15Ene16,7.01
18Ene16,7.05
19Ene16,7.06
20Ene16,7.06
21Ene16,7.06
22Ene16,7.09
25Ene16,7.10
26Ene16,7.14
27Ene16,7.17
28Ene16,7.25
29Ene16,6.58
01Feb16,7.29
02Feb16,7.20
03Feb16,7.15
04Feb16,7.07
05Feb16,7.00
08Feb16,7.05
09Feb16,7.08
10Feb16,7.11
11Feb16,7.16
12Feb16,7.65
15Feb16,7.48
16Feb16,7.49
17Feb16,7.51
18Feb16,7.51
19Feb16,7.49
22Feb16,7.51
23Feb16,7.48
24Feb16,7.52
25Feb16,7.55
26Feb16,7.51
29Feb16,7.46
01Mar16,7.47
02Mar16,7.41
03Mar16,7.39
04Mar16,7.31
07Mar16,7.30
08Mar16,7.27
09Mar16,7.20
10Mar16,7.18
11Mar16,7.10
14Mar16,7.14
15Mar16,7.14
16Mar16,7.11
17Mar16,6.95
18Mar16,6.94
21Mar16,7.02
22Mar16,7.06
23Mar16,7.03
24Mar16,n.d.
25Mar16,n.d.
28Mar16,7.09
29Mar16,7.01
30Mar16,6.95
31Mar16,6.85
01Abr16,6.90
04Abr16,6.95
05Abr16,7.05
06Abr16,7.00
07Abr16,7.02
08Abr16,6.94
11Abr16,6.57
12Abr16,6.60
13Abr16,6.60
14Abr16,6.52
15Abr16,6.53
18Abr16,6.43
19Abr16,6.19
20Abr16,6.21
21Abr16,6.23
22Abr16,6.36
25Abr16,6.35
26Abr16,6.32
27Abr16,6.23
28Abr16,6.22
29Abr16,6.22
02May16,6.22
03May16,6.29
04May16,6.40
05May16,6.40
06May16,6.40
09May16,6.27
10May16,6.22
11May16,6.19
12May16,6.22
13May16,6.19
16May16,6.13
17May16,6.10
18May16,6.10
19May16,6.12
20May16,6.31
23May16,6.30
24May16,6.29
25May16,6.32
26May16,6.36
27May16,6.37
30May16,6.37
31May16,6.29
01Jun16,6.33
02Jun16,6.19
03Jun16,6.08
06Jun16,6.09
07Jun16,6.04
08Jun16,6.01
09Jun16,6.07
10Jun16,6.10
13Jun16,6.08
14Jun16,6.12
15Jun16,6.11
16Jun16,6.16
17Jun16,6.09
20Jun16,6.08
21Jun16,6.09
22Jun16,6.09
23Jun16,6.04
24Jun16,6.11
27Jun16,6.04
28Jun16,6.00
29Jun16,6.11
30Jun16,5.83
01Jul16,5.70
04Jul16,6.11
05Jul16,5.75
06Jul16,5.77
07Jul16,5.79
08Jul16,5.74
11Jul16,5.74
12Jul16,5.76
13Jul16,5.77
14Jul16,5.73
15Jul16,5.70
18Jul16,5.75
19Jul16,5.70
20Jul16,5.74
21Jul16,5.69
22Jul16,5.71
25Jul16,5.73
26Jul16,5.74
27Jul16,5.76
28Jul16,5.75
29Jul16,5.75
01Ago16,5.68
02Ago16,5.66
03Ago16,5.75
04Ago16,5.60
05Ago16,5.60
08Ago16,5.62
09Ago16,5.65
10Ago16,5.64
11Ago16,5.65
12Ago16,5.64
15Ago16,5.60
16Ago16,5.57
17Ago16,5.60
18Ago16,5.60
19Ago16,5.58
22Ago16,5.60
23Ago16,5.61
24Ago16,5.58
25Ago16,5.63
26Ago16,5.64
29Ago16,5.67
30Ago16,5.67
31Ago16,5.79
01Set16,5.85
02Set16,5.85
05Set16,5.85
06Set16,5.80
07Set16,5.67
08Set16,5.64
09Set16,5.75
12Set16,5.80
13Set16,5.82
14Set16,5.85
15Set16,5.84
16Set16,5.84
19Set16,5.87
20Set16,5.86
21Set16,5.79
22Set16,5.77
23Set16,5.82
26Set16,5.82
27Set16,5.79
28Set16,5.77
29Set16,5.69
30Set16,5.72
03Oct16,5.71
04Oct16,5.70
05Oct16,5.68
06Oct16,5.73
07Oct16,5.74
10Oct16,5.73
11Oct16,5.70
12Oct16,5.71
13Oct16,5.71
14Oct16,5.68
17Oct16,5.73
18Oct16,5.75
19Oct16,5.74
20Oct16,5.70
21Oct16,5.70
24Oct16,5.89
25Oct16,5.89
26Oct16,5.90
27Oct16,5.94
28Oct16,5.94
31Oct16,5.92
01Nov16,5.95
02Nov16,5.90
03Nov16,5.89
04Nov16,5.88
07Nov16,5.88
08Nov16,5.87
09Nov16,5.91
10Nov16,6.29
11Nov16,6.37
14Nov16,6.65
15Nov16,6.67
16Nov16,6.64
17Nov16,6.61
18Nov16,6.61
21Nov16,6.49
22Nov16,6.43
23Nov16,6.47
24Nov16,6.54
25Nov16,6.46
28Nov16,6.43
29Nov16,6.43
30Nov16,6.44
01Dic16,6.48
02Dic16,6.46
05Dic16,6.43
06Dic16,6.41
07Dic16,6.39
08Dic16,n.d.
09Dic16,6.39
12Dic16,6.38
13Dic16,6.39
14Dic16,6.38
15Dic16,6.50
16Dic16,6.50
19Dic16,6.45
20Dic16,6.47
21Dic16,6.45
22Dic16,6.46
23Dic16,6.46
26Dic16,6.43
27Dic16,6.45
28Dic16,6.48
29Dic16,6.49
30Dic16,6.53
02Ene17,6.60
03Ene17,6.53
04Ene17,6.57
05Ene17,6.50
06Ene17,6.47
09Ene17,6.44
10Ene17,6.43
11Ene17,6.41
12Ene17,6.30
13Ene17,6.30
16Ene17,6.34
17Ene17,6.27
18Ene17,6.34
19Ene17,6.33
20Ene17,6.30
23Ene17,6.23
24Ene17,6.24
25Ene17,6.26
26Ene17,6.24
27Ene17,6.24
30Ene17,6.20
31Ene17,6.18
01Feb17,6.18
02Feb17,6.22
03Feb17,6.25
06Feb17,6.26
07Feb17,6.29
08Feb17,6.28
09Feb17,6.27
10Feb17,6.25
13Feb17,6.29
14Feb17,6.27
15Feb17,6.26
16Feb17,6.27
17Feb17,6.28
20Feb17,6.30
21Feb17,6.29
22Feb17,6.26
23Feb17,6.25
24Feb17,6.23
27Feb17,6.25
28Feb17,6.26
01Mar17,6.27
02Mar17,6.26
03Mar17,6.25
06Mar17,6.23
07Mar17,6.24
08Mar17,6.25
09Mar17,6.27
10Mar17,6.26
13Mar17,6.24
14Mar17,6.23
15Mar17,6.19
16Mar17,6.09
17Mar17,6.08
20Mar17,6.07
21Mar17,6.00
22Mar17,6.00
23Mar17,6.00
24Mar17,5.96
27Mar17,5.90
28Mar17,5.85
29Mar17,5.86
30Mar17,5.87
31Mar17,5.87
03Abr17,5.87
04Abr17,5.92
05Abr17,5.91
06Abr17,5.90
07Abr17,5.78
10Abr17,5.89
11Abr17,5.91
12Abr17,5.92
13Abr17,n.d.
14Abr17,n.d.
17Abr17,5.88
18Abr17,5.86
19Abr17,5.87
20Abr17,5.88
21Abr17,5.87
24Abr17,5.87
25Abr17,5.86
26Abr17,5.88
27Abr17,5.84
28Abr17,5.76
01May17,n.d.
02May17,5.68
03May17,5.68
04May17,5.70
05May17,5.71
08May17,5.79
09May17,5.78
10May17,5.74
11May17,5.73
12May17,5.72
15May17,5.72
16May17,5.69
17May17,5.70
18May17,5.71
19May17,5.70
22May17,5.72
23May17,5.74
24May17,5.74
25May17,5.72
26May17,5.71
29May17,5.74
30May17,5.71
31May17,5.66
01Jun17,5.63
02Jun17,5.60
05Jun17,5.62
06Jun17,5.62
07Jun17,5.63
08Jun17,5.61
09Jun17,5.62
12Jun17,5.63
13Jun17,5.64
14Jun17,5.58
15Jun17,5.56
16Jun17,5.54
19Jun17,5.53
20Jun17,5.53
21Jun17,5.55
22Jun17,5.54
23Jun17,5.54
26Jun17,5.54
27Jun17,5.54
28Jun17,5.53
29Jun17,n.d.
30Jun17,n.d.
03Jul17,5.61
04Jul17,5.62
05Jul17,5.69
06Jul17,5.73
07Jul17,5.84
10Jul17,5.86
11Jul17,5.80
12Jul17,5.69
13Jul17,5.67
14Jul17,5.66
17Jul17,5.64
18Jul17,5.65
19Jul17,5.65
20Jul17,5.60
21Jul17,5.58
24Jul17,5.58
25Jul17,5.58
26Jul17,5.56
27Jul17,n.d.
28Jul17,n.d.
31Jul17,5.52
01Ago17,5.52
02Ago17,5.48
03Ago17,5.46
04Ago17,5.46
07Ago17,5.46
08Ago17,5.45
09Ago17,5.53
10Ago17,5.47
11Ago17,5.47
14Ago17,5.45
15Ago17,5.48
16Ago17,5.49
17Ago17,5.48
18Ago17,5.47
21Ago17,5.51
22Ago17,5.46
23Ago17,5.46
24Ago17,5.45
25Ago17,5.43
28Ago17,5.41
29Ago17,5.40
30Ago17,5.42
31Ago17,5.42
01Set17,5.45
04Set17,5.49
05Set17,5.45
06Set17,5.45
07Set17,5.47
08Set17,5.45
11Set17,5.38
12Set17,5.38
13Set17,5.37
14Set17,5.39
15Set17,5.38
18Set17,5.29
19Set17,5.27
20Set17,5.26
21Set17,5.18
22Set17,5.19
25Set17,5.21
26Set17,5.24
27Set17,5.29
28Set17,5.30
29Set17,5.29
02Oct17,5.30
03Oct17,5.28
04Oct17,5.27
05Oct17,5.26
06Oct17,5.29
09Oct17,5.20
10Oct17,5.17
11Oct17,5.18
12Oct17,5.19
13Oct17,5.19
16Oct17,5.21
17Oct17,5.26
18Oct17,5.25
19Oct17,5.22
20Oct17,5.25
23Oct17,5.27
24Oct17,5.29
25Oct17,5.29
26Oct17,5.30
27Oct17,5.38
30Oct17,5.37
31Oct17,5.37
01Nov17,n.d.
02Nov17,5.33
03Nov17,5.33
06Nov17,5.26
07Nov17,5.24
08Nov17,5.23
09Nov17,5.27
10Nov17,5.22
13Nov17,5.23
14Nov17,5.28
15Nov17,5.35
16Nov17,5.37
17Nov17,5.34
20Nov17,5.36
21Nov17,5.36
22Nov17,5.35
23Nov17,5.34
24Nov17,5.31
27Nov17,5.30
28Nov17,5.27
29Nov17,5.28
30Nov17,5.28
01Dic17,5.25
04Dic17,5.27
05Dic17,5.29
06Dic17,5.26
07Dic17,5.25
08Dic17,n.d.
11Dic17,5.22
12Dic17,5.18
13Dic17,5.16
14Dic17,5.21
15Dic17,5.34
18Dic17,5.37
19Dic17,5.27
20Dic17,5.29
21Dic17,5.33
22Dic17,5.27
25Dic17,n.d.
26Dic17,5.24
27Dic17,5.19
28Dic17,5.17
29Dic17,5.18
01Ene18,n.d.
02Ene18,n.d.
03Ene18,5.13
04Ene18,4.98
05Ene18,4.92
08Ene18,4.97
09Ene18,5.01
10Ene18,5.04
11Ene18,4.94
12Ene18,4.81
15Ene18,4.72
16Ene18,4.70
17Ene18,4.75
18Ene18,4.72
19Ene18,4.71
22Ene18,4.74
23Ene18,4.73
24Ene18,4.72
25Ene18,4.71
26Ene18,4.72
29Ene18,4.74
30Ene18,4.72
31Ene18,4.70
01Feb18,4.67
02Feb18,4.68
05Feb18,4.70
06Feb18,4.72
07Feb18,4.71
08Feb18,4.75
09Feb18,4.82
12Feb18,4.80
13Feb18,4.80
14Feb18,4.80
15Feb18,4.81
16Feb18,4.81
19Feb18,4.87
20Feb18,4.85
21Feb18,4.84
22Feb18,4.86
23Feb18,4.86
26Feb18,4.87
27Feb18,4.84
28Feb18,4.83
01Mar18,4.81
02Mar18,4.80
05Mar18,4.79
06Mar18,4.78
07Mar18,4.80
08Mar18,4.80
09Mar18,4.80
12Mar18,4.84
13Mar18,4.89
14Mar18,4.86
15Mar18,4.92
16Mar18,4.98
19Mar18,4.96
20Mar18,4.90
21Mar18,4.89
22Mar18,4.79
23Mar18,4.81
26Mar18,4.84
27Mar18,4.83
28Mar18,4.81
29Mar18,n.d.
30Mar18,n.d.
02Abr18,4.83
03Abr18,4.82
04Abr18,4.83
05Abr18,4.82
06Abr18,4.88
09Abr18,4.91
10Abr18,4.93
11Abr18,4.98
12Abr18,4.98
13Abr18,n.d.
16Abr18,5.01
17Abr18,5.05
18Abr18,5.15
19Abr18,5.07
20Abr18,5.07
23Abr18,5.10
24Abr18,5.17
25Abr18,5.23
26Abr18,5.23
27Abr18,5.22
30Abr18,5.20
01May18,n.d.
02May18,5.21
03May18,5.22
04May18,5.25
07May18,5.29
08May18,5.35
09May18,5.38
10May18,5.31
11May18,5.27
14May18,5.24
15May18,5.32
16May18,5.36
17May18,5.51
18May18,5.63
21May18,5.79
22May18,5.72
23May18,5.67
24May18,5.63
25May18,5.64
28May18,5.63
29May18,5.67
30May18,5.65
31May18,5.65
01Jun18,5.69
04Jun18,5.66
05Jun18,5.64
06Jun18,5.60
07Jun18,5.63
08Jun18,5.64
11Jun18,5.62
12Jun18,5.65
13Jun18,5.65
14Jun18,5.65
15Jun18,5.72
18Jun18,5.76
19Jun18,5.74
20Jun18,5.75
21Jun18,5.71
22Jun18,5.68
25Jun18,5.68
26Jun18,5.64
27Jun18,5.58
28Jun18,5.56
29Jun18,n.d.
02Jul18,5.58
03Jul18,5.54
04Jul18,5.55
05Jul18,5.54
06Jul18,5.53
09Jul18,5.47
10Jul18,5.44
11Jul18,5.47
12Jul18,5.48
13Jul18,5.46
16Jul18,5.47
17Jul18,5.47
18Jul18,5.46
19Jul18,5.50
20Jul18,5.51
23Jul18,5.51
24Jul18,5.48
25Jul18,5.44
26Jul18,5.43
27Jul18,n.d.
30Jul18,5.43
31Jul18,5.43
01Ago18,5.42
02Ago18,5.39
03Ago18,5.35
06Ago18,5.34
07Ago18,5.36
08Ago18,5.37
09Ago18,5.38
10Ago18,5.40
13Ago18,5.43
14Ago18,5.43
15Ago18,5.48
16Ago18,5.49
17Ago18,5.54
20Ago18,5.50
21Ago18,5.47
22Ago18,5.43
23Ago18,5.44
24Ago18,5.42
27Ago18,5.41
28Ago18,5.43
29Ago18,5.45
30Ago18,n.d.
31Ago18,n.d.
03Set18,5.43
04Set18,5.44
05Set18,5.42
06Set18,5.46
07Set18,5.48
10Set18,5.48
11Set18,5.50
12Set18,5.50
13Set18,5.50
14Set18,5.48
17Set18,5.50
18Set18,5.51
19Set18,5.51
20Set18,5.54
21Set18,5.55
24Set18,5.60
25Set18,5.62
26Set18,5.62
27Set18,5.61
28Set18,5.60
01Oct18,5.58
02Oct18,5.57
03Oct18,5.62
04Oct18,5.68
05Oct18,5.68
08Oct18,n.d.
09Oct18,5.67
10Oct18,5.70
11Oct18,5.73
12Oct18,5.75
15Oct18,5.76
16Oct18,5.70
17Oct18,5.70
18Oct18,5.74
19Oct18,5.72
22Oct18,5.74
23Oct18,5.77
24Oct18,5.80
25Oct18,5.79
26Oct18,5.78
29Oct18,5.83
30Oct18,5.90
31Oct18,5.89
01Nov18,n.d.
02Nov18,n.d.
05Nov18,5.83
06Nov18,5.81
07Nov18,5.78
08Nov18,5.78
09Nov18,5.78
12Nov18,5.80
13Nov18,5.82
14Nov18,5.80
15Nov18,5.79
16Nov18,5.76
19Nov18,5.72
20Nov18,5.72
21Nov18,5.66
22Nov18,5.64
23Nov18,5.62
26Nov18,5.64
27Nov18,5.63
28Nov18,5.60
29Nov18,5.69
30Nov18,5.67
03Dic18,5.67
04Dic18,5.75
05Dic18,5.74
06Dic18,5.75
07Dic18,5.78
10Dic18,5.84
11Dic18,5.83
12Dic18,5.82
13Dic18,5.85
14Dic18,5.84
17Dic18,5.79
18Dic18,5.76
19Dic18,5.77
20Dic18,5.71
21Dic18,5.69
24Dic18,n.d.
25Dic18,n.d.
26Dic18,5.66
27Dic18,5.62
28Dic18,5.65
31Dic18,5.61
01Ene19,n.d.
02Ene19,5.62
03Ene19,5.62
04Ene19,5.61
07Ene19,5.61
08Ene19,5.60
09Ene19,5.56
10Ene19,5.55
11Ene19,5.55
14Ene19,5.57
15Ene19,5.57
16Ene19,5.59
17Ene19,5.60
18Ene19,5.57
21Ene19,5.58
22Ene19,5.58
23Ene19,5.61
24Ene19,5.64
25Ene19,5.60
28Ene19,5.60
29Ene19,5.60
30Ene19,5.62
31Ene19,5.48
01Feb19,5.50
04Feb19,5.49
05Feb19,5.47
06Feb19,5.47
07Feb19,5.47
08Feb19,5.47
11Feb19,5.48
12Feb19,5.51
13Feb19,5.54
14Feb19,5.54
15Feb19,5.51
18Feb19,5.50
19Feb19,5.50
20Feb19,5.50
21Feb19,5.52
22Feb19,5.48
25Feb19,5.48
26Feb19,5.50
27Feb19,5.48
28Feb19,5.48
01Mar19,5.49
04Mar19,5.47
05Mar19,5.46
06Mar19,5.46
07Mar19,5.43
08Mar19,5.41
11Mar19,5.39
12Mar19,5.30
13Mar19,5.29
14Mar19,5.26
15Mar19,5.20
18Mar19,5.24
19Mar19,5.25
20Mar19,5.26
21Mar19,5.16
22Mar19,5.19
25Mar19,5.18
26Mar19,5.19
27Mar19,5.17
28Mar19,5.24
29Mar19,5.24
01Abr19,5.21
02Abr19,5.21
03Abr19,5.20
04Abr19,5.18
05Abr19,5.18
08Abr19,5.17
09Abr19,5.18
10Abr19,5.18
11Abr19,5.20
12Abr19,5.27
15Abr19,5.26
16Abr19,5.29
17Abr19,5.27
18Abr19,n.d.
19Abr19,n.d.
22Abr19,5.26
23Abr19,5.22
24Abr19,5.26
25Abr19,5.26
26Abr19,5.21
29Abr19,5.17
30Abr19,5.14
01May19,n.d.
02May19,5.18
03May19,5.16
06May19,5.18
07May19,5.21
08May19,5.21
09May19,5.24
10May19,5.20
13May19,5.23
14May19,5.19
15May19,5.16
16May19,5.16
17May19,5.15
20May19,5.13
21May19,5.11
22May19,5.13
23May19,5.11
24May19,5.07
27May19,5.07
28May19,5.02
29May19,5.01
30May19,5.04
31May19,5.05
03Jun19,5.07
04Jun19,5.03
05Jun19,5.06
06Jun19,5.01
07Jun19,4.95
10Jun19,5.01
11Jun19,4.94
12Jun19,4.86
13Jun19,4.82
14Jun19,4.71
17Jun19,4.76
18Jun19,4.72
19Jun19,4.73
20Jun19,4.57
21Jun19,4.61
24Jun19,4.62
25Jun19,4.63
26Jun19,4.72
27Jun19,4.77
28Jun19,4.76
01Jul19,4.66
02Jul19,4.62
03Jul19,4.55
04Jul19,4.54
05Jul19,4.55
08Jul19,4.53
09Jul19,4.54
10Jul19,4.54
11Jul19,4.56
12Jul19,4.54
15Jul19,4.46
16Jul19,4.44
17Jul19,4.37
18Jul19,4.29
19Jul19,4.24
22Jul19,4.25
23Jul19,4.28
24Jul19,4.33
25Jul19,4.28
26Jul19,4.28
29Jul19,n.d.
30Jul19,n.d.
31Jul19,4.41
01Ago19,4.41
02Ago19,4.44
05Ago19,4.48
06Ago19,4.38
07Ago19,4.34
08Ago19,4.32
09Ago19,4.20
12Ago19,4.12
13Ago19,4.11
14Ago19,4.11
15Ago19,4.14
16Ago19,4.10
19Ago19,4.18
20Ago19,4.17
21Ago19,4.17
22Ago19,4.17
23Ago19,4.16
26Ago19,4.20
27Ago19,4.20
28Ago19,4.18
29Ago19,n.d.
30Ago19,n.d.
02Set19,4.20
03Set19,4.16
04Set19,4.09
05Set19,4.08
06Set19,4.05
09Set19,4.06
10Set19,4.08
11Set19,4.05
12Set19,4.05
13Set19,4.09
16Set19,4.15
17Set19,4.16
18Set19,4.18
19Set19,4.22
20Set19,4.21
23Set19,4.19
24Set19,4.17
25Set19,4.21
26Set19,4.25
27Set19,4.30
30Set19,4.25
01Oct19,4.18
02Oct19,4.22
03Oct19,4.16
04Oct19,4.12
07Oct19,4.07
08Oct19,n.d.
09Oct19,4.02
10Oct19,3.93
11Oct19,4.00
14Oct19,3.98
15Oct19,4.04
16Oct19,3.94
17Oct19,3.92
18Oct19,3.95
21Oct19,4.01
22Oct19,4.06
23Oct19,4.09
24Oct19,4.10
25Oct19,4.14
28Oct19,4.19
29Oct19,4.19
30Oct19,4.25
31Oct19,n.d.
01Nov19,n.d.
04Nov19,4.16
05Nov19,4.19
06Nov19,4.22
07Nov19,4.27
08Nov19,4.19
11Nov19,4.21
12Nov19,4.26
13Nov19,4.40
14Nov19,4.36
15Nov19,4.26
18Nov19,4.27
19Nov19,4.22
20Nov19,4.23
21Nov19,4.22
22Nov19,4.23
25Nov19,4.20
26Nov19,4.18
27Nov19,4.24
28Nov19,4.21
29Nov19,4.27
02Dic19,4.27
03Dic19,4.23
04Dic19,4.21
05Dic19,4.25
06Dic19,4.27
09Dic19,4.23
10Dic19,4.19
11Dic19,4.19
12Dic19,4.21
13Dic19,4.18
16Dic19,4.15
17Dic19,4.18
18Dic19,4.20
19Dic19,4.61
20Dic19,4.59
23Dic19,4.58
24Dic19,4.56
25Dic19,n.d.
26Dic19,4.55
27Dic19,4.56
30Dic19,4.62
31Dic19,4.64
01Ene20,n.d.
02Ene20,4.56
03Ene20,4.57
06Ene20,4.55
07Ene20,4.53
08Ene20,4.57
09Ene20,4.57
10Ene20,4.55
13Ene20,4.56
14Ene20,4.57
15Ene20,4.56
16Ene20,4.56
17Ene20,4.53
20Ene20,4.51
21Ene20,4.47
22Ene20,4.48
23Ene20,4.48
24Ene20,4.47
27Ene20,4.48
28Ene20,4.39
29Ene20,4.37
30Ene20,4.37
31Ene20,4.36
03Feb20,4.30
04Feb20,4.30
05Feb20,4.28
06Feb20,4.31
07Feb20,4.30
10Feb20,4.28
11Feb20,4.29
12Feb20,4.29
13Feb20,4.29
14Feb20,4.27
17Feb20,4.22
18Feb20,4.18
19Feb20,4.19
20Feb20,4.21
21Feb20,4.21
24Feb20,4.14
25Feb20,4.15
26Feb20,4.19
27Feb20,4.23
28Feb20,4.52
02Mar20,4.28
03Mar20,4.18
04Mar20,4.05
05Mar20,4.05
06Mar20,4.10
09Mar20,4.22
10Mar20,4.33
11Mar20,4.51
12Mar20,5.21
13Mar20,5.22
16Mar20,6.00
17Mar20,5.87
18Mar20,6.50
19Mar20,6.10
20Mar20,5.90
23Mar20,6.10
24Mar20,6.00
25Mar20,5.10
26Mar20,4.80
27Mar20,4.95
30Mar20,5.20
31Mar20,5.25
01Abr20,5.70
02Abr20,5.81
03Abr20,5.90
06Abr20,5.95
07Abr20,5.55
08Abr20,5.43
09Abr20,n.d.
10Abr20,n.d.
13Abr20,4.90
14Abr20,4.52
15Abr20,4.75
16Abr20,4.70
17Abr20,4.65
20Abr20,4.64
21Abr20,4.75
22Abr20,4.72
23Abr20,4.70
24Abr20,4.72
27Abr20,4.76
28Abr20,4.82
29Abr20,4.74
30Abr20,4.80
01May20,n.d.
04May20,4.90
05May20,4.73
06May20,4.77
07May20,4.70
08May20,4.44
11May20,4.39
12May20,4.38
13May20,4.40
14May20,4.41
15May20,4.40
18May20,4.38
19May20,4.40
20May20,4.36
21May20,4.27
22May20,4.30
25May20,4.24
26May20,4.24
27May20,4.30
28May20,4.27
29May20,4.31
01Jun20,4.36
02Jun20,4.35
03Jun20,4.33
04Jun20,4.41
05Jun20,4.40
08Jun20,4.40
09Jun20,4.43
10Jun20,4.37
11Jun20,4.40
12Jun20,4.42
15Jun20,4.41
16Jun20,4.39
17Jun20,4.42
18Jun20,4.38
19Jun20,4.36
22Jun20,4.37
23Jun20,4.38
24Jun20,4.38
25Jun20,4.38
26Jun20,4.41
29Jun20,n.d.
30Jun20,4.44
01Jul20,4.44
02Jul20,4.47
03Jul20,4.49
06Jul20,4.50
07Jul20,4.45
08Jul20,4.38
09Jul20,4.34
10Jul20,4.36
13Jul20,4.34
14Jul20,4.37
15Jul20,4.30
16Jul20,4.24
17Jul20,4.14
20Jul20,4.14
21Jul20,4.16
22Jul20,4.16
23Jul20,4.11
24Jul20,4.04
27Jul20,4.01
28Jul20,n.d.
29Jul20,3.97
30Jul20,3.95
31Jul20,3.93
03Ago20,3.92
04Ago20,3.92
05Ago20,3.92
06Ago20,4.05
07Ago20,4.16
10Ago20,4.18
11Ago20,4.10
12Ago20,4.08
13Ago20,4.08
14Ago20,4.08
17Ago20,4.08
18Ago20,4.08
19Ago20,4.08
20Ago20,4.09
21Ago20,4.12
24Ago20,4.11
25Ago20,4.14
26Ago20,4.11
27Ago20,4.09
28Ago20,4.03
31Ago20,3.99
01Set20,4.02
02Set20,4.07
03Set20,4.12
04Set20,4.17
07Set20,4.20
08Set20,4.13
09Set20,4.05
10Set20,4.12
11Set20,4.20
14Set20,4.17
15Set20,4.16
16Set20,4.19
17Set20,4.16
18Set20,4.16
21Set20,4.20
22Set20,4.28
23Set20,4.34
24Set20,4.30
25Set20,4.23
28Set20,4.27
29Set20,4.24
30Set20,4.33
01Oct20,4.30
02Oct20,4.32
05Oct20,4.27
06Oct20,4.25
07Oct20,4.22
08Oct20,4.10
09Oct20,4.04
12Oct20,4.08
13Oct20,4.15
14Oct20,4.12
15Oct20,4.15
16Oct20,4.17
19Oct20,4.19
20Oct20,4.27
21Oct20,4.34
22Oct20,4.30
23Oct20,4.21
26Oct20,4.21
27Oct20,4.17
28Oct20,4.24
29Oct20,4.20
30Oct20,4.22
02Nov20,4.17
03Nov20,4.05
04Nov20,4.00
05Nov20,3.85
06Nov20,3.94
09Nov20,3.94
10Nov20,4.00
11Nov20,4.08
12Nov20,4.09
13Nov20,4.16
16Nov20,4.24
17Nov20,4.07
18Nov20,4.05
19Nov20,4.07
20Nov20,4.02
23Nov20,4.00
24Nov20,3.95
25Nov20,3.94
26Nov20,3.88
27Nov20,3.90
30Nov20,3.91
01Dic20,3.92
02Dic20,3.90
03Dic20,3.87
04Dic20,3.81
07Dic20,3.76
08Dic20,n.d.
09Dic20,3.72
10Dic20,3.69
11Dic20,3.67
14Dic20,3.66
15Dic20,3.57
16Dic20,3.56
17Dic20,3.52
18Dic20,3.50
21Dic20,3.51
22Dic20,3.55
23Dic20,3.51
24Dic20,3.51
25Dic20,n.d.
28Dic20,3.51
29Dic20,3.51
30Dic20,3.52
31Dic20,3.50
01Ene21,n.d.
04Ene21,3.49
05Ene21,3.51
06Ene21,3.61
07Ene21,3.64
08Ene21,3.65
11Ene21,3.70
12Ene21,3.62
13Ene21,3.58
14Ene21,3.59
15Ene21,3.62
18Ene21,3.64
19Ene21,3.66
20Ene21,3.67
21Ene21,3.68
22Ene21,3.72
25Ene21,3.73
26Ene21,3.78
27Ene21,3.88
28Ene21,3.73
29Ene21,3.66
01Feb21,3.71
02Feb21,3.74
03Feb21,3.77
04Feb21,3.78
05Feb21,3.77
08Feb21,3.77
09Feb21,3.76
10Feb21,3.73
11Feb21,3.75
12Feb21,3.77
15Feb21,3.79
16Feb21,3.87
17Feb21,3.89
18Feb21,3.99
19Feb21,4.11
22Feb21,4.21
23Feb21,4.15
24Feb21,4.15
25Feb21,4.29
26Feb21,4.23
01Mar21,4.27
02Mar21,4.42
03Mar21,4.57
04Mar21,4.75
05Mar21,4.76
08Mar21,4.90
09Mar21,4.79
10Mar21,4.70
11Mar21,4.56
12Mar21,4.70
15Mar21,4.68
16Mar21,4.70
17Mar21,4.68
18Mar21,4.66
19Mar21,4.60
22Mar21,4.54
23Mar21,4.62
24Mar21,4.68
25Mar21,4.71
26Mar21,4.73
29Mar21,4.80
30Mar21,4.99
31Mar21,4.97
01Abr21,n.d.
02Abr21,n.d.
05Abr21,4.91
06Abr21,4.79
07Abr21,4.78
08Abr21,4.74
09Abr21,4.81
12Abr21,4.80
13Abr21,4.78
14Abr21,4.88
15Abr21,4.87
16Abr21,4.89
19Abr21,5.02
20Abr21,5.06
21Abr21,5.16
22Abr21,5.36
23Abr21,5.42
26Abr21,5.65
27Abr21,5.61
28Abr21,5.47
29Abr21,5.40
30Abr21,5.40
03May21,5.43
04May21,5.39
05May21,5.31
06May21,5.12
07May21,5.05
10May21,4.88
11May21,4.89
12May21,4.92
13May21,4.79
14May21,4.80
17May21,4.89
18May21,4.95
19May21,4.99
20May21,4.97
21May21,4.85
24May21,4.98
25May21,4.98
26May21,5.08
27May21,4.93
28May21,4.82
31May21,4.77
01Jun21,4.85
02Jun21,4.89
03Jun21,4.84
04Jun21,4.68
07Jun21,5.00
08Jun21,4.92
09Jun21,5.15
10Jun21,5.08
11Jun21,5.15
14Jun21,5.30
15Jun21,5.40
16Jun21,5.41
17Jun21,5.42
18Jun21,5.55
21Jun21,5.77
22Jun21,5.68
23Jun21,5.72
24Jun21,5.64
25Jun21,5.57
28Jun21,5.35
29Jun21,n.d.
30Jun21,5.37
01Jul21,5.41
02Jul21,5.50
05Jul21,5.61
06Jul21,5.62
07Jul21,5.80
08Jul21,5.75
09Jul21,5.85
12Jul21,n.d.
13Jul21,5.85
14Jul21,5.75
15Jul21,5.67
16Jul21,5.56
19Jul21,5.65
20Jul21,5.62
21Jul21,5.55
22Jul21,5.41
23Jul21,5.46
26Jul21,5.38
27Jul21,5.47
28Jul21,n.d.
29Jul21,n.d.
30Jul21,6.45
02Ago21,6.05
03Ago21,5.87
04Ago21,6.04
05Ago21,6.09
06Ago21,6.34
09Ago21,6.45
10Ago21,6.36
11Ago21,6.40
12Ago21,6.50
13Ago21,6.38
16Ago21,6.45
17Ago21,6.49
18Ago21,6.48
19Ago21,6.66
20Ago21,6.80
23Ago21,6.69
24Ago21,6.44
25Ago21,6.49
26Ago21,6.30
27Ago21,6.09
30Ago21,n.d.
31Ago21,6.09
01Set21,6.15
02Set21,6.26
03Set21,6.25
06Set21,6.25
07Set21,6.30
08Set21,6.40
09Set21,6.40
10Set21,6.46
13Set21,6.43
14Set21,6.37
15Set21,6.43
16Set21,6.40
17Set21,6.36
20Set21,6.30
21Set21,6.27
22Set21,6.27
23Set21,6.27
24Set21,6.30
27Set21,6.38
28Set21,6.41
29Set21,6.43
30Set21,6.44
01Oct21,6.37
04Oct21,6.33
05Oct21,6.18
06Oct21,6.14
07Oct21,5.92
08Oct21,n.d.
11Oct21,5.95
12Oct21,5.76
13Oct21,5.78
14Oct21,5.71
15Oct21,5.83
18Oct21,5.95
19Oct21,5.90
20Oct21,5.92
21Oct21,5.94
22Oct21,5.88
25Oct21,5.88
26Oct21,5.95
27Oct21,5.95
28Oct21,5.83
29Oct21,5.82
01Nov21,n.d.
02Nov21,5.82
03Nov21,5.90
04Nov21,5.84
05Nov21,5.73
08Nov21,5.74
09Nov21,5.80
10Nov21,5.87
11Nov21,5.85
12Nov21,5.85
15Nov21,5.80
16Nov21,5.87
17Nov21,5.83
18Nov21,5.87
19Nov21,5.86
22Nov21,5.90
23Nov21,5.97
24Nov21,5.97
25Nov21,5.96
26Nov21,5.88
29Nov21,5.92
30Nov21,5.95
01Dic21,5.98
02Dic21,5.98
03Dic21,5.98
06Dic21,5.96
07Dic21,5.91
08Dic21,n.d.
09Dic21,5.93
10Dic21,5.89
13Dic21,5.88
14Dic21,5.89
15Dic21,5.91
16Dic21,5.90
17Dic21,5.92
20Dic21,5.95
21Dic21,6.00
22Dic21,5.97
23Dic21,5.94
24Dic21,5.92
27Dic21,5.89
28Dic21,5.86
29Dic21,5.90
30Dic21,5.93
31Dic21,5.87
03Ene22,5.94
04Ene22,5.96
05Ene22,6.00
06Ene22,6.02
07Ene22,6.05
10Ene22,6.12
11Ene22,6.05
12Ene22,6.04
13Ene22,6.07
14Ene22,6.12
17Ene22,6.13
18Ene22,6.19
19Ene22,6.16
20Ene22,6.09
21Ene22,6.04
24Ene22,6.08
25Ene22,6.08
26Ene22,6.08
27Ene22,6.10
28Ene22,6.11
31Ene22,6.13
01Feb22,6.15
02Feb22,6.08
03Feb22,6.08
04Feb22,6.10
07Feb22,6.12
08Feb22,6.07
09Feb22,6.04
10Feb22,6.10
11Feb22,6.08
14Feb22,6.08
15Feb22,6.10
16Feb22,6.06
17Feb22,6.00
18Feb22,6.03
21Feb22,6.05
22Feb22,6.00
23Feb22,6.00
24Feb22,6.04
25Feb22,6.07
28Feb22,6.17
01Mar22,6.22
02Mar22,6.26
03Mar22,6.33
04Mar22,6.45
07Mar22,6.64
08Mar22,6.67
09Mar22,6.65
10Mar22,6.72
11Mar22,6.65
14Mar22,6.72
15Mar22,6.67
16Mar22,6.63
17Mar22,6.56
18Mar22,6.52
21Mar22,6.57
22Mar22,6.61
23Mar22,6.61
24Mar22,6.75
25Mar22,6.90
28Mar22,6.81
29Mar22,6.65
30Mar22,6.61
31Mar22,6.55
01Abr22,6.72
04Abr22,6.79
05Abr22,6.86
06Abr22,6.94
07Abr22,6.93
08Abr22,6.98
11Abr22,7.08
12Abr22,7.20
13Abr22,7.29
14Abr22,n.d.
15Abr22,n.d.
18Abr22,7.39
19Abr22,7.48
20Abr22,7.56
21Abr22,7.67
22Abr22,7.75
25Abr22,8.00
26Abr22,8.06
27Abr22,7.80
28Abr22,7.72
29Abr22,7.87
02May22,8.00
03May22,7.94
04May22,7.94
05May22,8.16
06May22,8.41
09May22,8.40
10May22,8.24
11May22,8.16
12May22,8.06
13May22,8.00
16May22,7.91
17May22,7.99
18May22,8.00
19May22,7.93
20May22,7.88
23May22,7.86
24May22,7.73
25May22,7.58
26May22,7.50
27May22,7.48
30May22,7.51
31May22,7.64
01Jun22,7.63
02Jun22,7.70
03Jun22,7.73
06Jun22,7.85
07Jun22,7.77
08Jun22,7.83
09Jun22,7.85
10Jun22,7.92
13Jun22,8.08
14Jun22,8.12
15Jun22,8.05
16Jun22,7.92
17Jun22,7.88
20Jun22,7.80
21Jun22,7.85
22Jun22,7.88
23Jun22,7.78
24Jun22,7.83
27Jun22,7.85
28Jun22,7.84
29Jun22,n.d.
30Jun22,7.86
01Jul22,7.82
04Jul22,7.83
05Jul22,7.80
06Jul22,7.70
07Jul22,7.92
08Jul22,8.10
11Jul22,8.18
12Jul22,8.42
13Jul22,8.39
14Jul22,8.45
15Jul22,8.44
18Jul22,8.49
19Jul22,8.57
20Jul22,8.55
21Jul22,8.49
22Jul22,8.34
25Jul22,8.19
26Jul22,8.19
27Jul22,8.24
28Jul22,n.d.
29Jul22,n.d.
01Ago22,8.00
02Ago22,8.00
03Ago22,8.01
04Ago22,7.89
05Ago22,7.98
08Ago22,7.90
09Ago22,7.91
10Ago22,7.83
11Ago22,7.86
12Ago22,7.82
15Ago22,7.74
16Ago22,7.75
17Ago22,7.80
18Ago22,7.79
19Ago22,7.87
22Ago22,7.98
23Ago22,7.98
24Ago22,8.01
25Ago22,7.94
26Ago22,7.96
29Ago22,7.99
30Ago22,n.d.
31Ago22,7.98
01Set22,8.16
02Set22,8.13
05Set22,8.16
06Set22,8.28
07Set22,8.27
08Set22,8.26
09Set22,8.15
12Set22,8.08
13Set22,8.12
14Set22,8.17
15Set22,8.19
16Set22,8.19
19Set22,8.19
20Set22,8.28
21Set22,8.24
22Set22,8.28
23Set22,8.35
26Set22,8.48
27Set22,8.55
28Set22,8.64
29Set22,8.76
30Set22,8.80
03Oct22,8.70
04Oct22,8.68
05Oct22,n.d.
06Oct22,8.68
07Oct22,8.62
10Oct22,8.66
11Oct22,8.70
12Oct22,8.77
13Oct22,8.76
14Oct22,8.77
17Oct22,8.69
18Oct22,8.61
19Oct22,8.65
20Oct22,8.67
21Oct22,8.64
24Oct22,8.68
25Oct22,8.62
26Oct22,8.55
27Oct22,8.49
28Oct22,8.51
31Oct22,8.41
01Nov22,n.d.
02Nov22,8.23
03Nov22,8.24
04Nov22,8.13
07Nov22,7.94
08Nov22,7.74
09Nov22,7.71
10Nov22,7.53
11Nov22,7.62
14Nov22,7.73
15Nov22,7.87
16Nov22,7.94
17Nov22,8.00
18Nov22,8.03
21Nov22,7.95
22Nov22,7.88
23Nov22,7.89
24Nov22,7.80
25Nov22,7.80
28Nov22,7.77
29Nov22,7.73
30Nov22,7.63
01Dic22,7.60
02Dic22,7.64
05Dic22,7.66
06Dic22,7.60
07Dic22,7.80
08Dic22,n.d.
09Dic22,n.d.
12Dic22,n.d.
13Dic22,7.72
14Dic22,7.79
15Dic22,7.82
16Dic22,7.96
19Dic22,8.07
20Dic22,8.06
21Dic22,8.00
22Dic22,7.97
23Dic22,7.97
26Dic22,7.94
27Dic22,7.93
28Dic22,7.97
29Dic22,7.98
30Dic22,7.98
02Ene23,n.d.
03Ene23,8.01
04Ene23,8.00
05Ene23,7.99
06Ene23,7.91
09Ene23,7.67
10Ene23,7.78
11Ene23,7.78
12Ene23,7.77
13Ene23,7.94
16Ene23,8.05
17Ene23,8.04
18Ene23,8.00
19Ene23,8.03
20Ene23,7.98
23Ene23,7.96
24Ene23,8.09
25Ene23,n.d.
26Ene23,n.d.
27Ene23,n.d.
30Ene23,8.05
31Ene23,8.09
01Feb23,7.95
02Feb23,7.80
03Feb23,7.80
06Feb23,7.84
07Feb23,7.84
08Feb23,7.88
09Feb23,7.87
10Feb23,7.77
13Feb23,n.d.
14Feb23,n.d.
15Feb23,7.88
16Feb23,7.94
17Feb23,7.86
20Feb23,n.d.
21Feb23,7.88
22Feb23,7.83
23Feb23,7.86
24Feb23,8.07
27Feb23,7.99
28Feb23,8.00
01Mar23,7.96
02Mar23,8.07
03Mar23,8.07
06Mar23,8.07
07Mar23,8.05
08Mar23,8.05
09Mar23,8.00
10Mar23,7.87
13Mar23,7.77
14Mar23,7.78
15Mar23,7.62
16Mar23,7.70
17Mar23,7.57
20Mar23,7.55
21Mar23,7.57
22Mar23,7.55
23Mar23,7.42
24Mar23,7.42
27Mar23,7.47
28Mar23,7.47
29Mar23,7.48
30Mar23,7.46
31Mar23,7.51
03Abr23,7.53
04Abr23,7.48
05Abr23,7.45
06Abr23,n.d.
07Abr23,n.d.
10Abr23,7.50
11Abr23,7.51
12Abr23,7.48
13Abr23,7.48
14Abr23,7.52
17Abr23,7.57
18Abr23,n.d.
19Abr23,n.d.
20Abr23,n.d.
21Abr23,n.d.
24Abr23,7.45
25Abr23,7.41
26Abr23,7.43
27Abr23,7.49
28Abr23,7.49
01May23,n.d.
02May23,7.51
03May23,7.44
04May23,7.43
05May23,7.33
08May23,7.26
09May23,7.19
10May23,7.14
11May23,7.19
12May23,7.19
15May23,7.11
16May23,7.24
17May23,7.27
18May23,7.31
19May23,7.41
22May23,7.44
23May23,7.35
24May23,7.33
25May23,7.29
26May23,7.21
29May23,7.21
30May23,7.15
31May23,7.05
01Jun23,7.23
02Jun23,7.27
05Jun23,7.29
06Jun23,7.29
07Jun23,7.31
08Jun23,7.22
09Jun23,7.16
12Jun23,7.13
13Jun23,7.13
14Jun23,7.09
15Jun23,7.08
16Jun23,7.02
19Jun23,6.95
20Jun23,6.93
21Jun23,6.92
22Jun23,6.96
23Jun23,6.95
26Jun23,6.95
27Jun23,6.94
28Jun23,6.88
29Jun23,n.d.
30Jun23,6.85
03Jul23,6.66
04Jul23,6.60
05Jul23,6.66
06Jul23,6.79
07Jul23,6.78
10Jul23,6.80
11Jul23,n.d.
12Jul23,n.d.
13Jul23,6.67
14Jul23,6.73
17Jul23,6.78
18Jul23,6.79
19Jul23,6.76
20Jul23,6.79
21Jul23,6.83
24Jul23,6.83
25Jul23,6.78
26Jul23,6.76
27Jul23,6.81
28Jul23,n.d.
31Jul23,6.72
01Ago23,6.74
02Ago23,6.82
03Ago23,6.94
04Ago23,6.89
07Ago23,6.88
08Ago23,6.81
09Ago23,6.76
10Ago23,6.68
11Ago23,6.68
14Ago23,6.74
15Ago23,6.77
16Ago23,6.80
17Ago23,6.90
18Ago23,6.98
21Ago23,7.08
22Ago23,7.07
23Ago23,6.96
24Ago23,6.91
25Ago23,6.90
28Ago23,6.84
29Ago23,6.74
30Ago23,n.d.
31Ago23,6.68
01Set23,6.79
04Set23,6.87
05Set23,6.88
06Set23,6.98
07Set23,6.93
08Set23,6.85
11Set23,6.83
12Set23,6.83
13Set23,6.83
14Set23,6.81
15Set23,6.75
18Set23,6.79
19Set23,6.91
20Set23,6.88
21Set23,7.02
22Set23,6.97
25Set23,7.15
26Set23,7.22
27Set23,7.45
28Set23,7.37
29Set23,7.23
02Oct23,7.34
03Oct23,7.48
04Oct23,7.50
05Oct23,7.57
06Oct23,7.56
09Oct23,7.52
10Oct23,7.48
11Oct23,7.53
12Oct23,7.65
13Oct23,7.68
16Oct23,7.72
17Oct23,7.69
18Oct23,7.72
19Oct23,7.75
20Oct23,7.76
23Oct23,7.73
24Oct23,7.66
25Oct23,7.71
26Oct23,7.68
27Oct23,7.69
30Oct23,7.66
31Oct23,7.66
01Nov23,n.d.
02Nov23,7.32
03Nov23,7.29
06Nov23,7.25
07Nov23,7.23
08Nov23,7.14
09Nov23,7.16
10Nov23,7.18
13Nov23,7.20
14Nov23,7.08
15Nov23,7.13
16Nov23,7.11
17Nov23,7.12
20Nov23,7.08
21Nov23,7.06
22Nov23,7.09
23Nov23,7.15
24Nov23,7.18
27Nov23,7.22
28Nov23,7.24
29Nov23,7.18
30Nov23,7.20
01Dic23,7.10
04Dic23,7.10
05Dic23,7.04
06Dic23,6.88
07Dic23,6.92
08Dic23,n.d.
11Dic23,7.06
12Dic23,7.08
13Dic23,6.97
14Dic23,6.75
15Dic23,6.77
18Dic23,6.80
19Dic23,6.82
20Dic23,6.79
21Dic23,6.80
22Dic23,6.80
25Dic23,n.d.
26Dic23,6.79
27Dic23,6.68
28Dic23,6.66
29Dic23,6.69
01Ene24,n.d.
02Ene24,n.d.
03Ene24,6.78
04Ene24,6.84
05Ene24,6.85
08Ene24,6.82
09Ene24,6.79
10Ene24,6.72
11Ene24,6.63
12Ene24,6.55
15Ene24,6.56
16Ene24,6.59
17Ene24,6.67
18Ene24,6.69
19Ene24,6.66
22Ene24,6.61
23Ene24,6.63
24Ene24,6.65
25Ene24,6.64
26Ene24,6.68
29Ene24,6.66
30Ene24,6.65
31Ene24,6.60
01Feb24,6.53
02Feb24,6.70
05Feb24,6.93
06Feb24,6.74
07Feb24,6.70
08Feb24,6.73
09Feb24,6.71
12Feb24,6.71
13Feb24,6.77
14Feb24,6.74
15Feb24,6.70
16Feb24,6.70
19Feb24,6.70
20Feb24,6.71
21Feb24,6.74
22Feb24,6.76
23Feb24,6.81
26Feb24,6.89
27Feb24,6.86
28Feb24,6.84
29Feb24,6.86
01Mar24,6.83
04Mar24,6.88
05Mar24,6.90
06Mar24,6.95
07Mar24,6.94
08Mar24,6.97
11Mar24,7.02
12Mar24,7.04
13Mar24,6.99
14Mar24,7.02
15Mar24,6.96
18Mar24,6.99
19Mar24,6.98
20Mar24,7.02
21Mar24,7.00
22Mar24,6.94
25Mar24,7.01
26Mar24,7.33
27Mar24,7.34
28Mar24,n.d.
29Mar24,n.d.
01Abr24,7.54
02Abr24,7.49
03Abr24,7.20
04Abr24,7.16
05Abr24,7.22
08Abr24,7.25
09Abr24,7.28
10Abr24,7.38
11Abr24,7.45
12Abr24,7.35
15Abr24,7.46
16Abr24,7.60
17Abr24,7.58
18Abr24,7.59
19Abr24,7.50
22Abr24,7.34
23Abr24,7.30
24Abr24,7.34
25Abr24,7.36
26Abr24,7.37
29Abr24,7.36
30Abr24,7.29
01May24,n.d.
02May24,7.22
03May24,7.10
06May24,7.10
07May24,7.05
08May24,7.13
09May24,7.13
10May24,7.12
13May24,7.09
14May24,7.11
15May24,7.06
16May24,7.06
17May24,7.06
20May24,7.07
21May24,7.05
22May24,7.09
23May24,7.12
24May24,7.09
27May24,7.04
28May24,7.11
29May24,7.11
30May24,7.13
31May24,7.06
03Jun24,7.00
04Jun24,7.00
05Jun24,7.01
06Jun24,6.99
07Jun24,n.d.
10Jun24,7.06
11Jun24,7.06
12Jun24,7.04
13Jun24,7.04
14Jun24,7.06
17Jun24,7.09
18Jun24,7.17
19Jun24,7.19
20Jun24,7.18
21Jun24,7.17
24Jun24,7.16
25Jun24,7.15
26Jun24,7.16
27Jun24,7.09
28Jun24,7.06
01Jul24,7.10
02Jul24,7.11
03Jul24,7.07
04Jul24,7.06
05Jul24,7.03
08Jul24,7.04
09Jul24,7.05
10Jul24,6.98
11Jul24,6.90
12Jul24,6.86
15Jul24,6.89
16Jul24,6.89
17Jul24,6.88
18Jul24,6.91
19Jul24,6.96
22Jul24,6.95
23Jul24,n.d.
24Jul24,6.98
25Jul24,6.96
26Jul24,n.d.
29Jul24,n.d.
30Jul24,6.93
31Jul24,6.90
01Ago24,6.79
02Ago24,6.69
05Ago24,6.73
06Ago24,n.d.
07Ago24,6.70
08Ago24,6.62
09Ago24,6.55
12Ago24,n.d.
13Ago24,n.d.
14Ago24,n.d.
15Ago24,n.d.
16Ago24,6.55
19Ago24,6.53
20Ago24,6.53
21Ago24,6.55
22Ago24,6.59
23Ago24,6.53
26Ago24,6.54
27Ago24,6.56
28Ago24,6.55
29Ago24,6.54
30Ago24,n.d.
02Set24,6.55
03Set24,6.55
04Set24,6.53
05Set24,6.52
06Set24,6.48
09Set24,6.43
10Set24,6.44
11Set24,6.40
12Set24,6.42
13Set24,6.39
16Set24,6.33
17Set24,6.29
18Set24,6.25
19Set24,6.22
20Set24,6.23
23Set24,6.25
24Set24,6.28
25Set24,6.29
26Set24,6.29
27Set24,6.24
30Set24,6.22
01Oct24,6.22
02Oct24,6.28
03Oct24,6.39
04Oct24,6.43
07Oct24,6.50
08Oct24,n.d.
09Oct24,6.53
10Oct24,6.51
11Oct24,6.43
14Oct24,6.41
15Oct24,6.36
16Oct24,6.37
17Oct24,6.43
18Oct24,6.44
21Oct24,6.59
22Oct24,6.64
23Oct24,6.67
24Oct24,6.61
25Oct24,6.63
28Oct24,6.66
29Oct24,6.77
30Oct24,6.80
31Oct24,6.82
01Nov24,n.d.
04Nov24,6.74
05Nov24,6.75
06Nov24,6.78
07Nov24,6.68
08Nov24,6.62
11Nov24,6.64
12Nov24,6.70
13Nov24,6.69
14Nov24,6.67
15Nov24,6.70
18Nov24,6.70
19Nov24,6.73
20Nov24,6.75
21Nov24,6.72
22Nov24,6.69
25Nov24,6.57
26Nov24,6.59
27Nov24,6.54
28Nov24,6.56
29Nov24,6.56
02Dic24,6.57
03Dic24,6.56
04Dic24,6.53
05Dic24,6.54
06Dic24,6.54
09Dic24,6.55
10Dic24,6.55
11Dic24,6.53
12Dic24,6.57
13Dic24,6.60
16Dic24,6.62
17Dic24,6.63
18Dic24,6.67
19Dic24,6.77
20Dic24,n.d.
23Dic24,6.74
24Dic24,6.73
25Dic24,n.d.
26Dic24,6.71
27Dic24,6.68
30Dic24,6.62
31Dic24,n.d.
01Ene25,n.d.
02Ene25,6.65
03Ene25,6.69
06Ene25,6.71
07Ene25,6.69
08Ene25,6.69
09Ene25,6.69
10Ene25,6.69
13Ene25,6.70
14Ene25,6.76
15Ene25,6.63
16Ene25,6.63
17Ene25,6.63
20Ene25,6.65
21Ene25,6.67
22Ene25,6.72
23Ene25,6.76
24Ene25,6.73
27Ene25,6.73
28Ene25,6.71
29Ene25,6.69
30Ene25,6.66
31Ene25,6.70
03Feb25,6.67
04Feb25,6.63
05Feb25,6.60
06Feb25,6.52
07Feb25,6.46
10Feb25,6.42
11Feb25,6.47
12Feb25,6.53
13Feb25,6.49
14Feb25,6.46
17Feb25,6.46
18Feb25,6.48
19Feb25,6.49
20Feb25,6.47
21Feb25,6.43
24Feb25,6.42
25Feb25,6.36
26Feb25,6.33
27Feb25,6.34
28Feb25,6.42
03Mar25,6.44
04Mar25,6.44
05Mar25,6.47
06Mar25,6.45
07Mar25,6.46
10Mar25,6.48
11Mar25,6.48
12Mar25,6.47
13Mar25,6.45
14Mar25,6.42
17Mar25,6.36
18Mar25,6.39
19Mar25,6.39
20Mar25,6.42
21Mar25,6.42
24Mar25,6.48
25Mar25,6.51
26Mar25,6.58
27Mar25,6.68
28Mar25,6.71
31Mar25,6.69
01Abr25,6.69
02Abr25,6.61
03Abr25,6.43
04Abr25,6.39
07Abr25,6.55
08Abr25,6.61
09Abr25,6.59
10Abr25,6.67
11Abr25,6.63
14Abr25,6.63
15Abr25,6.64
16Abr25,6.63
17Abr25,n.d.
18Abr25,n.d.
21Abr25,6.67
22Abr25,6.71
23Abr25,6.66
24Abr25,6.63
25Abr25,6.63
28Abr25,6.63
29Abr25,6.53
30Abr25,6.55
01May25,n.d.
02May25,6.57
05May25,6.60
06May25,6.59
07May25,6.53
08May25,6.54
09May25,6.40
12May25,6.39
13May25,6.37
14May25,6.42
15May25,6.37
16May25,6.41
19May25,6.43
20May25,6.48
21May25,6.54
22May25,6.57
23May25,6.58
26May25,6.54
27May25,6.48
28May25,6.46
29May25,6.45
30May25,6.50
02Jun25,6.51
03Jun25,6.52
04Jun25,6.45
05Jun25,6.59
06Jun25,6.63
09Jun25,6.61
10Jun25,6.58
11Jun25,6.49
12Jun25,6.35
13Jun25,6.40
16Jun25,6.39
17Jun25,6.40
18Jun25,6.39
19Jun25,6.39
20Jun25,6.37
23Jun25,6.37
24Jun25,6.31
25Jun25,6.26
26Jun25,6.23
27Jun25,6.24
30Jun25,6.17
01Jul25,6.13
02Jul25,6.10
03Jul25,6.11
04Jul25,6.13
07Jul25,6.14
08Jul25,6.14
09Jul25,6.13
10Jul25,6.15
11Jul25,6.17
14Jul25,6.18
15Jul25,6.23
16Jul25,6.27
17Jul25,6.28
18Jul25,6.30
21Jul25,6.27
22Jul25,6.24
23Jul25,n.d.
24Jul25,6.21
25Jul25,6.18
28Jul25,n.d.
29Jul25,n.d.
30Jul25,6.18
31Jul25,6.21
01Ago25,6.12
04Ago25,6.08
05Ago25,6.04
06Ago25,5.97
07Ago25,5.97
08Ago25,5.98
11Ago25,5.96
12Ago25,5.94
13Ago25,5.93
14Ago25,5.95
15Ago25,5.96
18Ago25,6.01
19Ago25,6.01
20Ago25,6.06
21Ago25,6.10
22Ago25,6.01
25Ago25,6.05
26Ago25,6.06
27Ago25,6.05
28Ago25,6.04
29Ago25,6.02
01Set25,6.23
02Set25,6.26
03Set25,6.21
04Set25,6.18
05Set25,6.08
08Set25,6.07
09Set25,6.09
10Set25,6.02
11Set25,5.99
12Set25,6.00
15Set25,6.15
16Set25,6.21
17Set25,6.15
18Set25,6.14
19Set25,6.14
22Set25,6.14
23Set25,6.13
24Set25,6.14
25Set25,6.15
26Set25,6.15
29Set25,6.09
30Set25,6.05
01Oct25,6.05
02Oct25,6.05
03Oct25,6.09
06Oct25,6.15
07Oct25,6.12
08Oct25,n.d.
09Oct25,6.18
10Oct25,6.23
13Oct25,6.23
14Oct25,6.21
15Oct25,6.17
16Oct25,6.14
17Oct25,6.12
20Oct25,6.08
21Oct25,6.07
22Oct25,6.10
23Oct25,6.09
24Oct25,6.04
27Oct25,6.05
28Oct25,6.01
29Oct25,6.04
30Oct25,6.05
31Oct25,6.06
03Nov25,6.06
04Nov25,6.06
05Nov25,6.05
06Nov25,6.01
07Nov25,6.04
10Nov25,6.05
11Nov25,6.05
12Nov25,6.04
13Nov25,6.05
14Nov25,6.09
17Nov25,6.08
18Nov25,6.04
19Nov25,5.99
20Nov25,6.00
21Nov25,5.94
24Nov25,5.92
25Nov25,5.90
26Nov25,5.90
27Nov25,5.91
28Nov25,5.91
01Dic25,5.94
02Dic25,5.93
03Dic25,5.87
04Dic25,5.85
05Dic25,5.79
08Dic25,n.d.
09Dic25,n.d.
10Dic25,5.83
11Dic25,5.81
12Dic25,5.83
15Dic25,5.76
16Dic25,5.73
17Dic25,5.74
18Dic25,5.75
19Dic25,5.83
22Dic25,5.90
23Dic25,5.86
24Dic25,5.80
25Dic25,n.d.
26Dic25,n.d.
29Dic25,5.89
30Dic25,5.81
31Dic25,5.80
01Ene26,n.d.
02Ene26,n.d.
05Ene26,5.82
06Ene26,5.85
07Ene26,5.86
08Ene26,5.89
09Ene26,5.94
12Ene26,5.95
13Ene26,5.91
14Ene26,5.93
15Ene26,5.97
16Ene26,5.97
19Ene26,5.96
20Ene26,5.92
21Ene26,5.87
22Ene26,5.89
23Ene26,5.88
26Ene26,5.89
27Ene26,5.85
28Ene26,5.80
29Ene26,5.77
30Ene26,5.79
02Feb26,5.80
03Feb26,5.80
04Feb26,5.81
05Feb26,5.73
06Feb26,5.77
09Feb26,5.81
10Feb26,5.80
11Feb26,5.82
12Feb26,5.81
13Feb26,5.80
16Feb26,5.78
17Feb26,5.76
18Feb26,5.78
19Feb26,5.81
20Feb26,5.83
23Feb26,5.79
24Feb26,5.79
25Feb26,5.83
26Feb26,5.85
27Feb26,5.85
02Mar26,5.92
03Mar26,5.99
04Mar26,6.01
05Mar26,6.09
06Mar26,6.14
09Mar26,6.15
10Mar26,6.08
11Mar26,6.09
12Mar26,6.14
13Mar26,6.24
16Mar26,6.26
17Mar26,6.21
18Mar26,6.21
19Mar26,6.31
20Mar26,6.38
23Mar26,6.26
24Mar26,6.33
25Mar26,6.36
26Mar26,6.46
27Mar26,6.54
30Mar26,6.60
31Mar26,6.55
01Abr26,6.55
02Abr26,n.d.
03Abr26,n.d.
06Abr26,6.55
07Abr26,6.55
08Abr26,6.26
09Abr26,6.11
10Abr26,6.11
13Abr26,6.05
14Abr26,6.09
15Abr26,6.29
16Abr26,6.11
17Abr26,6.05
20Abr26,6.03
21Abr26,6.06
22Abr26,6.19
23Abr26,6.20
24Abr26,6.17
27Abr26,6.23
28Abr26,6.20
29Abr26,6.24
30Abr26,6.22
01May26,n.d.
04May26,6.25
05May26,6.27
06May26,6.20
07May26,6.21
08May26,6.21
11May26,6.22
12May26,6.21
13May26,6.21
14May26,6.24
15May26,6.30
18May26,6.32
19May26,6.35
20May26,6.30
21May26,6.26
22May26,6.27
25May26,6.25
26May26,6.27
27May26,6.25
28May26,6.25
29May26,6.19
01Jun26,6.12
02Jun26,6.03
03Jun26,6.05
04Jun26,6.00
05Jun26,6.25
08Jun26,6.10
09Jun26,5.95
10Jun26,6.02
11Jun26,6.05
12Jun26,6.00
15Jun26,6.02
16Jun26,6.05
17Jun26,6.10
18Jun26,6.11
19Jun26,6.14
22Jun26,6.13
23Jun26,6.09
24Jun26,6.08
25Jun26,6.13
26Jun26,6.09
29Jun26,n.d.
30Jun26,6.08
01Jul26,6.07
02Jul26,6.07
03Jul26,6.08
06Jul26,6.10
07Jul26,6.10
08Jul26,6.15
09Jul26,6.12
10Jul26,6.09
13Jul26,6.09
14Jul26,6.03
15Jul26,6.01
16Jul26,6.02
17Jul26,6.05
20Jul26,6.05
21Jul26,6.03
22Jul26,6.04
23Jul26,n.d.
24Jul26,6.05
27Jul26,n.d.
28Jul26,n.d.
29Jul26,n.d.
30Jul26,6.05
31Jul26,6.11
03Ago26,6.18
04Ago26,6.19
05Ago26,6.18
06Ago26,n.d.
07Ago26,6.15
10Ago26,6.14
11Ago26,6.13
12Ago26,6.09
13Ago26,6.08
14Ago26,6.09
17Ago26,6.10
18Ago26,6.19
19Ago26,6.17
20Ago26,6.27
21Ago26,6.26
24Ago26,6.26
25Ago26,6.24
26Ago26,6.24
27Ago26,6.26
28Ago26,6.26
31Ago26,6.31
01Set26,6.33
02Set26,6.34
03Set26,6.33
04Set26,6.34
07Set26,6.35
08Set26,6.36
09Set26,6.38
10Set26,6.48
11Set26,6.49
14Set26,6.53
15Set26,6.59
16Set26,6.60
17Set26,6.59
18Set26,6.60
21Set26,6.56
22Set26,6.52
23Set26,6.62
24Set26,6.67
